company_id,industry,company_size,mrr_usd,contract_type,tenure_months,active_users,api_calls_per_month,support_tickets_last_30d,feature_adoption_rate,last_login_days_ago,churn
50f64267,Finance,16,50.0,1 Year,12,5,91426,2,0.706,2,0
75e23810,Manufacturing,131,1089.74,2 Year,10,32,55454,1,0.586,12,0
ff955ce7,Technology,387,3276.11,Month-to-Month,5,143,101423,1,0.599,31,1
23ec8b06,E-commerce,8,463.52,Month-to-Month,23,3,8786,2,0.44,4,0
3021974f,Finance,712,6827.04,1 Year,16,369,72395,2,0.678,3,0
cde2f3ea,Finance,45,50.0,2 Year,49,13,44161,1,0.515,4,0
a3eae9b3,Healthcare,12,1351.89,Month-to-Month,1,5,38838,3,0.591,1,1
d73095a7,Technology,170,1414.7,Month-to-Month,25,69,65263,9,0.503,6,0
cb327b6c,E-commerce,27,50.0,Month-to-Month,35,5,15945,2,0.44,7,0
ee265225,Technology,48,1315.81,Month-to-Month,35,15,3876,1,0.559,1,0
5cf96278,Healthcare,29,50.0,Month-to-Month,53,9,34869,1,0.837,2,0
eeb6d0a1,Manufacturing,16,728.3,Month-to-Month,32,9,17986,3,0.505,2,0
57f1e428,Technology,161,1316.28,1 Year,64,73,14812,1,0.575,9,0
32fbd03d,Finance,35,50.0,2 Year,10,14,325865,2,0.547,12,0
732ceb62,Finance,6,912.86,2 Year,17,1,11023,1,0.473,3,0
2f463b12,Finance,124,1701.55,2 Year,1,25,13431,0,0.846,14,0
4db39a28,Finance,8,540.0,Month-to-Month,1,3,20314,1,0.328,23,1
bb178523,E-commerce,9,273.83,Month-to-Month,7,4,34358,0,0.583,7,0
d244d17d,E-commerce,326,3559.55,1 Year,3,106,101670,2,0.431,24,1
46b55f68,Finance,9,50.0,1 Year,8,3,9703,2,0.713,9,0
f38d0105,E-commerce,5,105.81,1 Year,5,1,47851,0,0.627,2,0
01fd84b6,Healthcare,138,915.62,Month-to-Month,1,57,22984,1,0.836,2,1
b7a77288,Finance,34,50.0,Month-to-Month,58,12,79706,1,0.747,8,0
98e0a3ac,Finance,39,595.48,Month-to-Month,1,18,46050,2,0.616,2,0
20e034fe,E-commerce,34,919.07,Month-to-Month,32,17,79260,3,0.749,0,0
4fc823ae,Technology,77,578.32,Month-to-Month,4,23,96582,10,0.767,3,1
4d8ada1f,Finance,17,63.99,2 Year,59,4,121594,3,0.417,0,0
57024685,E-commerce,499,4420.92,Month-to-Month,54,159,272186,0,0.755,22,0
85e173da,E-commerce,5,53.61,2 Year,26,2,48229,0,0.659,11,0
9436a8a5,Healthcare,106,1440.04,2 Year,27,46,50741,1,0.698,0,0
4a6e87f2,E-commerce,143,1825.76,1 Year,1,68,7574,1,0.518,0,0
07c0c669,Finance,17,442.59,2 Year,101,8,5551,2,0.429,0,0
572fe1bd,Healthcare,11,50.0,Month-to-Month,51,4,33435,1,0.393,15,1
502b2b7e,Manufacturing,251,2184.94,1 Year,55,106,59157,2,0.0,15,0
92ee0a62,Manufacturing,12,517.7,2 Year,26,6,14264,0,0.458,13,0
d40969cc,Technology,21,616.0,Month-to-Month,11,8,19812,2,1.0,1,0
c60d6d9d,Finance,206,1974.0,1 Year,54,94,60219,1,0.764,43,0
22211fbb,Healthcare,57,356.91,Month-to-Month,9,24,11891,0,0.664,18,1
8cec74a4,E-commerce,5,633.62,Month-to-Month,20,1,36841,1,0.792,10,0
5d583647,E-commerce,750,7320.03,2 Year,3,287,38676,1,0.548,11,0
70543973,Healthcare,24,612.97,1 Year,62,12,124417,1,0.522,4,0
42257b90,E-commerce,29,221.58,Month-to-Month,4,11,25731,0,0.542,8,1
e68199ef,Healthcare,80,276.23,2 Year,7,29,11820,2,0.453,4,0
d4974915,Manufacturing,139,2196.16,Month-to-Month,20,45,9551,1,0.469,12,0
c9ce6d06,Finance,1034,10400.03,2 Year,35,457,17347,1,0.597,4,0
8b572900,E-commerce,5,50.0,2 Year,24,1,16350,3,0.613,30,0
92f45d9d,Finance,188,1184.6,2 Year,7,81,69354,2,0.865,34,0
48f7fac6,E-commerce,166,1015.0,1 Year,1,69,45035,4,0.805,2,0
c3783793,E-commerce,44,253.54,1 Year,34,15,57352,2,0.303,17,0
cc6153fe,Finance,177,2732.56,1 Year,102,46,49752,2,0.541,1,0
aced937c,Manufacturing,221,1917.67,Month-to-Month,40,65,32816,3,0.379,2,0
30116a53,Technology,6,783.73,Month-to-Month,15,1,131746,0,0.078,3,1
008b99eb,Manufacturing,753,7464.62,Month-to-Month,57,225,85028,1,0.617,9,0
0afa02ae,Technology,5,50.0,1 Year,13,2,11838,2,0.715,25,0
937f8e02,E-commerce,9,50.0,1 Year,18,5,27553,2,0.614,3,0
605180b9,Manufacturing,36,50.0,1 Year,16,12,16976,2,0.687,5,0
0ab26743,Healthcare,979,9362.02,1 Year,15,353,68459,2,0.533,4,0
c64f4b4b,Finance,34,50.0,1 Year,36,11,21114,2,0.394,4,0
cd8bb02a,Healthcare,52,50.0,1 Year,18,25,51112,1,0.527,8,0
19db3a5f,Finance,467,5426.4,Month-to-Month,10,206,17280,2,0.874,11,0
0548b4b9,Finance,34,445.51,Month-to-Month,8,13,9415,3,0.675,5,0
e161c14e,Finance,9,50.0,Month-to-Month,1,2,461,3,0.296,16,1
90593d4f,Technology,29,400.88,1 Year,22,8,261278,0,0.626,8,0
d03686d5,Finance,426,3842.26,Month-to-Month,7,177,12391,0,0.855,3,0
cde5ea9c,Finance,60,50.0,1 Year,4,25,89262,0,0.752,4,0
b3e386bf,E-commerce,988,11358.35,Month-to-Month,26,393,86322,3,0.857,33,0
f7e38c08,Healthcare,165,1744.8,Month-to-Month,28,76,13456,0,0.302,9,0
1142f316,Technology,20,50.0,1 Year,34,5,26861,3,0.625,6,0
c17de668,Healthcare,58,50.0,Month-to-Month,17,24,90428,2,0.53,2,0
7f54b718,Manufacturing,15,50.0,1 Year,54,6,58528,3,0.719,7,0
1aa9e9b5,Technology,20,1027.25,2 Year,67,6,23092,0,0.43,0,0
d3b54c04,Finance,10000,100000.0,1 Year,40,3395,148933,1,0.427,5,0
cbf07684,Healthcare,251,2886.61,1 Year,25,117,20953,2,0.599,20,0
51079040,Technology,198,1422.46,1 Year,9,56,11917,1,0.416,5,0
7a14f3ac,Technology,21,964.99,Month-to-Month,98,13,7933,1,0.652,18,0
041f0e31,Technology,575,5974.89,1 Year,8,261,60418,2,0.192,0,0
58125455,Technology,284,3167.46,Month-to-Month,6,111,1471,1,0.835,1,0
f76a1a62,Healthcare,918,9403.09,Month-to-Month,15,344,93488,2,0.043,13,1
870ced62,Finance,853,7776.51,Month-to-Month,2,408,18136,1,0.781,13,0
04b82c15,Healthcare,5,50.0,1 Year,93,1,23086,2,0.484,10,0
a367c84a,Technology,10,50.0,1 Year,22,3,80931,1,0.31,25,1
25647e84,E-commerce,12,441.82,2 Year,20,6,84148,2,0.634,7,0
de617580,Finance,13,50.0,Month-to-Month,26,4,25542,3,0.777,12,0
a9ac3ed4,Healthcare,88,792.33,Month-to-Month,17,36,40352,3,0.832,3,0
7af066e0,Finance,23,141.7,1 Year,1,7,56848,2,0.825,9,0
e4ad9b7c,Finance,1222,12616.37,1 Year,23,520,58334,3,0.428,14,0
bfcace01,Technology,950,9837.34,Month-to-Month,31,435,38184,2,0.641,11,0
ee496885,E-commerce,54,50.0,Month-to-Month,13,30,92928,2,0.244,16,1
f2a773b8,Technology,1025,10973.34,1 Year,34,313,92081,3,0.616,5,0
495bde7a,E-commerce,508,4498.38,Month-to-Month,7,129,94458,2,0.668,3,0
33e382dc,Healthcare,27,816.12,1 Year,7,10,15613,1,0.525,3,0
a39fab03,Technology,5,50.0,1 Year,5,1,14846,2,0.233,16,0
10dfa775,Technology,39,471.96,Month-to-Month,12,15,7530,2,0.481,19,1
4c590897,E-commerce,20,312.99,Month-to-Month,46,9,87549,2,0.981,2,0
f8a8c135,Technology,74,838.85,2 Year,43,46,3128,2,0.678,4,0
f3f15180,E-commerce,62,957.25,Month-to-Month,12,22,7268,1,0.503,25,1
96c6c235,E-commerce,60,795.73,Month-to-Month,22,10,130326,1,0.568,0,0
bdb8f847,E-commerce,119,1581.82,1 Year,31,44,6683,1,0.677,4,0
4f7728ad,Healthcare,8,312.31,1 Year,7,3,6464,2,0.29,9,0
e4d8870c,Healthcare,101,377.77,1 Year,5,30,119904,2,0.301,1,0
dc8cc506,Healthcare,28,414.9,1 Year,86,11,18560,0,0.453,11,0
983a3170,E-commerce,73,448.07,2 Year,24,30,106609,2,0.498,3,0
e5a9db47,Finance,229,1735.37,Month-to-Month,96,97,23713,1,0.959,28,0
f5f39203,E-commerce,8,50.0,1 Year,10,3,23391,1,0.614,0,0
ea9abcac,Manufacturing,35,441.62,1 Year,30,13,7261,3,0.497,20,0
7595310c,Finance,45,574.84,Month-to-Month,7,20,125432,1,0.611,9,0
58afff7c,E-commerce,25,778.01,Month-to-Month,8,5,71708,1,0.195,9,0
ebafccfc,Technology,210,2753.65,1 Year,18,63,12786,4,0.419,0,0
1819606f,Finance,18,348.14,Month-to-Month,10,6,65060,3,0.45,23,1
0122eca2,Healthcare,23,488.55,2 Year,5,6,5473,0,0.396,18,0
6a661520,Finance,18,227.65,1 Year,8,7,37097,2,0.847,5,0
2b81158f,Finance,280,3183.61,1 Year,1,102,14669,1,0.732,6,0
6a0f48d2,Manufacturing,26,503.49,2 Year,30,9,95051,2,0.358,3,0
802bf278,Technology,108,1052.76,1 Year,17,52,35782,4,0.347,3,0
b366ab4d,E-commerce,1057,11645.99,1 Year,3,431,127049,2,0.348,6,0
3fca3d38,Technology,48,206.91,1 Year,5,13,43993,0,0.563,0,0
c8fa9d04,Technology,289,3617.23,1 Year,3,98,35056,1,0.64,0,0
ac796d54,Finance,669,6012.85,1 Year,23,317,59197,0,0.683,16,0
9205f963,Technology,254,2946.81,Month-to-Month,3,106,76617,3,0.397,4,0
618cc929,E-commerce,53,1248.28,2 Year,34,27,768,2,0.564,38,0
98086fb5,Technology,143,476.39,Month-to-Month,1,69,36936,2,0.589,0,0
558af755,Technology,7,139.48,1 Year,7,2,74742,1,0.839,27,0
70f7f3c6,Finance,16,517.71,Month-to-Month,54,8,26169,3,0.755,10,0
9f2e4752,Healthcare,22,345.98,1 Year,31,12,2308,1,0.313,3,0
bf3c5259,Finance,1573,15919.08,2 Year,2,348,885,7,0.223,3,0
44292510,E-commerce,16,228.11,2 Year,42,6,78957,1,0.578,31,0
7e1fb446,Technology,15,50.0,1 Year,17,5,11037,1,0.473,4,0
3dd781e1,Technology,11,1294.02,1 Year,46,4,9613,1,0.408,7,0
862565c1,Healthcare,126,1008.23,Month-to-Month,23,40,17093,2,0.449,30,1
e14d3a03,E-commerce,67,887.08,Month-to-Month,28,20,5388,2,0.716,2,0
fb9f5dff,E-commerce,278,2456.58,Month-to-Month,120,136,2737,1,0.299,2,0
259a0c2d,Finance,149,352.07,Month-to-Month,7,42,102887,1,0.97,2,0
1223a035,Healthcare,6,50.0,2 Year,24,2,18032,2,0.456,2,0
310f8f2a,Finance,16,50.0,Month-to-Month,15,4,43660,2,0.727,12,0
36d43e33,Manufacturing,423,4775.78,1 Year,1,222,97526,2,0.466,1,0
0d4fae60,Finance,40,96.57,2 Year,1,16,189622,0,0.296,0,0
599919e7,E-commerce,324,2982.95,1 Year,4,153,58316,2,0.571,12,0
c809c3a1,Technology,43,50.0,Month-to-Month,26,18,149950,4,0.349,33,0
360cbbb5,Finance,12,167.02,Month-to-Month,21,4,27540,2,0.629,7,0
1bc83464,Manufacturing,34,50.0,Month-to-Month,20,13,77923,0,0.595,4,0
b1787516,Manufacturing,12,616.18,1 Year,1,6,138711,2,0.461,0,0
ac119832,Finance,23,381.02,Month-to-Month,16,7,2731,1,0.63,8,0
449b0037,E-commerce,73,444.09,1 Year,63,10,19095,4,0.808,3,0
1eeeb8b5,Finance,117,1595.12,2 Year,13,37,67402,2,0.578,10,0
b85f2741,Finance,5,53.97,Month-to-Month,24,1,18936,2,0.454,31,0
27a7368d,Healthcare,53,540.75,Month-to-Month,37,26,858,2,0.68,0,0
87a0ad0a,E-commerce,22,50.0,1 Year,37,8,82259,2,0.688,11,0
8f7290b5,E-commerce,20,164.46,Month-to-Month,18,9,8999,1,0.543,11,0
4eb7267e,Healthcare,66,820.77,1 Year,47,26,19347,2,0.875,8,0
8f68804e,Finance,23,896.78,1 Year,12,9,120718,4,0.54,12,0
979c9896,Manufacturing,434,3964.05,Month-to-Month,53,180,11714,4,0.898,4,0
530a9f6f,Finance,324,4379.05,2 Year,7,177,112575,1,0.469,1,0
8b1279c3,Healthcare,321,3488.43,Month-to-Month,8,134,27456,3,0.77,0,0
2d1974fe,E-commerce,25,50.0,Month-to-Month,2,12,125132,4,0.556,5,0
325f1483,Manufacturing,12,50.0,2 Year,39,6,104718,1,0.654,16,0
e82f24ad,Finance,61,1320.5,Month-to-Month,13,23,26828,1,0.195,8,1
fe988e8f,E-commerce,43,1051.61,Month-to-Month,7,16,127470,1,1.0,1,0
70992cb9,Technology,21,219.05,2 Year,7,7,50081,3,0.663,3,0
2ca76f08,Finance,9,164.96,Month-to-Month,56,4,32276,3,0.803,10,0
507b793d,Technology,51,50.0,Month-to-Month,44,15,37824,1,0.324,26,0
a050eadb,Finance,29,950.72,1 Year,20,9,3269,2,0.634,19,0
d7cdd453,E-commerce,153,1036.12,Month-to-Month,23,56,82406,2,0.564,10,0
0c1ece60,E-commerce,148,1902.37,1 Year,16,42,17298,3,0.388,2,0
43cce8ea,E-commerce,284,3516.02,Month-to-Month,12,96,15747,1,0.857,20,0
8c0b7077,Healthcare,8,104.08,1 Year,60,4,62833,2,0.629,25,0
3b6064f9,Technology,99,1473.81,Month-to-Month,4,46,23165,1,0.589,23,1
f60ccbc3,Finance,18,1103.82,2 Year,14,6,36094,0,0.725,8,0
b07e86e3,Finance,8,213.98,Month-to-Month,11,3,27372,4,0.429,20,1
ffe509e7,Healthcare,28,192.35,1 Year,17,17,35123,0,0.632,15,0
b8e608b2,E-commerce,271,2676.57,2 Year,15,116,12562,2,0.618,9,0
c2f31ea1,E-commerce,31,50.0,Month-to-Month,18,16,108113,2,0.627,40,1
d07c0d99,Healthcare,571,5327.21,Month-to-Month,4,277,47103,4,0.805,2,0
33b2a500,E-commerce,124,1461.2,Month-to-Month,18,45,13309,5,0.515,9,0
2bcfafd3,Finance,30,218.03,2 Year,7,12,4800,0,0.494,0,0
023fe07d,E-commerce,311,3273.78,1 Year,5,140,38336,2,0.477,5,0
c85f8be4,Finance,106,315.03,2 Year,2,34,31566,5,0.469,17,0
92e2bb5b,E-commerce,13,83.69,1 Year,35,1,134773,5,0.82,2,0
ef12dd27,Finance,887,9385.06,Month-to-Month,14,280,13113,0,0.586,13,0
229ee892,Manufacturing,80,240.54,Month-to-Month,24,14,106686,2,0.805,14,0
dfe04aea,Healthcare,56,568.26,2 Year,32,18,72727,1,0.654,10,0
aed1d3b6,Finance,15,50.0,Month-to-Month,28,3,32361,0,0.425,22,1
c6c693d9,Healthcare,320,2547.27,Month-to-Month,16,156,103483,2,0.299,5,0
c5f6eba9,Manufacturing,118,1583.83,1 Year,12,33,98981,1,0.31,2,0
9365a701,Technology,140,1245.36,Month-to-Month,12,63,62661,2,0.422,10,0
ebe357ef,Finance,25,1161.04,Month-to-Month,25,11,5354,9,0.804,29,1
5ab262ed,E-commerce,190,2116.22,1 Year,17,89,8729,1,0.86,9,0
097047e3,Technology,214,2405.3,Month-to-Month,46,45,44775,3,0.619,21,0
05b1237c,E-commerce,20,50.0,Month-to-Month,50,10,14079,3,0.785,20,0
a4f367e2,E-commerce,6,50.0,1 Year,5,2,40055,3,0.489,0,0
0a8d55f5,Finance,130,933.68,1 Year,4,62,41138,3,0.474,0,0
0836c075,Healthcare,5,50.0,Month-to-Month,24,2,44226,1,0.754,8,0
b12dcde7,Technology,68,1011.95,Month-to-Month,9,32,42180,2,0.633,19,0
f4e3f57e,Manufacturing,27,702.26,2 Year,1,7,23842,2,0.747,4,0
383f4fcf,E-commerce,339,3589.47,Month-to-Month,53,157,11801,2,0.61,21,0
5c4e9149,Finance,30,50.0,Month-to-Month,7,7,36546,1,0.525,4,0
2b7c3c01,Finance,287,3035.37,Month-to-Month,64,112,34176,0,0.557,5,0
b5894d54,Technology,25,50.0,Month-to-Month,31,8,16092,2,0.661,3,0
8a9dc8ef,Technology,244,3101.5,1 Year,35,97,2626,4,0.648,5,0
900eb0be,Technology,1200,11350.92,2 Year,6,298,11506,1,0.414,6,0
6f5eebb7,Technology,11,50.0,Month-to-Month,7,2,40012,2,0.576,6,0
8f8f25a9,E-commerce,84,897.65,1 Year,18,29,38352,1,0.296,3,0
86f11cf2,Healthcare,3371,33812.08,2 Year,5,1273,7172,2,0.53,4,0
70f7a243,Finance,60,563.63,Month-to-Month,9,21,46576,2,0.416,9,0
960e7e42,Technology,59,50.0,Month-to-Month,10,32,27465,0,0.0,0,1
a25055ce,E-commerce,178,2346.67,1 Year,5,78,53018,2,1.0,7,0
8bba2b9b,Healthcare,58,50.0,Month-to-Month,6,25,109465,4,0.446,0,0
25ea1797,Healthcare,5,50.0,1 Year,38,1,18448,2,0.412,9,0
baebd11b,E-commerce,298,2926.51,1 Year,5,77,21332,0,0.925,4,0
5db8c18e,Healthcare,5,50.0,Month-to-Month,1,1,56476,1,0.366,6,1
16953d73,Finance,29,901.31,Month-to-Month,24,16,148949,4,0.31,16,1
23ff09d1,E-commerce,333,2740.89,Month-to-Month,90,140,33288,3,0.559,11,0
273836ce,E-commerce,31,1088.51,Month-to-Month,10,15,9273,3,0.501,26,0
41fb3111,E-commerce,19,707.56,Month-to-Month,4,9,136672,0,0.472,2,1
c27eb8e5,Finance,204,2657.53,1 Year,21,93,31722,3,0.417,5,0
996dfe4d,Technology,15,1093.55,Month-to-Month,57,6,30874,2,0.562,2,0
9271eeec,Finance,8,120.61,1 Year,37,2,38805,2,0.927,1,0
ac340d11,Finance,82,313.51,Month-to-Month,24,31,14551,2,0.278,10,0
0627a8f5,Technology,41,358.5,1 Year,10,14,76784,0,0.768,10,0
db00dcd0,E-commerce,8,50.0,2 Year,19,3,51227,5,0.907,6,0
59033277,Technology,141,1055.4,2 Year,3,36,154910,1,0.475,1,0
050bba27,E-commerce,109,1165.43,Month-to-Month,28,37,11400,0,0.675,8,0
3a53df1a,E-commerce,31,154.15,Month-to-Month,31,13,48265,1,0.576,7,0
318d71b7,Healthcare,35,50.0,Month-to-Month,81,11,36349,5,0.256,8,0
0e8bb012,Finance,110,977.3,Month-to-Month,8,33,112572,1,0.844,5,0
6637b09f,Finance,325,3524.49,2 Year,1,104,1541,4,0.607,0,0
754c4dd3,Finance,35,828.21,1 Year,19,13,71522,2,0.496,5,0
3bc4c983,Manufacturing,145,648.54,1 Year,30,23,48783,2,0.296,3,0
e751311f,Finance,127,1118.4,1 Year,38,41,46767,2,0.704,3,0
2baac6d8,Technology,204,1969.33,1 Year,6,101,104100,3,0.63,10,0
4acbf64b,E-commerce,57,50.0,1 Year,8,24,44555,1,0.721,11,0
ba74661b,Technology,13,70.15,Month-to-Month,18,5,62925,1,0.711,36,1
815dd05e,E-commerce,27,344.0,Month-to-Month,10,5,51881,0,0.437,10,0
20969ce3,E-commerce,91,1169.42,1 Year,48,32,3601,4,0.0,3,0
d572aeeb,E-commerce,835,8388.58,2 Year,16,324,5985,0,0.578,7,0
e00feb5b,Finance,26,50.0,Month-to-Month,39,11,20662,2,0.565,10,0
1496b6b3,Technology,182,2826.02,1 Year,21,93,56304,4,0.633,5,0
82f2b1e1,Finance,33,744.56,Month-to-Month,36,16,1340,1,0.904,10,0
467d325d,Healthcare,64,916.36,Month-to-Month,10,21,74051,1,0.59,17,0
73c22f6b,E-commerce,530,5802.42,Month-to-Month,43,182,11345,1,0.739,9,0
aea5b074,Finance,171,1832.3,1 Year,8,92,40994,0,0.675,1,0
12b6bc22,Manufacturing,8,723.15,Month-to-Month,19,2,11229,2,0.323,3,0
7c77e6cb,Manufacturing,23,258.44,1 Year,6,6,9677,1,0.342,33,0
c8c76463,Manufacturing,359,3590.87,Month-to-Month,16,136,20337,2,0.831,4,0
2e0e99a7,Finance,67,987.61,1 Year,10,35,127238,1,0.424,17,0
0ab87d7d,Healthcare,9,878.18,Month-to-Month,8,2,13580,5,0.674,1,0
94a76c8e,Manufacturing,15,906.02,Month-to-Month,82,5,2486,0,0.395,42,0
6761510f,E-commerce,156,1856.42,Month-to-Month,5,48,106957,1,0.749,2,0
ed2e8400,Manufacturing,242,2678.31,Month-to-Month,38,119,28895,0,0.649,32,0
33d1dc03,Manufacturing,56,908.02,Month-to-Month,100,24,48518,2,0.54,0,0
896d4df5,Technology,2237,22862.81,2 Year,1,1101,108480,0,0.733,8,0
70c2faf4,Finance,187,2519.37,Month-to-Month,29,104,70457,6,0.652,1,0
792e6245,Finance,37,251.71,1 Year,7,9,79605,3,0.456,10,0
2dd52605,Technology,16,819.03,1 Year,1,5,32705,1,0.602,22,1
20b81e5e,Finance,12,291.5,1 Year,13,4,58132,1,0.734,3,0
ffa817dd,Finance,90,1225.47,1 Year,66,36,165888,1,0.822,5,0
2ad87e6f,E-commerce,26,950.97,2 Year,1,11,110267,3,0.574,0,0
14e43f03,Manufacturing,672,7093.53,2 Year,22,235,47392,2,0.957,8,0
011955c8,E-commerce,492,5378.0,Month-to-Month,17,162,4461,1,0.451,9,0
012c979c,E-commerce,141,1215.29,1 Year,50,69,194860,1,0.289,9,0
f55f2297,Healthcare,9,839.16,Month-to-Month,3,4,12776,5,0.318,24,1
55149184,E-commerce,19,537.84,Month-to-Month,28,8,22373,6,0.598,0,0
6773ca51,Manufacturing,359,3653.03,Month-to-Month,28,66,7561,4,0.602,6,0
d19414a1,Healthcare,23,780.54,2 Year,27,11,9112,1,0.625,3,0
ecb64187,E-commerce,293,4223.92,1 Year,69,122,79427,5,0.466,2,0
764149cd,Technology,111,525.54,1 Year,42,42,6863,4,1.0,4,0
28d43da9,Technology,59,188.13,Month-to-Month,2,18,10497,6,0.902,27,1
e1caa080,E-commerce,19,1532.65,Month-to-Month,16,6,9406,0,0.371,2,0
87bed46b,Technology,47,683.35,Month-to-Month,13,14,23116,2,0.58,0,0
c9619f1a,Finance,72,815.43,1 Year,9,14,59320,2,0.61,5,0
a63f3783,Finance,256,2502.31,Month-to-Month,15,81,51618,2,0.737,3,0
cb310718,Technology,14,744.22,1 Year,12,3,64493,2,0.295,3,0
4cf9c3f0,Technology,36,1665.62,2 Year,14,14,64879,3,0.257,6,0
0caef1d1,Technology,58,247.41,2 Year,94,16,150,5,0.356,16,0
f934e72c,Manufacturing,147,1421.56,2 Year,3,69,57686,1,0.901,18,0
d6b06e25,E-commerce,13,50.0,Month-to-Month,62,3,57691,2,0.469,6,0
724e1bf6,E-commerce,7,436.43,2 Year,16,3,3206,4,0.762,18,0
373f943d,Technology,150,2111.2,2 Year,24,72,27854,2,0.718,1,0
6da3e71a,E-commerce,5,860.47,2 Year,43,1,4095,2,0.564,3,0
219a530c,Technology,375,4133.36,2 Year,11,146,10587,3,0.765,1,0
d39e4f04,Technology,43,1689.67,2 Year,14,13,33642,6,0.354,25,0
e4cff269,Technology,5,50.0,Month-to-Month,13,2,604,4,0.506,14,0
b48dd801,Finance,26,50.0,Month-to-Month,12,15,4991,3,0.157,14,1
5edfa6c7,Finance,96,1694.67,1 Year,63,49,4437,1,0.62,11,0
85b95073,Healthcare,24,301.42,1 Year,43,7,6650,3,0.442,0,0
5874f587,E-commerce,56,50.0,Month-to-Month,3,23,2553,3,1.0,2,0
4b8d73a2,Healthcare,165,1491.97,1 Year,3,91,47347,4,0.612,20,0
e5a79424,E-commerce,40,527.83,Month-to-Month,14,18,9837,0,0.764,6,0
10449e90,E-commerce,13,50.0,Month-to-Month,3,6,99244,2,0.731,13,0
c11ae6e9,Finance,34,50.0,Month-to-Month,24,15,108054,3,0.584,2,0
ff4bd385,E-commerce,455,4446.19,Month-to-Month,4,185,58726,0,0.798,0,0
4e88e277,Healthcare,683,6297.73,1 Year,18,268,3358,1,0.607,17,0
ad64b364,Healthcare,5,367.57,2 Year,1,1,111098,3,0.695,2,0
a63a9bdf,Technology,280,1828.1,1 Year,10,90,27123,4,1.0,2,0
1c437b73,Finance,79,835.21,1 Year,28,24,9990,4,0.638,5,0
653a5211,Healthcare,218,2439.75,Month-to-Month,16,79,75429,3,0.494,7,0
72a9ba06,E-commerce,23,184.73,1 Year,92,9,21285,2,0.458,9,0
a31ee638,Technology,5,596.61,2 Year,50,1,35268,4,0.583,25,0
5f6d662e,Finance,131,624.72,1 Year,11,55,67941,0,0.623,14,0
b9bbb13b,E-commerce,13,50.0,Month-to-Month,2,6,5330,3,0.612,7,1
f8f9a94e,Healthcare,6,50.0,2 Year,45,2,9289,2,0.284,1,0
3e74ceff,Healthcare,7,426.36,2 Year,59,3,172983,0,0.147,1,0
c6df7956,E-commerce,134,1449.25,Month-to-Month,42,68,62508,4,0.406,1,0
39bf5e7e,E-commerce,67,1741.68,Month-to-Month,4,29,13141,3,0.612,43,1
8b12503b,E-commerce,176,1357.11,Month-to-Month,120,60,42640,0,0.613,16,1
955d63c7,Technology,148,782.51,Month-to-Month,8,73,10411,2,0.691,0,0
d2ae2a3f,Manufacturing,29,1184.54,2 Year,31,12,100295,3,0.673,3,0
8111737e,E-commerce,49,50.0,2 Year,58,22,29766,2,0.5,3,0
ca5bb8e2,Finance,25,591.53,1 Year,7,13,82219,2,0.396,3,0
007d2503,Technology,39,50.0,1 Year,58,18,178627,1,0.704,0,0
708cedee,Finance,12,50.0,1 Year,9,6,197837,1,0.645,5,0
cc15f41d,E-commerce,98,792.61,Month-to-Month,90,37,7402,2,0.381,19,1
2905fa3a,Healthcare,273,3179.75,1 Year,8,97,144845,1,0.725,1,0
e2cfb5cf,Healthcare,16,50.0,2 Year,74,8,15755,4,0.791,0,0
39734b9c,Manufacturing,373,4018.05,2 Year,2,112,22284,4,0.758,10,0
db2e38ff,Technology,64,1021.43,Month-to-Month,30,37,3253,2,0.793,14,0
c75bb5c8,E-commerce,78,144.15,Month-to-Month,19,41,51866,1,0.45,2,0
61f912b0,E-commerce,5,50.0,Month-to-Month,16,2,51657,2,0.77,23,1
027f6733,Finance,5,838.54,1 Year,7,2,75037,0,0.568,11,0
52051072,Finance,67,995.3,1 Year,30,31,146179,0,1.0,6,0
37285a0e,Finance,178,1649.25,Month-to-Month,6,48,27945,1,0.779,16,1
dab88354,E-commerce,19,397.65,1 Year,20,6,26164,3,0.686,3,0
c8eb482e,Technology,668,6337.37,Month-to-Month,8,286,50959,4,0.943,3,0
584ff5e8,E-commerce,164,2196.85,Month-to-Month,75,68,55042,3,0.499,3,0
7b0dd02e,Finance,13,686.63,2 Year,1,6,29461,0,0.71,2,0
069c8e80,Manufacturing,57,630.45,Month-to-Month,6,24,125868,2,1.0,21,0
9e8f88f8,Technology,2242,22535.35,Month-to-Month,7,612,2679,1,0.763,4,0
86a1411b,E-commerce,8,50.0,Month-to-Month,13,2,70611,2,0.63,20,1
03b06e6b,E-commerce,120,523.98,Month-to-Month,7,56,11656,3,0.546,21,1
b8120aa1,E-commerce,33,141.7,1 Year,17,7,34192,0,0.406,1,0
ccffb0e7,Finance,157,1526.3,1 Year,50,40,95356,2,0.542,0,0
d1e8d6b8,Finance,365,4181.31,Month-to-Month,30,132,19994,2,0.436,34,0
959a4bd5,Technology,30,761.21,Month-to-Month,21,14,114971,0,0.554,2,0
b75c88d9,Healthcare,292,3012.42,Month-to-Month,3,110,29954,2,0.578,4,1
1ca42ca4,Healthcare,1528,15875.27,Month-to-Month,29,681,60659,2,0.798,1,0
327b2eeb,Healthcare,60,128.26,1 Year,5,24,64129,0,0.518,29,0
edc3da13,Healthcare,177,2308.67,Month-to-Month,38,68,15110,3,0.481,0,0
3c2fea08,Technology,22,50.0,Month-to-Month,7,7,115459,1,0.777,16,0
035772a4,Technology,56,1179.85,Month-to-Month,13,27,6654,2,0.739,19,0
b0cea67f,E-commerce,41,403.33,Month-to-Month,11,11,44588,1,0.551,25,1
749cfae4,Healthcare,180,800.86,Month-to-Month,47,67,132259,2,0.72,6,0
37dc35e3,E-commerce,332,3685.08,1 Year,4,170,1574,1,0.548,8,0
456988f1,E-commerce,46,864.77,Month-to-Month,21,14,37884,2,0.557,7,0
59d016d9,Finance,544,5211.71,Month-to-Month,4,132,14147,1,0.911,7,0
ca4aa177,E-commerce,541,5224.37,1 Year,30,101,10687,3,0.572,2,0
4caa2287,Finance,194,1860.23,1 Year,57,90,13313,1,0.519,8,0
937f8bf4,E-commerce,25,50.0,Month-to-Month,14,11,116491,0,0.604,3,0
b259cc72,E-commerce,21,50.0,Month-to-Month,17,7,27714,2,0.207,8,0
a0877b0d,Healthcare,16,810.81,1 Year,63,4,13452,1,0.566,17,0
b78de8cf,Finance,226,1847.97,1 Year,18,87,131248,4,0.651,0,0
ff88543b,E-commerce,8,1007.63,Month-to-Month,17,4,19402,1,0.996,19,0
290a36ce,E-commerce,150,2185.2,Month-to-Month,21,40,64271,1,0.618,5,0
01667c72,Technology,10,883.6,Month-to-Month,29,5,38520,0,0.688,9,0
af753e2e,E-commerce,187,1544.85,1 Year,3,43,56841,3,0.669,2,0
9cdf68c3,Finance,56,50.0,1 Year,42,16,10085,4,1.0,66,0
c10c70fd,Healthcare,403,3486.56,Month-to-Month,14,165,56742,3,0.801,9,0
7fd6111f,E-commerce,302,2796.77,Month-to-Month,2,149,118128,2,0.31,36,1
ce29350e,Healthcare,469,3503.39,2 Year,38,256,5318,2,0.846,14,0
762c2ede,E-commerce,488,4642.29,Month-to-Month,12,243,19765,0,0.411,20,1
a6e465bd,Manufacturing,67,569.16,Month-to-Month,3,37,179868,0,0.469,2,0
bd54081b,E-commerce,9,50.0,1 Year,25,3,12757,3,0.34,10,0
1f6929c6,Finance,11,50.0,Month-to-Month,51,3,3070,3,0.964,4,0
81bcb4d6,E-commerce,5,50.0,1 Year,53,2,2831,1,0.837,17,0
8d19f113,E-commerce,10,278.14,1 Year,76,5,16099,3,0.846,37,0
83de029e,E-commerce,60,154.59,2 Year,49,29,34147,0,0.807,2,0
ffe8cade,Manufacturing,23,376.13,1 Year,1,10,15655,2,0.738,13,0
c51d6c1a,Finance,41,478.42,Month-to-Month,12,22,16487,2,0.536,13,0
d82c55d1,Manufacturing,114,1163.44,1 Year,41,49,89018,2,0.641,4,0
7533ef10,Manufacturing,34,50.0,2 Year,11,13,72823,4,0.497,1,0
62475dbe,Finance,10,50.0,Month-to-Month,23,4,18614,2,0.43,3,0
78b84c88,Healthcare,50,1348.23,Month-to-Month,23,22,21147,2,0.472,1,0
4e0aa2fe,Healthcare,14,455.15,2 Year,11,6,174785,1,1.0,21,0
60d72dc0,Healthcare,36,862.87,Month-to-Month,57,13,149942,3,0.524,17,0
84dff5fb,Healthcare,409,4048.19,Month-to-Month,17,200,180779,1,0.8,14,0
e60a8113,E-commerce,36,277.99,Month-to-Month,16,17,140008,5,1.0,14,0
b7abdc9b,Healthcare,777,8015.33,Month-to-Month,120,327,49454,4,0.756,5,0
e14cd849,Finance,467,3752.66,1 Year,17,151,18432,0,0.442,23,0
d2ae4eff,Technology,22,50.0,Month-to-Month,5,11,174495,1,0.453,16,1
c789e03d,Healthcare,10,50.0,Month-to-Month,18,2,67898,1,0.624,23,1
18da188b,Technology,50,272.72,1 Year,41,15,62109,1,1.0,6,0
49227bb2,Finance,307,2630.15,1 Year,36,127,79880,2,0.885,3,0
cdb6829f,Healthcare,26,426.4,2 Year,38,3,45623,2,0.707,10,0
fa2c4103,E-commerce,213,2170.72,Month-to-Month,30,118,43764,3,0.559,11,0
8a3549c9,E-commerce,334,4036.43,Month-to-Month,8,134,22418,1,0.676,12,0
bbc3ad2d,Technology,17,1406.88,1 Year,48,9,8169,2,0.638,4,0
b1edd5b0,Technology,19,50.0,Month-to-Month,54,11,28859,0,0.637,7,0
6f271e2f,Technology,159,1663.65,Month-to-Month,6,61,36425,2,0.425,1,0
f5e6e144,Finance,68,752.76,1 Year,4,36,105108,1,0.421,9,0
451d1b9b,Finance,19,182.9,Month-to-Month,90,5,25674,1,0.666,6,0
034f631a,Technology,32,50.0,1 Year,49,14,107287,2,0.368,2,0
533447f6,Technology,49,50.0,1 Year,54,17,19100,2,0.475,6,0
a631bb4e,Manufacturing,5,170.2,Month-to-Month,53,2,144728,2,0.606,4,0
b3848324,E-commerce,172,1247.32,Month-to-Month,19,83,1985,4,0.666,10,0
19226bcf,Finance,26,339.64,Month-to-Month,25,9,37257,0,0.823,16,0
d32ef191,Technology,5,50.0,Month-to-Month,19,2,19400,4,0.349,5,0
64f6dcfc,Finance,52,590.83,2 Year,2,25,17436,3,0.35,17,0
4959074f,Manufacturing,17,50.0,1 Year,33,7,4136,2,0.861,1,0
935b69b6,Technology,687,6948.73,Month-to-Month,17,449,57173,1,0.935,10,0
cf7343e2,E-commerce,22,50.0,Month-to-Month,26,8,24924,2,0.391,5,0
9bfef92e,Technology,10,180.35,Month-to-Month,17,5,148848,4,0.431,4,0
81261fa1,Technology,116,1829.7,2 Year,17,59,62313,2,0.709,2,0
da8c0c0f,Healthcare,20,330.49,2 Year,5,4,29249,2,0.61,2,0
a501ba7f,Manufacturing,16,320.94,Month-to-Month,8,8,49348,3,0.611,6,0
a8e16ea7,E-commerce,117,1578.6,2 Year,5,59,3414,3,0.444,18,0
debe43b4,Technology,11,50.0,Month-to-Month,6,4,44474,2,0.744,8,0
2465778a,Finance,6,919.46,Month-to-Month,87,2,54853,2,0.553,8,0
1ccdf9d1,Technology,727,6742.21,Month-to-Month,4,326,5611,6,0.546,12,1
e4c577c8,Finance,130,1739.83,1 Year,8,69,57352,0,0.374,3,0
1b1f9f9f,Healthcare,36,733.45,Month-to-Month,22,12,32123,2,0.758,4,0
52e8cebe,Manufacturing,54,88.92,2 Year,23,30,32659,2,0.528,18,0
50a8ab72,Healthcare,116,1664.44,Month-to-Month,5,33,64291,0,0.591,0,0
99c29722,Finance,235,2598.91,1 Year,38,52,29874,1,0.838,7,0
def9a6c7,Manufacturing,17,1114.99,Month-to-Month,37,7,13351,3,0.391,7,0
d79daf6d,Manufacturing,94,1036.69,Month-to-Month,7,49,17711,3,0.583,8,0
3c9b1795,E-commerce,25,195.73,Month-to-Month,9,9,67037,4,0.288,14,0
83abdd47,E-commerce,41,152.62,2 Year,67,7,3682,2,0.495,6,0
85558a5c,E-commerce,69,50.0,1 Year,42,17,91887,1,0.858,18,0
0e789bc3,Finance,54,380.89,Month-to-Month,29,23,43638,6,0.292,4,0
b54a01ab,Finance,164,1502.05,Month-to-Month,3,65,64908,1,0.647,4,1
bb47bf32,E-commerce,113,1261.03,1 Year,14,59,21055,1,0.921,33,0
a438a62d,Technology,5,50.0,Month-to-Month,20,2,12599,0,0.71,3,0
9f102e89,Technology,7,50.0,2 Year,5,2,81629,0,0.483,2,0
b81a32e4,Technology,31,598.13,2 Year,15,13,5390,1,0.378,8,0
be37dc7d,Healthcare,848,8817.75,1 Year,23,425,9067,1,0.214,30,0
88b6f0ea,E-commerce,15,50.0,1 Year,10,8,16768,1,0.912,15,0
8847bc54,Healthcare,39,743.2,1 Year,37,15,21633,2,0.516,5,0
e6502ee3,E-commerce,24,116.71,Month-to-Month,45,9,11386,2,0.24,7,0
3ca6aeb3,E-commerce,23,137.49,Month-to-Month,10,10,121879,2,0.396,61,1
90b25331,Technology,71,50.0,Month-to-Month,44,23,1377,4,0.384,12,0
106d3355,Finance,446,5206.79,2 Year,3,211,81346,6,0.501,1,0
aa066fc9,Healthcare,108,1168.4,1 Year,44,40,26472,2,1.0,9,0
38216510,Healthcare,16,50.0,Month-to-Month,4,6,90429,4,0.785,28,1
5ae1c7d4,Technology,3394,34127.6,1 Year,3,1358,79473,3,0.697,2,0
0377294f,E-commerce,61,782.24,Month-to-Month,25,25,6450,3,0.839,14,0
59df77c3,Healthcare,22,831.27,2 Year,16,13,54892,2,0.967,5,0
6aa07414,Healthcare,454,4385.16,Month-to-Month,58,160,23776,2,0.706,1,0
925c2b71,Technology,27,276.0,1 Year,11,9,86022,2,0.888,18,0
baf2b154,Healthcare,661,6288.6,Month-to-Month,9,360,95196,2,0.472,10,0
2c63d8b0,Technology,14,438.97,1 Year,17,6,10477,1,0.427,0,0
16aafb88,Technology,466,4268.25,Month-to-Month,15,222,32566,1,0.394,17,1
59268f87,Healthcare,73,283.5,Month-to-Month,11,21,45119,0,0.659,7,0
3634d76b,Healthcare,378,3746.1,1 Year,29,160,39271,1,0.074,9,0
4fef2bdf,Manufacturing,946,8847.07,1 Year,35,455,14502,3,0.865,8,0
4f0612af,Finance,9,891.07,2 Year,47,2,15906,2,0.501,4,0
2a27caa5,Finance,370,4663.63,1 Year,87,171,97663,1,0.765,1,0
10e91881,Technology,6,50.0,1 Year,8,2,1662,3,0.322,12,0
e1f20da2,Manufacturing,11,50.0,2 Year,31,3,15215,3,0.822,11,0
985cfb44,Manufacturing,16,328.3,2 Year,13,8,12620,2,0.877,19,0
ea785a35,Technology,116,918.95,1 Year,28,59,23154,0,0.621,9,0
93cf4b6c,Finance,57,1157.34,1 Year,16,23,57934,1,0.706,0,0
f4068e15,Healthcare,42,50.0,2 Year,120,18,37992,4,0.395,5,0
37afa88e,Technology,67,942.26,1 Year,32,35,38894,2,0.609,1,0
d660d7d6,E-commerce,132,1377.0,1 Year,74,47,65705,1,0.794,9,0
f3359a8a,E-commerce,148,1141.87,Month-to-Month,44,64,83608,1,0.539,2,0
9c112f07,Manufacturing,281,2930.02,1 Year,56,101,8710,2,0.905,28,0
2675de96,Healthcare,837,8809.27,Month-to-Month,41,249,5716,4,0.243,1,0
dcc2537c,E-commerce,52,563.42,Month-to-Month,15,18,17920,3,0.534,17,1
e549072e,Healthcare,24,288.64,2 Year,7,6,87883,1,0.216,9,0
c9a387ec,E-commerce,137,933.61,1 Year,12,60,39016,3,0.663,3,0
744d088a,Healthcare,9,662.1,Month-to-Month,1,2,7705,3,0.557,15,1
5e1af9ba,Healthcare,19,712.27,Month-to-Month,18,4,8940,4,0.565,33,1
c1b1ab94,Healthcare,244,2234.72,Month-to-Month,17,115,114271,0,0.748,1,0
5d1b41dd,E-commerce,45,387.86,Month-to-Month,18,21,22861,3,0.543,18,1
6b5ec3f2,Technology,8,787.11,Month-to-Month,88,2,14737,1,1.0,16,0
563a19f9,E-commerce,5,50.0,Month-to-Month,59,2,59166,2,0.762,14,0
cb13d36f,Manufacturing,58,882.14,Month-to-Month,5,18,98586,1,0.606,3,0
bc3cd572,Finance,302,2740.69,2 Year,12,109,29206,3,0.465,14,0
5ea6129d,Finance,296,3849.04,Month-to-Month,14,130,78302,0,0.418,0,0
58b16ba8,Technology,64,671.72,Month-to-Month,11,32,28109,2,0.687,1,0
8f45bdda,Finance,1111,11740.19,2 Year,39,401,58789,0,0.495,3,0
75df1bf7,Manufacturing,46,79.34,1 Year,18,15,42761,2,0.798,2,0
2c6a6ba6,Healthcare,44,50.0,Month-to-Month,21,21,112427,4,0.584,6,0
57657481,Manufacturing,5,50.0,Month-to-Month,47,2,19655,3,0.584,8,0
34cecd53,Healthcare,27,401.34,1 Year,40,11,73575,1,0.623,3,0
d0186fa6,Technology,195,1694.63,Month-to-Month,4,101,57590,2,0.57,11,1
69daea72,E-commerce,570,6079.15,1 Year,31,338,91262,5,0.655,0,0
77d0d933,Manufacturing,15,50.0,Month-to-Month,14,6,46766,1,1.0,2,0
72921e2c,Healthcare,109,50.0,2 Year,9,37,30822,1,0.708,4,0
518aff37,E-commerce,262,2896.41,1 Year,2,117,2535,0,0.685,5,0
237fbdba,Manufacturing,55,108.73,Month-to-Month,17,17,91534,0,0.757,4,0
219f4524,E-commerce,5,50.0,Month-to-Month,11,2,120360,0,0.578,0,0
dec4fb73,E-commerce,79,1566.57,1 Year,7,26,29860,0,0.407,27,0
a7ee7c4d,E-commerce,171,2596.41,Month-to-Month,29,65,12568,5,0.0,14,0
cf84cb75,E-commerce,13,50.0,Month-to-Month,36,4,52086,2,0.19,0,0
9865dba9,E-commerce,37,658.89,Month-to-Month,7,15,6488,2,0.75,4,0
bc74677c,E-commerce,9,50.0,1 Year,2,3,2085,2,0.674,5,0
c6f2af96,Manufacturing,5,50.0,1 Year,46,2,17131,3,0.57,2,0
0a81ea2c,Healthcare,254,2237.11,Month-to-Month,1,104,56958,3,1.0,24,0
90d50b0d,Finance,54,50.0,1 Year,67,21,84155,1,0.593,13,0
20b5cc79,Manufacturing,599,6037.53,1 Year,24,205,8530,2,0.128,19,0
a5d1314d,Technology,197,2114.08,2 Year,10,73,146076,2,0.75,13,0
a11edf37,E-commerce,32,50.0,2 Year,7,8,40156,2,0.832,4,0
bbc77f10,E-commerce,48,1023.9,2 Year,1,25,129685,3,0.744,6,0
bf309fa7,Finance,127,1051.96,2 Year,7,49,8113,1,0.835,0,0
e1e9bf74,Finance,232,2001.39,Month-to-Month,4,130,30622,0,0.248,5,0
f9bca377,E-commerce,88,1143.25,Month-to-Month,23,34,28176,2,0.619,16,1
703175f9,Finance,286,2088.66,Month-to-Month,5,59,26525,0,0.434,13,0
556830c3,E-commerce,34,793.34,1 Year,19,12,133529,4,0.705,15,0
b1410c8c,Healthcare,12,50.0,Month-to-Month,22,4,94660,2,0.904,3,0
92c4798e,Manufacturing,49,984.64,1 Year,9,19,79061,1,0.526,1,0
a99542fc,Manufacturing,74,1384.07,Month-to-Month,1,34,16852,1,0.73,6,0
cbcc844c,E-commerce,9,410.08,Month-to-Month,1,3,20703,2,0.425,6,0
46b7348b,E-commerce,7,50.0,Month-to-Month,1,2,15008,2,0.596,9,1
33e3f2aa,Finance,106,434.58,2 Year,33,32,78868,0,0.497,0,0
79ee4652,Technology,29,50.0,Month-to-Month,10,10,24947,1,0.96,0,0
ffaa4072,E-commerce,42,971.46,2 Year,39,19,192421,1,0.384,13,0
503dea7a,Finance,31,242.6,Month-to-Month,14,15,22652,1,0.618,10,0
241966bb,Manufacturing,534,5040.39,1 Year,15,177,9303,3,0.874,2,0
d6e2ba4d,Technology,362,3553.96,Month-to-Month,18,181,132859,1,0.211,18,1
824887e7,Manufacturing,8,620.31,Month-to-Month,30,3,76326,4,0.686,4,0
8de01334,Technology,24,629.37,2 Year,8,7,43761,3,0.622,6,0
1b0a6978,E-commerce,195,2169.25,Month-to-Month,4,82,97751,3,0.464,1,1
594ecc2f,E-commerce,134,1658.94,Month-to-Month,20,58,149235,0,0.843,35,1
1f90f8cf,Manufacturing,51,600.09,1 Year,10,14,98797,3,0.943,12,0
30c1a846,Technology,9,241.06,1 Year,15,2,117441,1,0.732,2,0
31174e86,Healthcare,19,300.51,2 Year,25,8,15820,4,0.541,29,0
7a9b8b48,Healthcare,25,249.97,1 Year,17,8,35754,2,0.311,4,0
011a8bbb,Finance,82,1196.69,1 Year,24,45,79308,3,0.636,5,0
4027ccbf,Technology,703,7210.64,Month-to-Month,19,402,37329,1,0.569,1,0
0d75525a,Manufacturing,19,50.0,1 Year,33,8,51338,4,0.581,5,0
fba12088,Finance,11,374.44,1 Year,30,5,128096,2,0.501,36,0
8d5ab8f3,E-commerce,46,583.62,Month-to-Month,19,13,17502,1,0.483,5,0
204862f9,Finance,256,2865.71,1 Year,28,68,38761,2,0.606,12,0
c2c67fa7,Manufacturing,6,50.0,Month-to-Month,50,2,41452,1,0.354,38,1
b2ef027e,Technology,483,5235.87,Month-to-Month,14,131,22278,1,0.807,9,0
e0328ba1,Technology,42,389.3,Month-to-Month,13,18,22964,1,0.447,3,0
fdbb2c72,E-commerce,18,541.94,Month-to-Month,35,5,73275,1,0.622,4,0
402d7235,E-commerce,5,50.0,1 Year,21,2,132617,3,0.535,2,0
ffaebede,Finance,157,1376.37,Month-to-Month,2,60,50219,1,0.73,29,1
7f6cdba4,Healthcare,42,721.03,Month-to-Month,54,19,33466,3,0.719,22,0
707efb80,Technology,70,534.11,Month-to-Month,1,30,69386,4,0.701,10,0
568e648b,Technology,14,1242.89,Month-to-Month,34,5,306174,1,0.366,0,0
5188edc1,Manufacturing,33,613.22,Month-to-Month,35,8,4299,1,0.562,15,0
b9d98990,Manufacturing,26,272.46,1 Year,74,10,52717,0,0.92,17,0
66b03e92,E-commerce,46,869.95,Month-to-Month,2,10,40608,2,0.532,13,1
c00bddb1,Technology,19,50.0,Month-to-Month,22,9,47112,3,0.81,1,0
ee971894,Manufacturing,5,511.51,1 Year,14,2,1154,1,0.598,3,0
3c6818ee,Technology,3270,33147.62,1 Year,10,1583,155809,2,0.538,16,0
d1ef9c22,Finance,7,696.77,Month-to-Month,3,2,4463,5,0.637,5,0
9f182d53,E-commerce,71,489.6,2 Year,20,30,18370,3,0.434,2,0
507db6f8,Healthcare,5,50.0,2 Year,16,1,17712,4,0.78,10,0
879ab31a,Manufacturing,5,50.0,Month-to-Month,3,2,66046,2,0.429,9,0
10a0e5b3,E-commerce,63,489.18,1 Year,23,18,55575,3,0.711,7,0
4d2216e1,Finance,70,1533.61,Month-to-Month,33,27,3185,3,0.816,4,0
c1b56483,E-commerce,362,4717.51,Month-to-Month,35,94,8108,0,0.685,14,0
9fceb8e9,E-commerce,99,1162.33,Month-to-Month,57,38,19193,4,0.486,8,0
6f070c68,Finance,43,434.7,2 Year,13,10,60887,0,0.637,20,0
fa82bf2b,Healthcare,13,50.0,1 Year,74,7,132419,5,0.453,17,0
412e2869,E-commerce,517,5582.35,Month-to-Month,49,215,18951,4,0.558,28,1
fc2657f1,E-commerce,219,3284.29,Month-to-Month,9,87,37282,1,0.495,13,0
32d5316b,Technology,8,972.93,Month-to-Month,5,3,23309,0,0.448,1,0
8f665f27,E-commerce,57,1138.99,Month-to-Month,14,15,43061,0,0.726,4,0
715f4419,Technology,67,1231.65,2 Year,13,21,49439,4,0.797,13,0
73e13c95,E-commerce,32,736.15,1 Year,21,14,36521,3,0.811,1,0
37935191,E-commerce,173,1706.35,Month-to-Month,22,71,24634,2,0.648,11,0
cc2ce023,Technology,190,1531.73,Month-to-Month,34,62,105922,1,0.894,3,0
efd1da5b,E-commerce,41,399.59,2 Year,18,19,80953,3,0.465,2,0
fb04346a,Healthcare,35,561.17,1 Year,3,15,322062,1,0.857,7,0
b601845e,Healthcare,517,4443.18,Month-to-Month,47,232,26610,2,0.782,0,0
c7a6573a,Technology,221,2133.52,Month-to-Month,9,97,1975,1,0.608,11,0
3c31115b,E-commerce,60,187.03,Month-to-Month,86,19,52687,2,0.645,5,0
5de08ea0,Technology,5,556.92,2 Year,4,1,76491,2,0.807,9,0
c24e0784,Finance,91,635.15,Month-to-Month,77,19,138060,3,0.732,0,0
e4300cb8,Healthcare,155,1714.11,Month-to-Month,3,54,520,3,0.652,5,0
7d5de00c,Healthcare,5,50.0,Month-to-Month,7,1,105839,0,0.51,15,1
5e522090,Finance,79,1588.85,Month-to-Month,2,36,36359,0,0.415,12,1
01fb6569,E-commerce,29,50.0,1 Year,30,13,23485,6,0.622,7,0
8cbe29dd,Finance,39,627.92,Month-to-Month,46,12,12547,0,0.371,2,0
5fb8b204,E-commerce,13,50.0,Month-to-Month,14,4,84133,0,0.746,8,0
90a90d20,Manufacturing,43,175.33,Month-to-Month,64,22,22607,3,0.245,11,0
de0710ad,Finance,440,4503.09,Month-to-Month,22,163,46387,1,0.661,8,0
b18734d3,E-commerce,27,397.68,Month-to-Month,24,11,35837,2,0.545,14,0
965149b9,Technology,232,2434.63,2 Year,45,111,15268,1,0.512,4,0
1e0028c2,Finance,16,235.87,Month-to-Month,9,6,77507,2,0.545,5,0
eb1204a9,E-commerce,170,1379.08,Month-to-Month,11,65,17703,1,0.024,28,1
da6db13b,Technology,54,457.97,1 Year,57,19,77397,5,0.512,24,0
281b2581,Manufacturing,92,935.82,2 Year,56,32,26342,1,0.426,2,0
2d7048cc,Healthcare,55,647.68,Month-to-Month,91,22,1527,1,0.429,2,0
911b0230,Manufacturing,142,1387.16,Month-to-Month,56,30,72927,1,1.0,8,0
6167365e,E-commerce,5,414.8,1 Year,4,1,114767,1,0.322,8,0
75692546,Finance,6,106.69,Month-to-Month,42,2,6379,3,0.679,0,0
2bc59ad2,E-commerce,102,1120.66,2 Year,13,45,44002,2,0.441,24,0
0ba51af9,Manufacturing,5,50.0,2 Year,113,2,3723,3,0.418,14,0
44055e9d,E-commerce,24,50.0,1 Year,16,11,88564,1,0.331,15,1
fd667380,Finance,50,577.01,Month-to-Month,20,22,220971,2,0.826,11,0
88bafdd0,E-commerce,15,753.72,Month-to-Month,19,6,34159,5,0.841,1,0
6fbb5189,Finance,19,411.93,2 Year,10,6,18800,2,0.476,4,0
7591a5a6,Healthcare,82,411.25,1 Year,2,36,93458,3,0.782,3,0
504fc9ea,Healthcare,248,2887.37,Month-to-Month,55,107,36779,5,0.393,44,1
516703e0,Healthcare,12,50.0,Month-to-Month,39,4,29803,1,0.52,1,0
c941c852,Finance,23,587.33,1 Year,4,7,12926,0,0.736,8,0
dfac1d46,Healthcare,18,50.0,2 Year,36,7,47857,3,0.4,14,0
6731537a,E-commerce,5,226.65,1 Year,24,2,46610,5,0.452,5,0
5cf2b015,Finance,67,410.75,Month-to-Month,13,27,15247,3,0.605,7,0
bc9f1e09,Finance,221,1963.47,Month-to-Month,8,89,11875,2,0.607,1,0
fedde3ee,Technology,250,1716.87,Month-to-Month,48,110,28863,2,0.384,2,0
3c7f9405,E-commerce,14,396.04,2 Year,29,6,29966,7,1.0,11,0
63b65050,E-commerce,8,265.08,Month-to-Month,20,3,6871,5,0.431,12,0
a2ed3c78,Finance,56,773.22,1 Year,23,22,16152,1,0.791,8,0
2b72bee0,Finance,189,2027.67,Month-to-Month,3,65,8738,1,0.719,23,1
a5f32f53,Healthcare,68,298.87,Month-to-Month,16,34,115857,3,0.439,4,0
b8187e23,Finance,84,1322.95,1 Year,6,30,3862,0,0.693,12,0
b11554c0,Finance,302,3516.39,2 Year,6,168,105498,1,0.432,12,0
b5e3c321,Finance,18,50.0,Month-to-Month,26,7,37526,4,0.614,6,0
1cff63b3,Healthcare,39,656.06,Month-to-Month,59,15,54729,3,0.765,17,0
3e32ea36,Healthcare,633,6767.5,1 Year,13,301,128359,1,0.488,7,0
a5b2a23b,E-commerce,40,164.95,1 Year,6,13,22736,1,0.682,9,0
e2323d2a,Finance,8,50.0,1 Year,26,3,60636,4,0.485,0,0
92b8d3f2,Finance,20,467.06,Month-to-Month,50,8,55690,1,0.635,11,0
23c423c8,E-commerce,13,50.0,1 Year,34,5,222609,3,0.621,10,0
155dac00,E-commerce,93,385.74,2 Year,49,30,2357,1,0.527,23,0
3ea581cc,Healthcare,14,50.0,2 Year,19,4,30388,4,0.234,1,0
53600200,Technology,81,50.0,1 Year,34,17,228081,2,0.756,2,0
8b1e1081,E-commerce,18,722.47,2 Year,4,6,19865,1,0.998,6,0
e3112e34,Healthcare,5,50.0,Month-to-Month,11,1,168578,2,0.628,4,0
d410bdd2,Technology,86,1031.56,Month-to-Month,12,28,84836,1,0.477,1,0
275e8380,Manufacturing,68,1085.84,1 Year,18,26,20724,1,0.642,1,0
275ec8ca,Healthcare,118,1033.2,Month-to-Month,64,47,1476,1,0.829,12,0
519edc4c,Finance,19,50.0,2 Year,50,8,16449,2,0.856,13,0
9744902c,Technology,16,276.42,Month-to-Month,4,7,6603,0,0.782,22,0
f798d805,Technology,99,990.92,Month-to-Month,5,46,27970,6,0.689,3,1
cf16f2b0,Finance,533,5831.75,Month-to-Month,11,250,140274,5,0.735,6,0
cd9fb8bc,Finance,55,50.0,Month-to-Month,9,23,35935,1,0.624,1,0
836e07e6,Finance,103,570.65,1 Year,23,41,29665,4,0.409,1,0
4909eb40,E-commerce,33,610.79,Month-to-Month,56,16,12151,2,0.524,0,0
fa998436,E-commerce,5,75.22,Month-to-Month,79,2,48568,1,0.535,1,0
7bc1de77,Finance,233,2706.02,2 Year,26,58,30382,1,0.659,3,0
bb7262f2,E-commerce,213,2261.01,Month-to-Month,44,81,74077,2,0.247,8,0
6374bb77,Technology,158,1512.63,2 Year,18,34,36296,1,0.702,9,0
5104b6c4,Healthcare,41,258.86,Month-to-Month,6,8,108831,0,0.197,7,0
47cf5929,Finance,133,2492.53,Month-to-Month,18,46,76396,4,0.682,0,0
b8a85fd3,Technology,208,2847.47,Month-to-Month,20,80,7836,1,0.834,7,0
23d0a90a,Technology,620,6447.75,1 Year,33,221,7309,2,0.779,5,0
f197aaa9,E-commerce,240,2439.23,1 Year,6,53,1232,0,0.421,14,0
fed5f0d6,E-commerce,60,869.07,2 Year,12,28,23023,1,0.725,23,0
8626e573,Healthcare,7,483.42,Month-to-Month,11,2,2808,4,0.741,10,0
a6bde57b,E-commerce,68,889.41,1 Year,77,30,29887,1,0.941,12,0
29eac608,E-commerce,80,424.31,Month-to-Month,15,26,13810,2,0.673,4,0
9897adbf,Finance,158,2472.26,2 Year,34,55,34481,1,0.805,8,0
40449733,Finance,416,4283.1,2 Year,34,184,8616,3,0.513,7,0
f32813c4,Finance,47,1476.97,Month-to-Month,8,17,39835,5,0.43,36,1
2bbabf19,Healthcare,1275,12843.57,Month-to-Month,21,531,169711,1,0.773,13,0
668ad9e5,Finance,5,50.0,Month-to-Month,54,2,50699,1,0.776,3,0
cd607f0c,Finance,102,1712.07,1 Year,16,26,41550,3,0.473,21,0
6c3b3818,Finance,16,310.59,2 Year,70,7,77569,0,0.358,7,0
2ac74641,Healthcare,5,116.71,2 Year,6,1,279,4,0.625,1,0
38dab42a,Technology,40,50.0,1 Year,2,11,16596,2,0.609,17,0
91267a5c,E-commerce,6,390.11,1 Year,54,1,217055,2,0.647,7,0
7270dc0a,E-commerce,42,173.34,Month-to-Month,46,20,76305,3,0.777,0,0
f355fc03,Technology,57,346.1,1 Year,118,13,4730,2,0.806,4,0
7e6cb9da,E-commerce,292,2674.73,Month-to-Month,28,135,19760,4,0.602,6,0
68a7b01a,Healthcare,5,269.52,1 Year,67,2,28978,5,0.401,3,0
a74fcd69,E-commerce,213,1362.31,Month-to-Month,43,86,136349,1,0.455,3,0
89180776,E-commerce,63,524.58,Month-to-Month,45,26,44117,2,0.481,1,0
141afa3a,Technology,255,3040.14,1 Year,21,94,4018,3,0.576,12,0
9f34027f,E-commerce,28,50.0,2 Year,12,13,35573,2,0.497,0,0
b515a496,Healthcare,7,156.44,1 Year,66,2,17081,2,0.551,3,0
822394cf,Finance,8,50.0,1 Year,14,1,20677,4,0.615,2,0
efe0b021,Finance,7,50.0,2 Year,19,2,6067,3,0.471,5,0
440eeac8,E-commerce,111,1937.58,Month-to-Month,15,53,30694,2,0.664,15,1
36885455,E-commerce,500,4174.76,Month-to-Month,20,224,55355,0,0.966,3,0
15f75b0c,Finance,23,612.82,2 Year,16,13,71262,2,0.567,20,0
e0ab9b0b,Manufacturing,140,1161.04,2 Year,2,52,59435,1,0.464,20,0
a4a76b11,E-commerce,5,50.0,Month-to-Month,52,1,54016,1,0.661,5,0
c38c365f,Finance,71,154.22,Month-to-Month,15,26,101710,1,0.441,17,1
2b24c1c1,Healthcare,148,1856.95,2 Year,22,47,20201,2,0.571,3,0
8156d038,Finance,6,50.0,1 Year,4,2,12077,4,0.464,2,0
1f4ead9b,Finance,40,241.17,Month-to-Month,1,11,4684,2,0.386,20,1
09841005,Finance,159,1644.92,Month-to-Month,7,27,9058,0,0.424,11,0
3b849af8,Finance,5,50.0,2 Year,30,1,8090,3,0.468,2,0
fba28ada,Finance,404,3039.66,Month-to-Month,3,162,121804,4,0.392,0,0
1d11e952,Finance,92,674.59,Month-to-Month,58,42,9954,4,0.856,13,0
8cf72aa3,Technology,159,2037.72,1 Year,6,54,4932,3,0.686,3,0
191e599f,Healthcare,29,50.0,Month-to-Month,6,9,25562,1,0.788,1,0
a1835468,E-commerce,5,50.0,Month-to-Month,5,2,9293,3,0.328,3,1
e79eb3a7,E-commerce,121,996.6,Month-to-Month,1,32,6995,1,0.541,5,1
e0a7ab09,Manufacturing,48,117.19,Month-to-Month,36,18,22502,2,0.684,2,0
9c7507ca,Healthcare,57,556.06,2 Year,50,28,125902,3,0.931,0,0
036796ee,Finance,279,2243.46,1 Year,23,91,1545,2,0.449,4,0
8bd34487,Manufacturing,171,1516.07,Month-to-Month,6,42,11641,2,0.343,6,0
38a2ea01,Technology,974,9716.0,Month-to-Month,9,555,86928,2,0.638,15,1
b2b3430f,Technology,68,1004.47,Month-to-Month,16,32,14067,3,0.465,15,0
2eb7d613,Finance,19,812.39,Month-to-Month,75,9,29088,1,0.941,1,0
c4dfe8c1,Finance,41,279.23,1 Year,7,16,5187,0,0.708,6,0
a64733ab,E-commerce,101,1954.03,Month-to-Month,32,46,79279,1,0.543,20,0
a8676797,Manufacturing,250,2408.05,Month-to-Month,14,37,66677,1,0.543,0,0
d65c16c3,E-commerce,6,474.44,2 Year,9,2,6851,3,0.575,6,0
04fe89f8,E-commerce,55,1515.75,Month-to-Month,15,27,147789,2,0.235,6,0
91cd25da,Finance,610,6169.65,Month-to-Month,2,158,44655,0,0.608,17,1
5c81add4,Technology,38,50.0,2 Year,39,13,80013,2,0.503,6,0
3e1fba92,Finance,220,2245.45,2 Year,7,95,72153,0,0.727,1,0
cf79e8b2,Finance,114,834.18,2 Year,32,36,36601,1,0.42,11,0
4a529b07,E-commerce,229,2152.78,1 Year,2,91,68815,1,0.737,8,0
d24f39bf,E-commerce,16,1152.49,2 Year,75,7,13577,2,0.709,6,0
80938087,Finance,16,50.0,2 Year,6,6,1074,2,0.632,3,0
479eec78,Healthcare,56,710.23,Month-to-Month,52,20,20933,2,0.851,0,0
34228dee,E-commerce,5,50.0,1 Year,40,1,8273,3,0.223,25,0
2612ea7f,Finance,36,206.17,Month-to-Month,83,15,198378,1,0.689,18,0
2df2f1e4,E-commerce,79,1162.42,1 Year,16,34,128605,4,0.591,28,0
698ca22b,Finance,793,8089.08,Month-to-Month,32,340,7782,1,0.585,28,0
21ecef9a,E-commerce,99,877.48,Month-to-Month,12,40,21078,1,0.404,1,0
56026191,E-commerce,139,1065.1,Month-to-Month,5,60,35597,3,0.316,3,1
41172ea3,Healthcare,313,3288.04,Month-to-Month,15,152,25435,1,0.778,6,0
87d84019,Finance,12,973.84,Month-to-Month,5,5,60201,1,0.758,5,0
1fbc5177,Healthcare,42,50.0,1 Year,97,17,35010,2,0.96,33,0
a00f119d,Healthcare,2075,21705.83,Month-to-Month,3,720,41650,5,0.993,3,0
27a4fe33,Manufacturing,48,1079.75,1 Year,22,25,56604,3,0.29,1,0
27a61b21,Finance,291,3594.68,1 Year,24,83,1197,2,0.569,6,0
7339df42,Technology,231,2464.22,1 Year,19,87,625,3,0.65,7,0
f502a43e,Finance,5,635.56,Month-to-Month,27,1,9808,0,0.792,5,0
093cf701,E-commerce,86,355.58,2 Year,3,18,63346,4,0.885,15,0
cd6a859f,Technology,68,345.98,1 Year,20,29,13749,0,0.394,6,0
57097bf6,E-commerce,89,1272.91,2 Year,9,33,126397,3,0.492,3,0
3869fc53,E-commerce,17,317.92,Month-to-Month,68,6,4087,4,0.874,6,0
de559031,E-commerce,10,50.0,Month-to-Month,35,3,43364,5,0.265,22,1
1912c4cd,Finance,26,50.0,Month-to-Month,87,12,1293,1,0.385,19,0
f037b72a,Manufacturing,47,252.26,Month-to-Month,1,22,178882,1,0.688,10,1
578e5624,Technology,322,2632.97,Month-to-Month,9,93,12018,1,1.0,10,0
7ec4afa6,Manufacturing,833,8576.77,2 Year,6,480,44292,4,0.265,9,0
c9906167,Healthcare,443,4334.42,1 Year,1,166,152939,5,0.612,2,0
4f03aea3,Technology,198,1665.85,Month-to-Month,7,90,1541,2,0.711,9,0
a2e68e78,Manufacturing,12,1441.46,1 Year,28,5,35947,4,0.894,9,0
02bc9baf,Finance,29,809.09,Month-to-Month,7,11,37402,3,0.689,8,0
1b6d9374,Healthcare,74,1267.94,Month-to-Month,18,33,21653,4,0.232,16,1
be88eedb,Technology,21,1311.11,1 Year,53,11,53145,0,0.343,0,0
7991b807,E-commerce,129,1691.1,1 Year,29,61,39102,1,0.874,6,0
ddb3079b,Technology,160,1214.52,1 Year,13,60,14326,7,0.688,0,0
18dee800,Healthcare,122,776.05,Month-to-Month,12,47,61091,0,0.375,15,1
15aecdcb,Technology,254,3022.45,Month-to-Month,15,87,31383,0,0.699,2,0
ad27eda9,Finance,14,50.0,2 Year,5,6,31773,2,0.661,4,0
d43d0c0a,Finance,221,2171.11,2 Year,25,101,151744,1,0.101,3,0
87972dc2,Finance,19,50.0,Month-to-Month,11,6,38289,7,0.18,27,1
d075dc37,Technology,13,179.42,1 Year,46,6,76776,3,0.662,4,0
9e2ad489,E-commerce,121,1637.04,Month-to-Month,34,61,101015,1,1.0,0,0
cbe94679,E-commerce,338,3519.71,Month-to-Month,23,196,43461,4,0.653,0,0
b661a4e5,Finance,113,1599.05,1 Year,11,36,77176,3,0.11,2,0
fa516d1e,Technology,56,1542.41,1 Year,6,21,18520,1,0.278,0,0
0758d972,Finance,86,788.23,2 Year,36,32,10040,1,0.725,15,0
b438b7c0,Technology,66,2063.83,1 Year,16,43,59460,0,0.747,11,0
807f1367,E-commerce,10,206.33,1 Year,7,4,130314,1,0.561,14,0
bae1b69f,Finance,8,554.58,Month-to-Month,6,4,2171,1,0.503,7,0
c524724c,E-commerce,48,174.47,1 Year,5,24,71996,1,0.759,6,0
09213857,Finance,61,1419.66,2 Year,37,23,1440,2,0.821,4,0
74ae2663,Technology,55,1070.86,Month-to-Month,7,22,30680,1,0.739,16,0
c652e7fc,E-commerce,150,2235.73,Month-to-Month,18,67,56534,2,0.409,0,0
794af555,Finance,39,417.25,2 Year,15,20,25985,0,0.78,7,0
efcc1074,Technology,127,642.29,Month-to-Month,21,48,17901,2,0.529,4,0
e64b404a,Finance,43,660.2,Month-to-Month,51,15,10341,3,0.48,1,0
5564b860,E-commerce,841,7561.49,Month-to-Month,49,414,190544,2,0.472,12,0
4943a217,Manufacturing,61,441.91,Month-to-Month,15,17,42235,0,0.604,3,0
8926b46d,E-commerce,1828,18375.54,Month-to-Month,1,777,6839,5,0.714,5,0
b540eb17,Healthcare,92,2108.61,1 Year,14,46,2467,1,0.196,3,0
13e4792d,Manufacturing,39,549.27,1 Year,23,17,13945,1,0.454,9,0
65984b36,E-commerce,14,209.77,1 Year,20,4,38677,2,0.508,0,0
2b5ba120,Finance,6,50.0,1 Year,26,1,69714,2,0.807,10,0
61ec1211,Healthcare,12,50.0,Month-to-Month,5,6,198059,3,0.427,5,0
50d78728,Technology,14,182.91,2 Year,25,5,89772,3,0.534,12,0
2e784383,E-commerce,98,1031.44,2 Year,5,30,47333,3,0.762,18,0
18dbc5ea,E-commerce,24,50.0,Month-to-Month,34,12,54902,1,0.608,7,0
3c89c3cb,Technology,72,126.63,Month-to-Month,10,34,36914,2,0.907,20,0
5eafb194,Technology,373,3489.21,Month-to-Month,30,109,28508,2,0.57,1,0
31abc22f,Finance,47,502.47,Month-to-Month,2,30,76791,4,0.977,0,0
39cd293b,Finance,1234,12111.22,2 Year,13,426,9761,1,1.0,21,0
cda99a8a,Finance,9,50.0,Month-to-Month,30,4,20318,0,0.692,1,0
056589cd,Technology,43,574.64,1 Year,7,25,192413,3,0.684,1,0
1da5cf86,Healthcare,24,509.43,Month-to-Month,39,11,42400,2,0.712,1,0
f1a1cd7f,E-commerce,222,2280.65,1 Year,24,94,34508,2,0.763,1,0
7e515142,Technology,5,50.0,Month-to-Month,22,1,95119,1,0.625,22,1
a3ab12ee,Technology,6,357.42,1 Year,11,3,71778,0,0.834,18,0
65b10254,Finance,46,364.73,2 Year,16,22,19729,1,0.7,3,0
b576bc89,Technology,559,4995.46,Month-to-Month,22,144,49169,5,0.877,12,0
dc4b764c,Healthcare,76,1278.12,Month-to-Month,16,42,10252,1,0.309,15,0
22ec2ee5,Technology,7,246.75,Month-to-Month,29,2,2721,6,0.643,1,0
4c1e998e,Healthcare,9,50.0,1 Year,14,3,229505,3,0.803,2,0
099711d9,Finance,671,5924.47,Month-to-Month,6,230,66820,1,0.372,6,0
d1ba4a0c,Technology,21,50.0,2 Year,6,8,133512,1,0.686,10,0
e5e31f74,Healthcare,13,1139.28,Month-to-Month,1,6,89155,1,0.722,5,0
6f31cd40,Finance,500,4245.83,Month-to-Month,9,175,27937,2,0.946,15,0
13679fd8,Technology,248,2354.33,1 Year,34,102,98822,1,0.532,46,0
29aa954d,Technology,369,3681.83,Month-to-Month,38,272,77252,1,0.642,20,0
c907059a,E-commerce,13,290.24,1 Year,6,5,14937,1,0.489,19,0
4324eea0,E-commerce,5,50.0,Month-to-Month,77,2,48776,1,0.572,2,0
6e61fda1,E-commerce,66,747.09,2 Year,17,20,18193,3,0.924,23,0
ac97feeb,Finance,90,56.95,Month-to-Month,60,23,13330,2,0.594,47,0
91d5cfe0,Finance,94,988.71,1 Year,30,51,4263,1,0.458,8,0
a9c2107b,Finance,501,4683.8,Month-to-Month,31,259,39171,1,0.563,14,0
43a55dac,Manufacturing,5,50.0,Month-to-Month,3,2,24914,1,0.496,9,1
60ba1ae0,E-commerce,198,2397.41,1 Year,6,77,4608,2,0.512,48,0
99c99040,E-commerce,10,50.0,Month-to-Month,1,5,63355,4,0.492,9,1
d9a63fbe,E-commerce,197,2206.86,Month-to-Month,31,28,64197,2,0.5,6,0
1ac5a3f0,Manufacturing,26,513.41,Month-to-Month,11,11,13414,2,0.363,1,0
0168c2c5,Finance,16,794.98,Month-to-Month,38,8,156072,0,0.614,18,0
c9d59037,E-commerce,21,50.0,1 Year,10,6,75223,3,0.404,2,0
c19c6aa7,E-commerce,6,519.51,2 Year,42,3,81815,5,0.828,11,0
6820c6ff,E-commerce,58,588.23,Month-to-Month,4,22,185,0,0.538,2,1
57876945,Healthcare,17,50.0,2 Year,5,6,191839,1,0.682,11,0
25515212,Technology,177,1195.37,2 Year,11,66,231752,3,0.682,0,0
90927e9e,Manufacturing,142,1723.3,Month-to-Month,13,79,35384,0,0.233,1,0
a148db9b,E-commerce,686,6398.89,Month-to-Month,11,243,210040,0,0.547,12,0
e021372f,E-commerce,94,1198.9,Month-to-Month,35,32,47355,2,0.944,8,0
b2d5f506,Manufacturing,119,2153.92,1 Year,3,37,7192,1,0.445,8,0
b7479a52,Technology,445,4939.99,Month-to-Month,11,161,84162,1,1.0,0,0
b807cf3c,Finance,21,905.72,Month-to-Month,44,8,40831,1,0.709,19,0
28c153bb,E-commerce,5,50.0,Month-to-Month,2,2,20949,0,0.703,10,0
5007d8a4,E-commerce,73,1111.37,1 Year,69,23,13471,2,0.648,8,0
c0040108,E-commerce,6,50.0,Month-to-Month,103,2,36583,2,0.809,32,1
d6997a27,Technology,2166,21543.26,1 Year,3,998,58842,1,0.82,8,0
bf73a051,Manufacturing,484,5710.64,2 Year,9,148,104781,3,0.596,16,0
53a381e9,Manufacturing,1402,13716.08,1 Year,12,569,45644,2,0.514,2,0
cf3d4778,E-commerce,59,1145.68,Month-to-Month,36,23,26832,1,0.315,3,0
f635c13d,Healthcare,124,1747.82,Month-to-Month,22,50,50001,4,0.763,10,0
e58943a7,Manufacturing,27,807.37,Month-to-Month,25,9,34354,1,0.613,9,0
b96b411f,Technology,205,1416.5,2 Year,35,79,52776,3,0.431,0,0
5f67d7d0,Healthcare,8,342.6,2 Year,4,3,46948,0,0.484,0,0
41e6aaea,Manufacturing,5,50.0,1 Year,43,2,192413,3,0.586,2,0
1b266aa0,Technology,16,704.25,Month-to-Month,30,6,48675,1,0.404,7,0
c6ba775d,E-commerce,6,50.0,1 Year,21,3,58726,2,0.61,14,0
dc79daf8,E-commerce,501,5193.89,2 Year,53,271,111459,4,0.276,4,0
d455cd7d,Finance,831,8423.19,2 Year,29,222,122104,0,0.494,2,0
3018ef62,Healthcare,6,50.0,1 Year,6,2,7592,0,0.368,8,0
ec7331c6,Finance,379,3347.29,1 Year,14,205,30238,5,0.64,1,0
798eab34,Technology,227,1354.92,1 Year,17,94,143033,2,0.404,1,0
c22ca0a1,Healthcare,5,50.0,2 Year,2,1,160655,1,0.488,6,0
3331f957,Finance,30,574.61,1 Year,75,14,10538,1,1.0,34,0
18df2f46,Finance,22,317.68,Month-to-Month,4,11,29322,4,0.773,3,0
d43d9678,E-commerce,167,1754.7,1 Year,29,66,16331,2,0.72,19,0
d4796061,Manufacturing,8,50.0,2 Year,17,2,78208,2,0.86,37,0
1e86100e,Finance,47,1030.23,1 Year,1,7,95583,3,0.702,17,0
fa3b14ab,Finance,19,180.59,1 Year,63,7,31672,0,0.319,5,0
b2fe8138,Technology,111,1126.85,1 Year,46,40,56298,1,0.337,16,0
b89e3067,E-commerce,39,860.2,1 Year,18,11,101998,6,0.058,0,0
56974ee2,Finance,24,50.0,Month-to-Month,7,9,61810,2,0.64,19,0
3e61d55c,E-commerce,39,504.27,1 Year,4,13,8505,2,0.388,6,0
63902c54,Healthcare,1157,11781.73,Month-to-Month,11,482,62238,1,0.486,5,0
9c527327,Finance,29,50.0,2 Year,8,10,8655,2,0.536,13,0
e1e310be,E-commerce,11,436.19,2 Year,17,4,53029,0,0.478,26,0
2263a83c,E-commerce,130,1538.56,Month-to-Month,82,54,20288,3,0.593,2,0
b565bc34,Manufacturing,44,389.41,2 Year,21,23,2904,0,0.543,5,0
136ffa36,Finance,6,50.0,Month-to-Month,53,2,12840,1,0.523,10,0
ac28df76,E-commerce,1551,15771.77,1 Year,26,896,31591,3,0.29,9,0
21a6db1e,E-commerce,32,714.24,Month-to-Month,16,16,255935,4,0.648,2,0
824366a9,Healthcare,30,331.45,Month-to-Month,47,16,14766,1,1.0,0,0
294ad262,E-commerce,69,1250.09,2 Year,16,29,192646,2,0.655,1,0
b4a98ab1,Finance,731,7639.26,2 Year,49,271,22645,3,1.0,0,0
75cc3997,Manufacturing,5,50.0,1 Year,9,1,160957,1,0.486,0,0
0da407f4,Healthcare,82,117.55,Month-to-Month,4,47,156295,3,0.549,2,0
ee28b814,E-commerce,1250,13091.12,Month-to-Month,47,637,7709,4,0.596,12,0
dc2a0858,Healthcare,66,536.61,2 Year,22,19,88222,1,0.566,2,0
ebf00f4a,Manufacturing,8,162.09,Month-to-Month,53,3,36419,2,0.833,2,0
6a584ba1,E-commerce,21,779.65,Month-to-Month,67,6,57949,3,0.162,10,0
6fea7ae3,E-commerce,74,736.79,1 Year,2,31,74822,1,0.509,8,0
734d6c42,Healthcare,401,4028.63,2 Year,17,193,6649,2,0.933,7,0
4f5a7974,Technology,32,50.0,Month-to-Month,12,17,80215,4,0.501,10,0
c5edf58c,Finance,188,2065.0,2 Year,24,79,18033,2,0.786,4,0
f1b7a013,Technology,6,353.26,1 Year,38,2,65907,2,0.721,0,0
eec408d4,Finance,6,50.0,Month-to-Month,8,2,42625,1,0.585,5,0
0bdfcca2,Finance,26,50.0,1 Year,20,13,57705,3,0.663,4,0
b40c1709,Healthcare,472,6033.14,1 Year,30,226,48759,0,0.583,14,0
bd822859,E-commerce,60,553.55,Month-to-Month,4,23,83147,1,0.175,0,0
e7d23c9d,E-commerce,84,498.15,1 Year,41,17,112480,1,0.692,15,0
03aa247a,Healthcare,82,1173.29,1 Year,23,12,29810,2,0.477,12,0
21e53378,Technology,288,2854.6,Month-to-Month,72,121,24893,1,0.325,4,0
20cb7b88,E-commerce,21,50.0,Month-to-Month,10,5,13866,3,0.677,9,0
15be28b7,E-commerce,153,1771.53,Month-to-Month,3,53,84057,2,0.664,7,0
6aa7fe04,E-commerce,15,50.0,Month-to-Month,17,5,170583,0,0.796,2,0
4588fc80,E-commerce,1069,11478.23,Month-to-Month,3,649,10865,4,0.548,23,1
fc3f1278,E-commerce,16,407.25,1 Year,84,6,30609,3,0.772,2,0
18cc1efc,Finance,14,50.0,Month-to-Month,1,6,73557,3,0.604,1,0
f685078e,Finance,124,1294.67,Month-to-Month,34,55,50535,1,0.669,5,0
9f75549e,Technology,61,1061.64,Month-to-Month,18,9,84378,1,0.686,13,0
05d42608,Manufacturing,89,982.98,1 Year,12,32,813,4,0.334,2,0
d7201871,Finance,76,1821.05,1 Year,2,21,121151,1,0.675,20,0
4e7c955e,Finance,10,667.93,Month-to-Month,24,5,3165,2,0.621,8,0
ad5bc198,E-commerce,614,6383.8,2 Year,22,133,29482,0,0.546,2,0
d04822f6,E-commerce,208,1611.51,1 Year,8,74,16131,1,0.623,7,0
ffa25c0b,Healthcare,419,4116.56,1 Year,58,156,131689,3,1.0,2,0
020c6080,Finance,24,479.44,Month-to-Month,9,7,16089,0,0.216,2,0
453d7aa7,Technology,101,598.57,Month-to-Month,15,41,23367,1,0.574,1,0
0917756f,E-commerce,73,1376.71,2 Year,19,28,109614,1,0.762,8,0
3d0aa126,Healthcare,296,2472.92,Month-to-Month,3,123,38545,0,0.351,0,0
0a60ea58,Finance,311,2791.39,1 Year,65,140,114238,3,0.674,30,0
d3a50c7e,Finance,72,438.85,1 Year,12,30,54083,3,0.66,0,0
13d553d8,E-commerce,5,421.91,2 Year,3,2,4125,4,0.282,26,1
67bb64e0,Healthcare,787,7467.53,Month-to-Month,12,402,28527,2,0.483,4,0
c4fe84ac,Healthcare,125,350.01,1 Year,23,29,9702,2,0.957,8,0
b154696a,Technology,21,754.02,1 Year,18,9,3367,3,0.282,6,0
d3906533,Finance,100,777.81,Month-to-Month,29,29,23405,3,0.512,3,0
84d764c9,E-commerce,5,50.0,Month-to-Month,2,1,119532,3,0.567,3,0
9cadc216,Finance,265,2272.57,Month-to-Month,9,109,6259,6,0.601,1,0
f477df41,Healthcare,6,918.38,Month-to-Month,42,2,339,1,0.517,4,0
e67f4516,Finance,39,61.48,Month-to-Month,2,17,136737,1,0.616,10,0
d8cd7b30,Technology,78,718.32,1 Year,47,23,37762,1,0.593,8,0
acbfbd60,Technology,259,2366.54,1 Year,3,145,40887,4,0.742,19,0
6b88dd71,Technology,64,50.0,2 Year,44,22,131870,2,0.769,2,0
5b5eff30,Finance,141,1038.64,Month-to-Month,11,46,60228,2,0.688,1,0
87b5c675,E-commerce,52,50.0,Month-to-Month,23,14,87669,2,0.647,16,1
b86addf2,Finance,52,997.94,2 Year,4,13,73591,2,0.287,16,0
22e95f20,Finance,62,670.44,2 Year,2,16,47319,1,0.623,13,0
4e36e612,Technology,41,1651.34,1 Year,6,17,58301,1,0.823,1,0
fb79bdd7,Healthcare,5,50.0,Month-to-Month,4,2,41128,3,0.278,22,1
66350e2c,Healthcare,17,50.0,2 Year,9,5,21956,0,0.337,5,0
910222b4,Finance,78,1546.88,Month-to-Month,18,22,16798,2,0.898,4,0
e51b7b56,Healthcare,37,898.99,Month-to-Month,22,14,9675,4,0.3,1,1
5d656b31,Finance,43,622.38,1 Year,38,17,21847,1,0.579,1,0
9b0e3df8,E-commerce,33,50.0,1 Year,26,14,43006,2,0.49,1,0
48930c03,E-commerce,14,1012.5,Month-to-Month,23,4,44280,2,0.886,7,0
ddc85358,Technology,26,223.95,1 Year,13,9,57508,3,0.661,4,0
2836e2c2,Technology,34,124.66,1 Year,16,18,105774,4,0.758,1,0
3466aae7,Finance,55,1121.48,2 Year,13,15,52755,2,0.611,11,0
3f9d22aa,Finance,98,968.85,Month-to-Month,45,38,9369,1,0.999,3,0
f26c1580,Finance,41,50.0,Month-to-Month,7,18,1301,0,0.451,11,0
cda6a316,E-commerce,11,130.15,1 Year,1,3,10962,4,0.669,16,0
3cb5c57c,Finance,6,50.0,2 Year,26,2,119354,4,0.851,9,0
d4188bd1,E-commerce,2686,25355.33,Month-to-Month,6,714,41926,2,0.897,0,0
c0590050,E-commerce,10,50.0,Month-to-Month,53,4,94393,1,0.546,3,0
f4d374f7,E-commerce,25,50.0,Month-to-Month,48,10,13348,1,0.195,0,0
d3f4c9de,E-commerce,118,602.18,Month-to-Month,2,30,61873,2,0.523,4,0
bbeca39d,Finance,93,1217.62,2 Year,3,43,65777,1,0.949,18,0
a10c0cb0,Manufacturing,119,801.28,Month-to-Month,17,36,82914,1,0.447,16,1
1aed0dfe,Technology,28,519.21,1 Year,23,10,38341,1,0.658,1,0
aea5c76e,Healthcare,78,163.34,Month-to-Month,8,36,78875,1,0.539,11,0
971d8ce0,Technology,59,1044.61,Month-to-Month,31,17,137011,1,0.586,20,0
ed84ff78,E-commerce,34,50.0,2 Year,22,11,157787,1,0.862,19,0
a1a84cc6,Technology,78,50.0,1 Year,10,39,6701,2,0.651,16,0
1d0b9372,Technology,265,3268.63,1 Year,1,51,48949,3,1.0,2,0
1f45b861,E-commerce,52,92.05,1 Year,34,28,6022,3,0.795,36,0
b15f36aa,Healthcare,53,1408.46,Month-to-Month,6,13,127929,2,0.626,12,0
8f2fb98c,Finance,271,2992.3,1 Year,44,89,155494,2,0.581,11,0
84eb81e8,E-commerce,230,2695.13,Month-to-Month,14,98,34616,3,0.666,25,1
0ce5aa9a,E-commerce,587,6392.74,2 Year,21,270,160810,0,0.353,4,0
fb53b6a8,Finance,5,106.34,1 Year,50,2,72673,1,0.388,5,0
b274f205,Healthcare,212,2182.03,Month-to-Month,48,85,59526,1,0.751,5,0
f901571f,Technology,134,1980.67,2 Year,12,47,43465,2,0.784,1,0
8337ec3c,Manufacturing,14,195.68,1 Year,6,7,26109,2,0.335,3,0
4d8c188b,E-commerce,79,425.91,Month-to-Month,36,37,165907,1,0.772,12,0
5a2a5f0b,Finance,264,2932.88,Month-to-Month,14,136,10973,4,0.565,0,0
7b031a0f,Finance,15,50.0,2 Year,6,5,81110,2,0.434,6,0
83980613,Healthcare,106,1719.78,2 Year,57,17,22900,0,0.537,12,0
036d6bc0,Manufacturing,201,2680.22,1 Year,6,100,69968,2,0.778,13,0
962f2923,Healthcare,10,699.08,Month-to-Month,1,4,8937,1,0.722,24,1
d9c0b632,E-commerce,44,1019.89,Month-to-Month,1,18,23364,0,0.659,8,0
973e4f35,Finance,85,807.91,Month-to-Month,24,29,146074,1,0.676,2,0
fd0065b5,E-commerce,16,106.66,1 Year,27,5,40742,4,0.372,14,0
553d41f0,E-commerce,14,50.0,Month-to-Month,9,4,33789,2,0.709,7,0
7cd603e9,Technology,44,1314.02,2 Year,10,17,69737,1,0.509,16,0
3e6f8c86,Finance,181,1567.49,Month-to-Month,10,51,26983,3,1.0,2,0
28c286c9,Healthcare,143,1599.94,1 Year,28,68,33964,1,0.524,0,0
50f1e26e,Healthcare,14,267.02,Month-to-Month,2,8,41118,4,1.0,3,0
99a423c7,Manufacturing,145,779.79,Month-to-Month,64,49,230193,3,0.568,2,0
21b4394e,Technology,15,50.0,1 Year,7,3,81833,1,0.581,12,0
54179315,E-commerce,5,52.79,1 Year,120,1,2030,2,0.541,6,0
92449f79,E-commerce,31,83.12,1 Year,5,13,76535,3,0.348,4,0
507d47db,E-commerce,294,2895.28,Month-to-Month,36,130,34955,1,0.865,0,0
83d82adf,Finance,146,1992.71,Month-to-Month,7,81,13111,3,0.619,2,0
8c550268,Manufacturing,54,652.47,2 Year,3,26,96037,1,0.725,26,0
da4136d7,E-commerce,29,669.26,1 Year,50,6,15771,6,0.923,2,0
3478d6df,Finance,30,522.66,1 Year,47,8,19313,4,0.574,8,0
13473cf9,E-commerce,64,481.83,Month-to-Month,13,28,3253,3,0.581,17,1
0ce33918,Healthcare,10,50.0,1 Year,30,3,189945,2,0.629,3,0
fc7dd2bf,Finance,32,452.36,Month-to-Month,20,17,79330,2,0.343,16,1
7235094a,Technology,39,431.95,Month-to-Month,47,11,8014,2,0.234,3,0
487e975f,Healthcare,7,527.58,Month-to-Month,10,3,33623,2,0.299,8,0
f0a5851a,E-commerce,15,74.55,Month-to-Month,18,5,20529,3,0.848,3,0
a475ede2,Finance,101,861.33,Month-to-Month,16,43,1646,1,0.535,8,0
9e406c26,Finance,55,435.25,Month-to-Month,11,17,131016,2,0.757,2,0
bbde28ae,Finance,34,50.0,Month-to-Month,54,15,91445,1,0.548,16,0
cd9afb0e,Finance,13,853.45,1 Year,5,6,216862,0,0.284,6,0
a2a868e6,Technology,581,6379.81,2 Year,4,247,13887,1,0.773,24,0
1391b4b0,Finance,15,50.0,Month-to-Month,21,8,60101,2,0.422,9,0
3b57bdcd,E-commerce,79,1191.97,Month-to-Month,26,25,6287,2,0.716,17,0
34160877,E-commerce,26,50.0,Month-to-Month,6,10,28228,1,0.785,18,0
64fbc3af,E-commerce,57,1062.64,Month-to-Month,12,27,93780,1,0.591,7,1
e81f50db,Manufacturing,108,731.82,Month-to-Month,71,32,404,1,0.695,12,0
9335b3ef,Technology,6,239.95,Month-to-Month,7,2,32763,3,0.315,8,0
acd4fb56,Finance,54,50.0,1 Year,27,25,28519,0,1.0,0,0
0387947c,Healthcare,325,2650.65,2 Year,33,160,58720,2,0.688,12,0
ff1b3fcb,Finance,766,7894.35,2 Year,15,393,13585,2,0.756,50,0
04b0f5c4,E-commerce,44,89.55,1 Year,67,13,9514,5,0.787,20,0
eaff0d10,Healthcare,58,160.02,Month-to-Month,33,24,52591,1,0.572,0,0
aa590d15,E-commerce,1505,15747.93,1 Year,15,404,51257,0,0.616,27,0
7daacaa3,E-commerce,299,4095.48,1 Year,21,97,69672,2,0.817,2,0
4bf81b75,Finance,21,678.51,Month-to-Month,29,8,14178,2,0.526,0,0
ea1d55cc,Technology,21,50.0,2 Year,22,10,823,2,0.678,0,0
61f656ff,Healthcare,229,3171.76,1 Year,51,103,105169,2,0.694,5,0
13107a47,Healthcare,11,50.0,1 Year,11,4,11554,4,0.453,3,0
0e207f24,Technology,279,2637.75,Month-to-Month,9,124,27061,2,0.689,1,0
8e87a8ad,E-commerce,90,927.39,2 Year,6,40,31602,2,0.261,0,0
62270747,E-commerce,118,2142.02,1 Year,1,51,10371,3,0.784,4,0
2a316dde,E-commerce,37,826.33,Month-to-Month,2,12,36784,3,0.914,2,0
f8ae307d,Finance,21,50.0,Month-to-Month,49,6,122839,3,0.781,10,0
d5e921fa,Technology,489,4417.52,Month-to-Month,28,184,15828,1,0.899,4,0
8b0a3d7b,Technology,37,871.1,Month-to-Month,26,11,36733,1,0.448,5,0
25176765,E-commerce,29,50.0,1 Year,23,13,18458,1,0.555,14,0
e099bcd1,Finance,48,588.37,Month-to-Month,46,26,197448,2,0.625,4,0
aeb06c35,E-commerce,72,50.0,2 Year,16,32,12461,2,0.626,1,0
a8e4645d,Finance,11,394.63,2 Year,50,2,5789,2,0.513,3,0
286d8839,Healthcare,23,474.35,Month-to-Month,11,7,7693,0,0.417,11,0
6e78c57b,Manufacturing,21,50.0,Month-to-Month,63,8,22868,2,0.945,1,0
19ef4bc2,Healthcare,194,2455.81,Month-to-Month,29,49,40243,1,0.433,10,0
e3c16ea1,Manufacturing,14,417.37,Month-to-Month,8,5,55132,2,0.931,12,0
3b3129a9,E-commerce,5,420.01,Month-to-Month,20,2,41324,1,0.699,10,0
018ce46e,Finance,5,50.0,Month-to-Month,19,2,117977,1,0.641,4,0
a222cf81,E-commerce,6,149.48,2 Year,4,3,22337,1,0.709,10,0
3e2c59b7,Technology,420,4231.69,2 Year,22,117,62297,1,0.905,17,0
3955d531,Technology,55,475.91,2 Year,10,21,15611,1,0.075,3,0
717c1107,Technology,115,1235.25,1 Year,2,44,57247,1,0.672,3,0
c2a3a9cc,E-commerce,122,1848.22,2 Year,72,40,130059,3,0.63,31,0
7bb7f43d,E-commerce,59,1127.48,1 Year,25,24,191761,2,0.637,22,0
92ca026f,Technology,48,50.0,Month-to-Month,51,18,65410,1,0.788,3,0
159d0793,Finance,261,3102.7,1 Year,28,120,142752,3,0.478,1,0
be1fdb7d,E-commerce,67,1265.57,2 Year,11,35,57039,3,0.37,5,0
f59cc1ad,Finance,445,4374.41,Month-to-Month,18,183,165107,0,0.323,7,0
f38ddd0e,Manufacturing,138,1634.22,Month-to-Month,28,48,114149,3,0.419,1,0
97aeb4a8,Manufacturing,21,457.0,Month-to-Month,78,6,5637,0,0.737,0,0
af93358f,Healthcare,25,50.0,Month-to-Month,8,15,32134,0,0.701,17,0
a9326d7b,Technology,18,50.0,Month-to-Month,50,8,21343,2,0.777,25,0
69559eb4,Manufacturing,339,3765.41,Month-to-Month,62,149,1368,1,0.508,0,0
bfe7b8b9,Finance,29,50.0,2 Year,27,11,31452,1,0.517,18,0
a6bebaf0,E-commerce,16,647.75,2 Year,65,8,8029,2,0.931,5,0
bce5e2f2,Manufacturing,88,1532.49,2 Year,13,33,1856,1,0.804,1,0
23784f88,Healthcare,47,1041.84,Month-to-Month,74,10,29440,3,0.75,4,0
24b1413d,E-commerce,84,1829.9,Month-to-Month,30,35,13223,0,0.235,20,1
0e4fe144,Finance,929,9244.63,Month-to-Month,2,257,136893,3,0.992,1,0
b92fd19f,Manufacturing,214,2228.6,2 Year,57,91,83751,4,0.582,1,0
b1539f8e,Manufacturing,56,720.33,Month-to-Month,16,29,156373,1,0.635,33,1
b6b3185a,Manufacturing,6,50.0,1 Year,15,1,106627,0,0.69,3,0
8618ab57,E-commerce,25,521.09,Month-to-Month,21,7,65089,2,0.633,19,0
fcae47aa,Technology,158,724.4,Month-to-Month,4,76,45520,2,0.566,8,1
760e0984,Technology,9,192.45,Month-to-Month,16,3,3384,1,0.629,2,0
f6312139,Finance,1354,12851.28,1 Year,43,597,15449,3,0.727,3,0
cada4c56,Technology,55,68.69,Month-to-Month,1,24,62021,0,0.77,5,0
149d5f96,Healthcare,58,946.44,Month-to-Month,8,28,25639,1,0.844,1,0
aba723a5,E-commerce,20,100.44,Month-to-Month,1,6,19679,1,0.38,12,0
026cdb97,Finance,115,1498.81,1 Year,13,16,5488,6,0.491,5,0
26fc9d10,Healthcare,9,50.0,Month-to-Month,32,3,3638,1,0.771,22,1
c511a4c3,Healthcare,1404,14593.2,2 Year,39,341,11785,1,0.286,24,0
2d94a584,E-commerce,393,3810.46,Month-to-Month,70,193,89962,2,0.632,24,0
3028f23f,Finance,238,1402.54,Month-to-Month,23,94,54385,1,0.443,10,0
eef4a5e8,Technology,6,172.7,1 Year,8,2,20847,4,0.71,6,0
8f00a027,Healthcare,74,50.0,Month-to-Month,62,34,3148,3,0.431,0,0
5484b3ed,Finance,334,2613.64,1 Year,36,75,10435,2,0.528,14,0
a92fc0f4,E-commerce,132,878.53,2 Year,21,50,29881,3,0.542,0,0
7786c355,Technology,12,50.0,2 Year,29,5,8315,2,0.649,2,0
204fc48c,Finance,20,50.0,Month-to-Month,62,8,71900,4,0.792,18,0
75107d03,E-commerce,27,50.0,Month-to-Month,30,9,77708,3,0.806,19,0
67bb57da,Technology,22,50.0,2 Year,12,7,7359,6,0.641,5,0
136d6dc4,E-commerce,540,6170.92,Month-to-Month,30,299,64890,0,0.378,12,0
210b898b,Finance,5,50.0,1 Year,1,2,35896,1,1.0,2,0
14ab22af,Healthcare,146,344.62,2 Year,12,48,164013,1,0.583,22,0
5341f954,Technology,7,50.0,1 Year,13,3,77456,4,0.655,10,0
cd7f14d3,Healthcare,12,50.0,Month-to-Month,5,5,44009,0,0.648,19,1
8247ff89,Technology,5,50.0,1 Year,1,2,46268,4,0.671,4,0
13c76f31,E-commerce,23,585.17,Month-to-Month,4,10,9856,3,0.431,0,1
7f18bba9,Manufacturing,526,5035.92,Month-to-Month,26,150,112040,3,0.688,49,0
b365004f,Technology,81,233.7,Month-to-Month,39,44,40963,3,0.964,14,0
a49eb250,Manufacturing,9,313.13,Month-to-Month,107,4,42677,2,0.198,1,0
71f22912,Finance,251,3084.97,1 Year,11,106,42832,1,0.606,10,0
9861d91a,Technology,346,3728.44,1 Year,22,146,16164,1,0.376,29,0
d624e5ab,E-commerce,63,50.0,1 Year,67,24,83589,0,0.798,22,0
cebd74d3,E-commerce,1155,10992.51,2 Year,5,396,99148,3,0.828,28,0
e2e781d2,E-commerce,187,1893.72,Month-to-Month,31,84,16975,1,0.574,1,0
3e790ccc,Technology,152,1397.85,1 Year,34,48,29149,2,0.612,19,0
3d2d7f38,Manufacturing,16,50.0,Month-to-Month,3,6,9870,1,0.424,22,1
d5920eb5,Technology,139,898.62,1 Year,48,56,13626,4,0.128,1,0
cbbd6645,E-commerce,75,50.0,2 Year,41,32,20472,0,0.546,12,0
d574fdad,E-commerce,119,2193.89,Month-to-Month,1,58,116133,1,0.557,11,0
49858f19,Technology,19,203.56,1 Year,3,8,49196,0,0.609,11,0
ffbdb541,Finance,66,981.06,Month-to-Month,2,30,44330,3,0.0,8,1
94efe895,Healthcare,16,163.13,1 Year,10,3,146644,1,0.255,2,0
677af02f,Finance,5,73.17,1 Year,18,2,78347,0,0.303,1,0
34b27c6c,Finance,244,2408.95,1 Year,19,99,809,1,0.617,2,0
69ca9a8b,Finance,5,50.0,Month-to-Month,8,2,6638,0,0.717,24,1
da0b139f,Finance,64,50.0,1 Year,59,22,14234,2,0.367,2,0
87ab4be6,Healthcare,89,1083.11,1 Year,12,45,18114,3,0.545,5,0
b42892d8,Healthcare,89,983.92,Month-to-Month,2,37,89807,1,0.484,5,1
a30179e9,Manufacturing,35,819.14,Month-to-Month,9,11,73463,2,1.0,25,0
60a540b5,E-commerce,82,1187.68,Month-to-Month,19,28,7858,1,0.523,1,0
dd6a77ec,Finance,110,695.74,Month-to-Month,13,53,38171,5,0.515,6,0
be216258,E-commerce,164,2206.3,Month-to-Month,8,64,5777,0,0.437,16,1
2776e0d9,Finance,735,7732.51,Month-to-Month,4,293,9490,4,0.22,0,1
b91303fc,Manufacturing,77,1115.42,2 Year,42,29,13865,4,0.729,13,0
bb2c95ed,Technology,60,1724.66,2 Year,120,30,117849,3,0.547,0,0
84c85ff3,Healthcare,14,1161.98,2 Year,10,6,22763,3,0.522,6,0
6a115603,E-commerce,104,1384.96,2 Year,12,29,123738,1,0.636,1,0
6d9dc757,Technology,148,1762.6,Month-to-Month,24,44,69463,4,0.284,4,0
1fc51cc2,Manufacturing,40,940.83,Month-to-Month,31,16,69196,1,0.954,0,0
ca7df172,E-commerce,123,938.02,2 Year,12,41,81352,1,0.236,18,0
52696892,E-commerce,35,65.09,1 Year,57,6,5044,3,0.955,1,0
27228612,Finance,149,1826.71,Month-to-Month,20,48,84266,3,0.597,2,0
accdcea7,Manufacturing,214,1711.76,Month-to-Month,15,79,14556,4,0.523,6,0
1150b6f4,Finance,210,2396.38,Month-to-Month,25,75,206544,0,0.734,0,0
0efeb5fd,Manufacturing,65,728.42,Month-to-Month,74,30,94260,0,0.531,25,1
4b8f3dbf,E-commerce,11,50.0,Month-to-Month,38,1,284873,2,0.786,5,0
e6c6b9f3,E-commerce,21,222.93,2 Year,1,6,138323,2,0.662,7,0
fb61152d,E-commerce,133,1982.54,1 Year,10,63,22293,0,0.743,20,0
fc5c29ed,Finance,2149,21531.19,Month-to-Month,16,716,142099,3,0.808,8,0
878b60c5,Finance,32,363.27,Month-to-Month,10,8,20041,2,0.565,0,0
47d1fe91,Finance,108,1244.49,2 Year,29,35,53833,3,0.793,16,0
cba987be,Finance,23,459.59,Month-to-Month,43,10,85366,1,0.704,24,0
f080e34c,Technology,12,50.0,1 Year,32,4,24060,3,0.867,16,0
6a4fed2c,Finance,19,365.13,Month-to-Month,109,6,11399,5,0.527,2,0
289fb6dd,Healthcare,5,50.0,Month-to-Month,8,2,112635,3,0.873,6,0
9993c52a,Manufacturing,415,3750.46,Month-to-Month,50,181,5450,4,0.445,3,0
ea33b0d0,Technology,5,50.0,2 Year,35,1,22704,2,0.199,9,0
f1e072f2,Manufacturing,36,594.88,Month-to-Month,11,14,38888,2,0.327,18,1
4bcc69bf,Manufacturing,9,170.12,Month-to-Month,32,2,81673,2,0.534,5,0
91f3aeb2,Finance,14,72.82,Month-to-Month,3,7,101568,3,0.653,8,0
f15f2287,Finance,430,4645.38,1 Year,38,224,35834,3,0.603,0,0
d0cebb50,Technology,73,919.43,1 Year,19,27,42595,3,0.757,4,0
c8aaaa2b,E-commerce,12,50.0,Month-to-Month,9,6,96147,2,0.36,9,0
0f373a27,Finance,22,50.0,Month-to-Month,26,7,31462,0,0.945,46,0
1ac96883,Technology,17,50.0,1 Year,25,6,40947,3,0.869,3,0
5b0edc50,Finance,51,50.0,1 Year,6,17,930,4,0.787,1,0
70adc390,Finance,70,770.28,2 Year,1,27,150918,4,0.853,22,0
37c2ed51,E-commerce,937,8938.93,1 Year,14,381,41825,0,0.289,8,0
3edead0a,E-commerce,5,50.0,1 Year,21,1,65019,2,0.74,54,1
53940f4e,E-commerce,51,446.2,Month-to-Month,51,19,14245,0,0.748,2,0
3a60df48,Healthcare,34,862.0,1 Year,64,14,53441,1,0.793,2,0
f7fd1d70,Technology,225,2714.4,2 Year,19,118,30811,1,0.769,4,0
84f6c9be,Finance,92,892.65,Month-to-Month,34,18,5965,3,0.689,8,0
54d189ec,Healthcare,132,1952.75,Month-to-Month,14,78,88646,2,0.681,0,0
e07b0a36,Technology,91,50.0,1 Year,33,33,91422,1,0.838,4,0
bda87dee,Manufacturing,13,1068.61,1 Year,6,5,3291,0,0.475,0,0
4596622c,Technology,335,3696.25,1 Year,12,178,24764,0,0.673,10,0
cc6c7bb4,Technology,180,1851.4,Month-to-Month,25,82,16525,2,0.489,4,0
c3ca45cb,E-commerce,215,1704.32,Month-to-Month,1,97,36321,3,0.57,35,1
30311283,E-commerce,363,3410.97,Month-to-Month,31,190,33549,2,0.066,1,0
955d90e5,Healthcare,102,1324.68,2 Year,44,39,53417,2,0.426,22,0
1f13b810,E-commerce,503,5346.04,2 Year,13,247,14216,1,0.513,0,0
9add8152,Finance,96,1294.2,Month-to-Month,15,26,12532,1,0.515,10,0
22f10e81,Finance,39,50.0,Month-to-Month,46,17,64245,1,0.533,29,0
6bfcd3bc,Technology,54,75.08,Month-to-Month,36,24,186914,0,0.363,12,0
00b00153,E-commerce,52,617.6,Month-to-Month,9,26,146258,2,0.534,0,0
8ef62546,Healthcare,25,634.93,Month-to-Month,10,11,78507,2,0.817,10,0
446852ed,Finance,631,6311.59,Month-to-Month,28,265,3492,0,0.54,3,0
3283a3ec,E-commerce,85,1590.74,1 Year,20,31,13575,2,0.86,13,0
4494f549,Healthcare,62,636.57,1 Year,5,22,58499,2,0.847,6,0
a6373d2e,Technology,97,969.65,Month-to-Month,9,35,17532,3,0.483,9,0
69951186,E-commerce,4768,48015.28,1 Year,56,1288,25012,0,0.714,0,0
f57b8418,E-commerce,9,699.62,1 Year,28,5,153612,1,0.337,3,0
f5426680,E-commerce,15,50.0,Month-to-Month,103,7,4513,0,0.389,3,0
fc83fa6c,Technology,6,50.0,1 Year,35,2,98752,1,0.622,5,0
1a478086,Finance,38,223.37,Month-to-Month,69,18,2580,1,0.702,21,0
fa9aef46,E-commerce,78,2359.47,Month-to-Month,6,37,20620,4,0.923,4,0
d6d4ce61,E-commerce,27,139.27,Month-to-Month,36,8,40529,2,0.567,12,0
44ac197f,Finance,24,179.11,2 Year,1,11,22032,3,0.635,4,0
dc6d6c30,Technology,67,979.18,1 Year,27,35,157510,4,0.62,2,0
59ea213e,Technology,25,738.46,Month-to-Month,16,8,35096,1,0.959,6,0
bdd0698f,E-commerce,86,944.89,2 Year,11,21,66182,2,0.868,2,0
a96a99a7,Technology,290,3482.17,Month-to-Month,48,82,60544,2,0.677,0,0
330ecf71,Technology,150,903.01,2 Year,47,58,90118,2,0.759,2,0
de954248,Technology,204,1656.96,1 Year,1,56,99723,0,0.67,0,0
0a28e95c,Technology,278,3361.24,1 Year,23,106,31397,0,0.815,0,0
5b7f912c,E-commerce,83,835.47,1 Year,12,27,99389,2,0.772,13,0
c5f85777,E-commerce,43,50.0,1 Year,13,17,52986,2,0.54,11,0
35049e0a,E-commerce,17,50.0,2 Year,43,5,57927,3,0.62,1,0
1221779f,Technology,30,50.0,2 Year,9,11,9511,2,0.632,0,0
2a7c40a5,Finance,24,241.06,Month-to-Month,69,11,14058,1,0.63,0,0
c30d91b3,Technology,163,1863.69,Month-to-Month,5,49,58183,3,0.498,13,0
48df029c,Technology,91,745.47,Month-to-Month,27,38,15437,2,0.667,5,0
f2fe84c1,Healthcare,155,1742.5,Month-to-Month,27,48,33671,4,0.498,5,0
34f171be,Technology,9,50.0,Month-to-Month,7,3,33663,2,0.483,0,0
485d5381,Healthcare,467,5281.96,Month-to-Month,10,182,13331,2,0.576,16,0
510d8281,Finance,28,1555.92,Month-to-Month,44,12,41792,2,0.654,3,0
b2642bfe,Technology,10,50.0,1 Year,35,4,41477,1,0.845,5,0
85a33d98,Finance,28,519.97,2 Year,10,14,6906,2,0.742,5,0
f9674267,Technology,2265,22849.21,Month-to-Month,19,900,23991,2,0.822,21,1
e7683670,Technology,30,369.35,Month-to-Month,2,10,22771,0,0.955,17,1
a5dcaf59,E-commerce,33,656.63,Month-to-Month,6,16,41286,2,0.483,3,0
cc8b9af8,Healthcare,40,639.41,2 Year,16,17,69181,0,0.742,0,0
2ee35fa2,Finance,43,194.47,Month-to-Month,3,21,920,4,0.75,8,0
1a7c0062,E-commerce,16,818.27,2 Year,45,6,7110,1,0.651,3,0
ae4ae2b7,Manufacturing,67,770.83,2 Year,31,18,17976,3,0.779,3,0
d4882b3e,E-commerce,274,2547.6,2 Year,70,171,83145,3,0.618,21,0
45b8fe2c,Finance,87,2091.6,Month-to-Month,29,29,32746,0,0.734,13,0
38501130,E-commerce,10,50.0,Month-to-Month,68,2,35758,3,0.317,4,0
0372abf2,E-commerce,32,447.47,2 Year,20,15,26314,2,0.6,10,0
1547f47d,Technology,23,317.72,Month-to-Month,23,7,26819,3,0.742,2,0
f501888e,Healthcare,59,525.05,1 Year,91,21,189838,1,0.806,11,0
875ce0d3,Technology,401,4234.33,Month-to-Month,25,165,114454,2,0.428,0,0
853b23e8,E-commerce,43,50.0,Month-to-Month,1,16,64707,2,0.584,10,0
f704b76d,Manufacturing,47,768.27,2 Year,31,17,19584,1,0.387,21,0
3b94cbc2,Finance,785,6970.82,1 Year,57,438,36045,3,0.522,8,0
cf0640e4,E-commerce,203,1380.97,1 Year,39,78,58464,2,0.663,4,0
b844e5e4,Manufacturing,129,2202.86,1 Year,22,39,25091,1,0.807,8,0
644ab16c,Healthcare,1029,9661.91,1 Year,27,512,37166,2,0.781,4,0
3ee05e85,Manufacturing,113,150.02,1 Year,111,37,7874,2,0.645,3,0
9d1c9529,E-commerce,5,50.0,2 Year,3,1,4912,1,0.47,0,0
02a199a8,Healthcare,190,2770.03,2 Year,27,58,9154,3,0.572,2,0
5e7d1f77,Finance,5,50.0,1 Year,8,2,70459,1,1.0,22,0
ffc0046e,Technology,107,592.09,Month-to-Month,25,43,10533,1,0.32,1,0
d02ca876,Healthcare,5,50.0,Month-to-Month,23,1,129328,0,0.358,10,0
cc4e3a2f,E-commerce,27,132.94,Month-to-Month,4,11,22986,2,0.635,9,1
2fc3e981,Finance,31,91.99,Month-to-Month,6,14,9258,5,0.741,2,0
e47cb0be,E-commerce,17,50.0,Month-to-Month,24,7,87218,3,0.773,14,0
bb6ed54a,Healthcare,32,1248.07,Month-to-Month,4,9,30499,0,0.658,5,1
d2962163,Technology,256,1960.46,Month-to-Month,8,85,24588,4,0.296,15,1
8c72fc68,Manufacturing,18,128.91,Month-to-Month,44,8,19983,0,0.556,0,0
a0829a43,Manufacturing,123,1399.3,1 Year,10,39,20062,2,0.247,1,0
77b0f5ae,Technology,12,50.0,Month-to-Month,17,5,54449,1,0.679,4,0
086675c0,Healthcare,41,653.29,1 Year,68,19,38896,0,0.691,6,0
bee36c34,Technology,88,680.09,Month-to-Month,7,20,31521,6,0.575,7,1
eeb1ad46,Healthcare,12,307.15,1 Year,12,4,29623,3,0.363,15,0
7c2c2a1e,Healthcare,7,50.0,2 Year,23,3,7657,0,0.436,23,0
2e80fe11,Finance,114,114.73,Month-to-Month,34,43,87977,0,0.275,3,0
a2686cc2,E-commerce,294,3593.05,2 Year,56,105,130760,3,0.59,21,0
bcc139f8,Technology,48,1515.23,1 Year,60,23,81026,2,1.0,3,0
b91c78be,E-commerce,27,181.62,Month-to-Month,36,13,30007,2,0.58,0,0
fbbc6173,E-commerce,68,231.02,Month-to-Month,7,22,179124,3,0.516,8,0
4607f0c6,Finance,59,1343.01,2 Year,1,34,48201,1,0.643,10,0
9b00be90,Manufacturing,78,1725.19,1 Year,12,17,74379,1,0.37,3,0
10e7641a,E-commerce,5,50.0,Month-to-Month,4,1,67589,3,0.377,1,1
f02bcef4,E-commerce,10,50.0,2 Year,30,3,61518,1,0.476,1,0
10d3823d,Finance,15,110.04,1 Year,26,5,51359,1,0.777,5,0
eb7657f9,Technology,68,50.0,1 Year,2,25,11888,0,0.667,5,0
f6fea18d,E-commerce,72,574.44,2 Year,44,24,17439,3,0.568,3,0
287b1c6f,Finance,141,2267.47,1 Year,7,46,108893,4,0.75,2,0
674456a8,Healthcare,80,715.66,Month-to-Month,14,30,9920,1,0.942,0,0
46394a2e,E-commerce,7,50.0,1 Year,27,2,8241,4,0.747,11,0
ed885114,E-commerce,478,5028.34,2 Year,14,223,16714,0,0.396,4,0
a804592a,Finance,367,3336.4,Month-to-Month,14,147,22509,0,0.223,2,0
0eeaa565,Manufacturing,8,50.0,Month-to-Month,2,3,40274,1,0.251,7,1
beae9e23,Finance,89,255.58,Month-to-Month,13,34,46511,2,0.774,21,0
3f84609f,E-commerce,22,50.0,Month-to-Month,35,11,78192,2,0.448,2,0
f724c07a,Manufacturing,67,1038.83,Month-to-Month,60,23,3812,1,0.764,9,0
eb7b2024,E-commerce,265,2707.93,2 Year,13,72,11674,5,0.509,24,0
54469dcc,E-commerce,1332,12931.97,2 Year,14,402,35176,3,0.678,4,0
cc579faa,Finance,168,1739.77,Month-to-Month,30,63,14438,2,0.74,29,0
a3e837bc,Finance,84,536.43,1 Year,69,37,103369,3,0.443,0,0
3ee7d79d,Manufacturing,32,50.0,1 Year,8,15,51105,4,0.765,1,0
ef3d90c5,E-commerce,71,1292.02,Month-to-Month,14,40,33690,1,0.468,7,0
9430e473,Technology,419,4581.44,Month-to-Month,39,198,22,0,0.46,6,0
17993644,Finance,51,499.36,Month-to-Month,23,15,97825,3,0.764,40,1
79a23217,Finance,14,212.17,1 Year,3,5,30889,1,0.726,1,0
18fbdef0,Healthcare,5,50.0,Month-to-Month,24,1,37901,2,0.692,46,1
72dd842f,E-commerce,117,1413.5,Month-to-Month,5,43,59911,3,0.379,19,1
8ad63bff,Finance,79,390.25,Month-to-Month,18,26,138593,1,0.523,2,0
8f5b2096,Technology,20,631.25,2 Year,19,3,8611,2,0.738,4,0
9b69acc3,E-commerce,254,2716.78,1 Year,51,155,3692,2,1.0,1,0
4f34454b,Manufacturing,29,158.47,Month-to-Month,15,10,6500,2,0.962,23,0
b10be789,Finance,44,196.11,2 Year,8,8,67493,2,0.506,4,0
bd8a7a4f,Technology,53,950.57,Month-to-Month,7,19,6921,3,0.468,0,0
ba7eaa7b,Technology,32,244.76,1 Year,50,18,34755,2,0.946,8,0
2e1d4f9b,Technology,77,420.55,Month-to-Month,5,45,61293,0,0.72,2,0
98b38b58,Technology,307,2877.72,Month-to-Month,14,124,62372,2,0.506,4,0
03485348,Technology,9,474.6,2 Year,5,3,26073,1,0.625,6,0
08b95608,E-commerce,113,324.72,1 Year,36,59,59968,0,0.35,0,0
1ece02e1,Healthcare,70,522.3,Month-to-Month,16,26,149797,3,0.802,6,0
ed6b34dc,Healthcare,68,1215.29,Month-to-Month,11,30,1418,1,0.88,3,0
f8e82a1a,Manufacturing,201,1925.89,Month-to-Month,11,97,55642,3,0.908,12,0
d23ece31,E-commerce,58,716.41,1 Year,46,16,36971,0,0.825,2,0
5758a083,Technology,112,1663.38,Month-to-Month,20,62,11950,2,0.536,28,1
35799185,E-commerce,159,2036.16,1 Year,31,49,18387,1,0.779,13,0
0405f21a,Healthcare,25,50.0,2 Year,55,8,90746,1,0.892,1,0
559d35b3,Healthcare,85,784.8,Month-to-Month,56,34,44203,2,0.789,1,0
41edfcfd,E-commerce,37,822.38,2 Year,10,18,731,2,0.771,4,0
61a24dd4,E-commerce,44,909.73,Month-to-Month,74,20,168139,2,0.638,0,0
6aee162c,Finance,33,285.97,1 Year,1,13,54858,2,0.419,0,0
6e2482c8,E-commerce,110,1073.23,1 Year,12,47,29227,1,0.971,12,0
08b91de4,Healthcare,61,743.84,Month-to-Month,55,30,62297,1,0.593,3,0
2da0e42e,E-commerce,98,1663.45,Month-to-Month,8,39,11443,2,0.843,2,0
32ba3d06,Finance,53,1063.78,2 Year,8,16,15086,0,1.0,4,0
9cb40493,Technology,5,396.69,Month-to-Month,9,1,8251,5,0.782,40,1
3e170fd3,Finance,57,50.0,1 Year,23,27,25297,3,0.835,23,0
7bd6ef44,E-commerce,60,462.58,Month-to-Month,14,19,117536,3,0.413,2,0
356663fa,Healthcare,78,668.86,Month-to-Month,32,18,24599,0,0.455,0,0
0af419da,Healthcare,22,929.24,1 Year,55,8,16989,1,0.853,3,0
3dc75dbf,Finance,9,50.0,1 Year,27,3,60796,0,0.49,0,0
7204b158,E-commerce,139,2016.72,Month-to-Month,6,67,101859,0,0.332,2,0
c4d0aeb1,E-commerce,36,74.65,1 Year,65,9,14001,3,0.268,9,0
c9381d50,Finance,70,454.56,Month-to-Month,8,30,82492,1,0.557,0,0
2b7bd9a9,E-commerce,35,590.73,Month-to-Month,4,18,18178,2,0.554,1,1
2a1f5f43,Technology,54,1324.07,Month-to-Month,3,17,14205,1,0.8,5,0
44a2bad9,Technology,27,164.11,1 Year,20,11,32023,0,0.402,12,0
cd824ea2,Healthcare,12,50.0,Month-to-Month,3,2,3453,4,0.875,7,0
3d8093e1,E-commerce,111,327.91,1 Year,4,54,99110,2,0.357,13,0
2383c271,Healthcare,22,368.98,1 Year,9,10,103709,3,0.363,0,0
5205aad0,Finance,69,50.0,Month-to-Month,8,27,56563,0,0.628,1,0
41853983,Manufacturing,101,577.22,1 Year,23,26,18040,1,0.611,22,0
f16326b8,Healthcare,22,226.17,2 Year,41,10,9118,3,0.716,32,0
ea440ba6,E-commerce,8,50.0,Month-to-Month,35,3,59999,2,0.365,17,0
75a65797,E-commerce,2077,20580.14,1 Year,8,253,5439,5,0.671,12,0
4b8fc929,Technology,24,50.0,Month-to-Month,7,11,26475,0,0.264,0,0
bd9f0fd2,E-commerce,139,640.41,1 Year,82,71,4650,2,0.161,65,0
2c730379,Healthcare,1001,9608.91,1 Year,1,534,27796,0,0.966,2,0
393aec97,Finance,178,1245.4,1 Year,51,48,7222,5,0.809,5,0
631004d9,E-commerce,34,574.74,2 Year,6,7,1635,0,0.599,9,0
870cf881,Healthcare,49,1088.26,Month-to-Month,71,17,29867,6,0.195,7,1
840a462d,Finance,15,50.0,Month-to-Month,11,6,41931,0,0.508,46,1
6465ba25,Healthcare,204,1741.94,Month-to-Month,14,62,28932,2,0.69,8,0
51e81e44,Healthcare,127,1062.9,1 Year,30,30,9688,2,0.508,2,0
56cd195e,Finance,25,50.0,2 Year,22,11,4029,3,0.912,8,0
668c176a,Healthcare,11,50.0,Month-to-Month,10,4,6754,3,0.726,3,0
8f560e3d,E-commerce,7,50.0,Month-to-Month,20,3,64935,1,0.415,10,0
a0515147,E-commerce,239,1725.24,1 Year,32,95,800,5,0.281,0,0
e380ecf4,Technology,65,1466.0,Month-to-Month,2,24,99504,3,0.775,3,0
70928c78,Finance,75,404.79,Month-to-Month,1,29,91656,0,0.768,7,0
d6b4698d,Finance,15,50.0,Month-to-Month,15,5,106208,1,0.751,14,0
83781acd,Healthcare,6,50.0,1 Year,4,2,105493,4,0.937,17,0
65a02363,E-commerce,231,1514.79,Month-to-Month,27,66,55058,3,0.692,24,0
bbcef675,Technology,58,609.74,Month-to-Month,6,26,94006,2,0.619,4,0
6027b452,Healthcare,212,2095.82,1 Year,14,111,65527,2,0.753,8,0
aa7a41b3,Manufacturing,30,327.94,2 Year,6,10,17842,4,0.847,8,0
15a24156,Healthcare,38,359.64,Month-to-Month,20,22,70350,1,0.737,22,0
7781138a,E-commerce,159,1403.64,1 Year,3,69,47800,2,0.606,18,0
2d99d33a,Technology,163,902.05,1 Year,1,69,1393,0,0.794,5,0
077d7600,Technology,180,1762.67,2 Year,2,83,77173,2,0.619,9,0
1bf73b1c,Technology,35,859.46,1 Year,75,17,102333,2,0.502,24,0
a4c165be,Technology,137,2276.84,1 Year,4,48,36435,4,0.624,86,0
9e3afec0,Finance,288,2761.0,1 Year,30,131,33376,0,0.536,13,0
ef12e1fa,Technology,46,395.2,Month-to-Month,2,23,27867,3,0.583,0,0
63028ef1,Healthcare,25,500.21,1 Year,3,9,63440,3,0.431,22,0
4ad1572a,Technology,409,4836.62,1 Year,18,163,12132,1,0.8,6,0
22d291d1,E-commerce,20,50.0,Month-to-Month,16,6,74346,1,0.643,4,0
24fc2a16,Technology,140,1746.33,Month-to-Month,73,49,17289,0,0.742,3,0
4f60f088,E-commerce,50,88.59,Month-to-Month,70,18,15156,2,0.696,16,0
aee8321b,E-commerce,5,214.92,Month-to-Month,37,1,82821,2,0.42,22,0
cada3275,E-commerce,296,3445.3,1 Year,23,116,9580,0,0.865,11,0
1f60e53f,Technology,5,50.0,2 Year,15,2,99213,2,0.555,0,0
9cf12d83,Healthcare,5,50.0,Month-to-Month,11,2,190531,2,0.528,43,0
6b45946f,Healthcare,120,1677.39,Month-to-Month,71,38,19273,4,0.643,8,0
e032a27b,Finance,120,1508.08,2 Year,23,40,131466,1,0.647,17,0
c8f712a3,Finance,20,717.97,1 Year,21,9,41783,4,1.0,12,0
ab86cde7,Technology,68,1104.22,2 Year,7,23,15010,0,0.719,4,0
d38fde7c,Finance,5,50.0,Month-to-Month,2,2,30131,3,0.503,24,1
ff6441e7,Manufacturing,157,2669.6,2 Year,70,51,80485,2,0.98,3,0
687aded6,Finance,79,858.45,2 Year,10,34,54926,2,0.274,38,0
c1a97507,Finance,50,50.0,Month-to-Month,15,23,34138,0,0.504,41,0
4472174d,Technology,56,418.83,Month-to-Month,3,7,14874,2,0.489,0,0
01315d48,E-commerce,114,905.41,Month-to-Month,44,55,64693,1,0.599,1,0
5a3ee58b,E-commerce,52,917.62,Month-to-Month,1,27,18794,1,0.669,2,0
a6f4c4ff,E-commerce,5,50.0,2 Year,44,1,20094,2,0.687,4,0
4ce305d8,Technology,1472,15269.48,Month-to-Month,4,639,68695,2,0.683,10,0
f461715f,Finance,330,3579.05,1 Year,53,104,40871,3,0.726,4,0
f910ac0d,Manufacturing,7,50.0,2 Year,32,3,10279,1,0.588,27,0
9e977a5d,Manufacturing,32,249.81,Month-to-Month,5,20,58095,3,0.858,6,0
2f69f623,E-commerce,38,50.0,1 Year,21,6,14923,4,0.278,8,0
691db4e6,Finance,275,2842.38,Month-to-Month,9,96,71458,2,0.09,9,1
b5e3f38e,E-commerce,5,50.0,Month-to-Month,5,2,32573,1,0.748,5,0
fc32f07a,Healthcare,25,287.22,2 Year,48,13,45191,2,0.534,10,0
8fab1822,Healthcare,5,50.0,Month-to-Month,13,1,45936,3,0.943,0,0
de1d7f55,Finance,35,273.89,Month-to-Month,13,11,7938,2,0.809,6,0
5d50620a,E-commerce,26,1285.47,1 Year,5,8,52559,2,0.718,4,0
0b967956,Technology,61,429.76,1 Year,12,20,100918,4,0.503,2,0
77f52b0d,Technology,22,50.0,1 Year,50,8,110913,2,0.735,0,0
8d301d15,Technology,17,677.91,2 Year,11,4,58326,3,0.521,15,0
cb590ad4,E-commerce,138,1883.98,Month-to-Month,73,51,173649,2,0.612,1,0
ab010678,Finance,107,80.53,1 Year,71,32,45599,3,0.535,1,0
cd8535af,Finance,124,889.55,2 Year,4,48,14710,2,0.652,1,0
d620a1bd,Manufacturing,41,627.91,Month-to-Month,5,13,53965,4,0.55,39,1
ba202832,Healthcare,23,492.1,1 Year,48,8,119941,1,0.8,2,0
d773da98,Technology,45,447.64,Month-to-Month,12,13,22224,1,0.691,2,0
262adb80,E-commerce,115,1158.91,Month-to-Month,1,56,15383,3,0.498,34,1
58240a66,E-commerce,5,50.0,Month-to-Month,8,1,169816,0,0.511,9,0
76839685,Technology,98,50.0,1 Year,22,39,72739,0,0.346,11,0
26c6f52c,E-commerce,86,1884.75,2 Year,39,33,2552,3,0.21,16,0
56f52308,Technology,59,105.67,1 Year,4,23,41183,1,0.787,7,0
e6ec0a85,Manufacturing,43,518.25,2 Year,3,17,13356,3,0.529,7,0
55894c5c,E-commerce,5,50.0,Month-to-Month,62,2,16900,0,0.357,63,1
00cde16e,Finance,28,728.6,Month-to-Month,34,10,4583,3,0.689,11,0
3c606715,E-commerce,799,8047.45,2 Year,22,262,13132,3,0.456,12,0
08abdf72,Manufacturing,55,626.72,2 Year,36,22,35182,2,0.586,0,0
7e93c377,Finance,34,50.0,Month-to-Month,14,11,4091,2,0.342,1,0
936080fd,E-commerce,56,143.33,1 Year,35,21,110224,2,0.73,7,0
da72b787,E-commerce,92,1292.32,Month-to-Month,12,27,74672,2,0.618,13,0
a682774a,Technology,146,1787.33,Month-to-Month,7,73,24013,1,0.7,14,0
03cd3198,Healthcare,38,50.0,2 Year,32,12,6976,1,0.514,15,0
36087455,Technology,103,240.99,1 Year,14,53,255575,1,0.649,12,0
12fbf96a,Manufacturing,675,6813.29,Month-to-Month,96,265,41426,0,0.309,1,0
fe829639,Finance,246,1006.61,Month-to-Month,11,119,27493,2,1.0,17,0
d67cbe98,Finance,1827,17695.66,Month-to-Month,62,590,11072,1,0.683,14,0
82844821,Manufacturing,20,1080.08,1 Year,65,4,11358,3,0.941,4,0
578744f1,Finance,674,7462.53,Month-to-Month,7,158,79533,2,0.547,5,0
87e41ebc,Technology,16,403.62,2 Year,39,10,36686,2,0.39,8,0
c2246632,E-commerce,92,1073.67,2 Year,14,31,206764,0,0.502,49,0
31f41058,Finance,163,654.91,Month-to-Month,60,83,152984,1,0.591,13,0
1fd1a66c,Technology,25,50.0,1 Year,15,6,11585,2,0.577,18,0
9b373eb7,E-commerce,62,472.42,1 Year,33,25,368916,2,0.972,2,0
32fce7b1,E-commerce,213,1770.29,Month-to-Month,16,92,215605,1,0.429,7,0
19cec9af,Finance,18,50.0,Month-to-Month,7,12,80292,1,0.479,8,0
88d003ca,E-commerce,667,7319.61,2 Year,6,245,24789,2,0.743,0,0
8e7e7ee0,Finance,6,50.0,Month-to-Month,14,1,12689,3,0.283,1,0
e3902840,Finance,1001,9839.53,1 Year,34,435,5443,2,0.592,2,0
3763cbe8,Manufacturing,245,2819.77,Month-to-Month,23,75,2668,1,0.628,21,1
b454dd1f,Finance,47,50.0,Month-to-Month,29,20,85963,5,0.687,14,0
7ff4d454,E-commerce,29,50.0,1 Year,8,11,145534,2,0.67,6,0
96c03418,Finance,25,50.0,2 Year,16,8,74042,1,0.998,15,0
4ed9f311,Technology,44,467.8,Month-to-Month,2,19,71155,1,0.423,7,1
88ed5387,Healthcare,50,327.52,Month-to-Month,41,20,26822,3,0.471,25,0
a7bc2501,Manufacturing,358,3423.33,1 Year,111,170,51246,2,0.722,3,0
bd4fb641,E-commerce,1046,10127.57,Month-to-Month,13,591,55617,2,0.645,1,0
5975b3c6,Finance,73,194.58,1 Year,1,25,14871,1,0.67,0,0
bcaa3a88,Healthcare,15,454.57,Month-to-Month,5,5,67100,1,0.319,5,0
d42942be,Finance,24,71.1,1 Year,26,6,7898,3,1.0,3,0
379c8c68,E-commerce,41,719.51,1 Year,23,18,17368,3,0.69,34,0
b18814b8,Finance,11,50.0,Month-to-Month,38,3,44544,4,0.284,21,1
42d130b9,Technology,9,50.0,Month-to-Month,8,3,38780,2,0.722,5,0
d9fc1293,E-commerce,1268,12569.41,Month-to-Month,35,654,60968,1,0.379,0,0
23f9d562,Finance,85,786.07,Month-to-Month,28,28,43723,2,0.786,0,0
48913c8e,E-commerce,15,527.18,1 Year,10,5,2540,0,0.337,2,0
4dac768f,Technology,185,1634.75,Month-to-Month,19,92,190165,1,0.801,4,0
aa42b81a,Finance,9,463.37,1 Year,4,4,72088,4,0.356,16,1
0acff43f,Finance,10,287.47,1 Year,15,4,106193,3,0.405,19,0
8241b550,Healthcare,16,106.57,Month-to-Month,52,5,81463,1,0.628,70,0
634c8c11,Technology,653,6054.35,Month-to-Month,14,167,11937,2,0.478,7,0
9c794fe4,E-commerce,37,748.44,1 Year,44,12,134936,1,0.489,29,0
ef857ca0,E-commerce,5,50.0,Month-to-Month,22,1,207020,1,0.294,10,0
9b4c67a8,Technology,335,3339.36,1 Year,6,153,4096,3,0.534,6,0
132a6d48,Technology,34,313.03,Month-to-Month,21,14,8624,3,0.777,1,0
413fd5cd,E-commerce,5,50.0,Month-to-Month,17,1,231749,4,0.976,24,0
c915849c,Technology,33,135.34,Month-to-Month,13,11,17369,1,0.766,22,0
cda65ad7,Finance,119,778.96,Month-to-Month,4,53,85685,2,0.737,21,1
db4e5dc8,Healthcare,100,191.53,1 Year,13,36,3851,0,0.262,33,0
b57a66bd,Finance,810,8801.9,Month-to-Month,2,276,65920,0,0.594,17,1
6ad22db0,Healthcare,15,50.0,Month-to-Month,3,8,60431,1,0.47,0,0
f55dc1fb,E-commerce,58,515.94,1 Year,13,20,138745,2,0.298,12,0
4d8a2406,Manufacturing,19,122.89,Month-to-Month,9,8,65229,2,0.346,5,0
c032b3d0,Healthcare,5,597.8,Month-to-Month,63,2,2114,2,0.734,28,0
f7353693,Healthcare,206,3026.6,2 Year,12,51,29933,3,0.489,15,0
5b84adbf,E-commerce,109,1169.92,Month-to-Month,35,36,21377,2,0.305,16,0
ec5c499c,Manufacturing,83,751.5,2 Year,19,39,42283,4,0.473,1,0
1e964ad8,Finance,103,468.27,Month-to-Month,30,39,27959,3,0.658,6,0
b47368e6,E-commerce,19,50.0,Month-to-Month,8,4,16483,1,0.465,6,0
6c52b717,Healthcare,12,50.0,2 Year,69,5,54094,2,0.358,6,0
2bece261,Healthcare,57,172.08,1 Year,19,19,18635,0,0.416,15,1
639a7b85,Manufacturing,311,2064.57,Month-to-Month,43,137,95075,1,0.777,2,0
08de4689,Manufacturing,609,6629.41,1 Year,11,407,19503,1,0.184,1,0
e94b28e1,Healthcare,180,2011.55,Month-to-Month,3,78,36214,0,0.546,19,0
2ae58605,Manufacturing,57,444.18,1 Year,27,26,87441,3,0.577,18,0
2fc41e2c,E-commerce,81,1364.69,1 Year,1,30,86548,7,0.449,10,0
20731f80,Technology,55,50.0,Month-to-Month,16,15,44105,1,0.408,0,0
0546c515,E-commerce,11,50.0,Month-to-Month,6,5,23895,2,0.797,12,0
9a07db48,E-commerce,56,50.0,1 Year,24,19,40815,2,0.796,1,0
b357c88e,E-commerce,7,457.18,Month-to-Month,94,2,94750,1,0.621,5,0
f79c142f,E-commerce,45,50.0,Month-to-Month,15,26,12345,3,0.491,18,0
36d56bec,Healthcare,635,6357.85,Month-to-Month,41,232,6533,3,0.623,0,0
b67577a2,Healthcare,187,2371.29,1 Year,18,97,43617,1,0.681,10,0
686a9e4c,Finance,13,815.43,1 Year,17,5,42670,3,0.578,8,0
020018bc,Technology,48,465.43,Month-to-Month,64,16,17346,3,0.686,4,0
6c92f9ec,Finance,15,342.12,2 Year,53,6,28498,1,0.529,2,0
8bbf2a27,E-commerce,49,50.0,1 Year,37,16,4634,4,0.0,1,0
6a9ba249,Manufacturing,260,3441.69,Month-to-Month,9,127,7006,3,0.561,18,1
ac3737d7,Healthcare,145,1366.92,2 Year,19,76,88109,1,0.737,1,0
4d939605,E-commerce,2267,22710.14,2 Year,7,917,31225,2,0.606,33,0
29b69c70,E-commerce,326,3056.57,Month-to-Month,15,174,5257,1,0.669,2,0
a2750b1e,Technology,74,1339.62,1 Year,16,30,163335,3,0.546,12,0
b03147ea,Finance,150,1599.8,1 Year,43,73,11782,1,0.561,8,0
8f96760e,E-commerce,40,780.47,Month-to-Month,55,27,19056,1,0.634,4,0
87e67316,Technology,10,276.98,Month-to-Month,13,6,179742,1,0.989,24,0
f67c519f,Manufacturing,387,3759.8,1 Year,1,147,9976,0,0.768,0,0
c9395bb5,E-commerce,248,2944.73,Month-to-Month,48,106,173247,1,0.742,14,0
334ccd26,E-commerce,38,552.66,2 Year,5,11,64049,1,0.641,13,0
f6702db6,E-commerce,82,339.51,Month-to-Month,24,39,27836,5,0.334,18,1
e0348a77,Technology,351,3015.39,2 Year,1,154,45184,2,0.845,22,0
cc4fffa3,E-commerce,194,2014.41,2 Year,13,62,35452,1,0.781,6,0
9b7eed4d,Healthcare,6,513.73,1 Year,103,3,81670,3,0.673,11,0
95dcdacb,Manufacturing,78,1599.71,Month-to-Month,3,29,3245,1,0.591,8,1
89d64e14,E-commerce,42,50.0,1 Year,14,14,83937,0,0.709,8,0
744dd221,E-commerce,289,2902.83,Month-to-Month,9,127,176373,3,0.554,0,0
6ebc082b,Finance,256,2804.82,1 Year,57,90,28068,0,0.746,32,0
ebf722be,E-commerce,394,4087.83,Month-to-Month,49,156,10622,3,0.432,1,0
239de884,Finance,10,604.66,2 Year,7,5,5759,1,0.218,5,0
70303e5f,E-commerce,16,487.77,Month-to-Month,3,5,21290,3,0.36,12,0
3f081671,Healthcare,290,2407.25,1 Year,24,135,7000,0,0.628,2,0
9312474b,E-commerce,22,50.0,2 Year,10,7,13049,4,0.54,1,0
fde9bc03,Manufacturing,5,206.23,1 Year,27,1,53128,4,0.57,22,0
5733c623,Healthcare,121,1705.25,Month-to-Month,1,47,26873,1,0.341,8,0
96e0b087,Manufacturing,24,311.71,Month-to-Month,4,16,115642,3,0.66,1,0
77bd7873,E-commerce,800,7211.03,1 Year,28,382,31172,1,0.393,20,0
0cb0d34e,Technology,85,326.41,Month-to-Month,6,37,8367,1,0.699,2,0
97a90c43,Technology,69,1035.76,Month-to-Month,47,23,7462,3,0.317,10,0
dddd14b7,E-commerce,31,135.68,Month-to-Month,2,11,59064,3,0.432,19,1
bc663de4,Technology,593,5988.98,1 Year,6,149,50243,0,0.405,9,0
ef5736da,Technology,93,1462.71,Month-to-Month,120,53,61527,3,0.715,0,0
87a4a213,E-commerce,29,50.0,2 Year,14,12,20681,2,0.508,10,0
af537e35,Finance,16,50.0,Month-to-Month,30,6,123273,0,0.685,8,0
684ea6c3,E-commerce,48,218.56,1 Year,5,20,6038,1,0.828,7,0
8a4d1619,Technology,12,297.7,Month-to-Month,23,7,1670,2,0.956,3,0
6cdac106,Technology,255,2936.44,2 Year,32,109,67768,1,0.646,9,0
8a321ac8,Technology,5,50.0,Month-to-Month,10,1,56516,5,0.38,0,0
91dc949a,E-commerce,44,437.23,Month-to-Month,43,25,34017,2,0.85,7,0
30562ffb,Technology,136,1794.66,Month-to-Month,23,52,2233,1,0.902,3,0
188a1fc0,Healthcare,91,50.0,Month-to-Month,12,21,6063,2,0.588,0,0
122fa6cb,E-commerce,18,147.8,Month-to-Month,20,4,10864,2,0.864,3,0
a044a138,Healthcare,146,852.11,1 Year,21,55,50905,0,0.667,18,0
ec831bfb,Finance,14,50.0,Month-to-Month,5,6,54390,3,0.268,2,1
572d3d81,Finance,52,50.0,1 Year,13,25,56491,2,0.474,6,0
badaad06,Finance,145,2146.37,1 Year,11,44,81240,0,0.499,8,0
ccdb1424,E-commerce,109,912.09,2 Year,13,41,1255,3,0.527,3,0
7bd67b75,Finance,19,50.0,Month-to-Month,35,6,51537,4,0.413,7,0
e86dfaa1,E-commerce,329,3454.13,Month-to-Month,16,168,14488,5,0.407,31,1
814936cc,Finance,62,98.84,Month-to-Month,68,32,42319,1,0.869,2,0
5d5683a3,Finance,166,1091.38,Month-to-Month,9,98,66946,3,0.253,22,1
9d741c7c,Finance,541,6165.16,Month-to-Month,13,235,63656,3,0.455,8,0
38eee9c3,Healthcare,291,3814.33,Month-to-Month,38,170,16976,0,0.724,15,0
a433d265,E-commerce,293,2633.97,Month-to-Month,19,96,21949,1,0.489,9,0
9d6bef76,E-commerce,72,1253.68,1 Year,20,30,124628,2,0.68,3,0
238b077e,E-commerce,179,1968.02,Month-to-Month,2,52,94486,2,0.52,8,0
183bc472,E-commerce,75,50.0,Month-to-Month,13,34,14853,3,0.687,5,0
4931279a,Finance,8,50.0,Month-to-Month,8,3,44219,2,0.392,9,0
83cb9025,Technology,85,1625.55,1 Year,120,13,5673,1,0.228,8,0
31d495a3,E-commerce,80,86.6,1 Year,9,40,53046,1,0.52,11,0
49f7ed06,E-commerce,131,2450.5,1 Year,52,63,48557,1,0.242,12,0
93548d20,Healthcare,45,164.32,2 Year,28,15,15320,0,0.587,7,0
08d711ce,Finance,17,960.41,1 Year,11,7,27395,0,0.373,16,0
b3a57d0e,Finance,146,1307.22,Month-to-Month,19,36,76233,2,0.375,11,0
fa95c78f,Finance,7,469.95,Month-to-Month,45,2,14747,1,0.894,2,0
8580069d,E-commerce,486,5557.52,2 Year,52,275,73129,3,0.655,27,0
9e3929a1,E-commerce,38,1074.98,1 Year,5,10,19018,3,0.293,0,0
e2bdafea,E-commerce,78,487.82,1 Year,10,31,91493,3,0.59,10,0
894b982c,Technology,126,831.31,1 Year,10,32,1548,0,0.571,9,0
c87552ee,Technology,132,1279.39,Month-to-Month,2,57,14930,5,0.186,5,0
1a056a81,Technology,6,50.0,2 Year,22,2,9777,4,0.67,6,0
f2f823dc,Manufacturing,187,1989.63,Month-to-Month,47,88,110623,1,0.791,15,0
06ce1667,Healthcare,86,449.6,Month-to-Month,12,38,27976,0,0.515,12,0
fd79ca89,Finance,21,751.35,Month-to-Month,33,11,39438,3,0.542,5,0
dacbe612,Healthcare,17,50.0,1 Year,24,5,13858,2,0.489,2,0
96e46a76,E-commerce,33,50.0,Month-to-Month,12,9,6868,4,0.677,0,0
40f54ad9,Technology,7,770.46,Month-to-Month,4,2,45595,2,0.55,12,1
c2be9b51,Finance,722,7311.68,1 Year,30,191,16654,3,0.558,11,0
67c21c77,Manufacturing,507,5084.57,Month-to-Month,47,206,132152,2,0.438,3,0
ba236880,Healthcare,107,1617.2,Month-to-Month,28,41,32346,1,1.0,30,0
d68adacc,Manufacturing,39,825.79,1 Year,1,17,7434,2,0.548,10,0
c2a32019,Finance,40,50.0,1 Year,6,9,1203,0,0.74,10,0
99b58cf3,Healthcare,170,1475.11,Month-to-Month,2,67,13216,2,0.653,8,0
ba91cf49,E-commerce,762,7063.52,1 Year,21,397,19277,1,0.088,10,0
0c039e42,Finance,23,50.0,1 Year,34,10,11594,2,0.526,69,0
03515b03,Finance,10,389.3,Month-to-Month,3,2,22753,2,0.369,16,1
12d8b375,Finance,556,5756.09,Month-to-Month,44,221,105583,1,0.795,5,0
be9f8fcb,Technology,5,430.41,Month-to-Month,20,1,2457,2,0.347,2,1
f7a0d6d8,E-commerce,12,760.8,1 Year,29,4,80779,1,0.699,13,0
69e5d13b,Finance,37,757.24,1 Year,86,13,27738,1,0.799,21,0
90b62f40,E-commerce,5,481.73,Month-to-Month,3,2,118445,4,0.656,7,0
4a2a11b0,Technology,289,1851.02,1 Year,56,118,54988,3,0.601,25,0
c4834c16,Finance,197,1816.51,2 Year,4,85,9011,1,0.521,8,0
c9658321,E-commerce,23,712.29,Month-to-Month,12,9,160322,2,0.575,2,0
355532ae,Healthcare,372,3135.9,2 Year,46,166,8404,2,0.332,5,0
fc8717e0,Finance,480,4845.84,2 Year,57,181,20495,2,0.636,5,0
97dee06a,E-commerce,46,719.73,1 Year,17,21,192699,1,0.81,1,0
ab1ca525,Finance,27,491.43,2 Year,22,9,11903,2,0.426,11,0
debe8f19,E-commerce,1618,16364.4,Month-to-Month,30,869,49872,2,0.604,18,0
65e8bd8a,Technology,161,1909.46,Month-to-Month,43,72,189733,3,0.579,2,0
df8d15c1,Healthcare,80,890.37,2 Year,4,30,58385,1,0.663,14,0
282884ba,E-commerce,422,3488.54,Month-to-Month,40,204,54348,1,0.493,1,0
4b9e4834,Finance,85,1103.48,Month-to-Month,16,38,48583,2,0.298,4,1
b5683b57,Manufacturing,25,392.37,Month-to-Month,15,12,40535,0,0.376,13,0
cb05b1f0,E-commerce,61,50.0,1 Year,14,24,148947,1,0.136,5,0
1edccca8,Technology,259,3279.87,Month-to-Month,18,97,39236,3,0.755,0,0
6f52d983,E-commerce,5,316.92,Month-to-Month,70,2,54427,2,0.68,16,0
94e01260,Healthcare,35,50.0,2 Year,20,12,67130,1,0.597,2,0
657893d6,E-commerce,434,3931.39,Month-to-Month,74,216,37508,1,0.461,19,0
22580791,Manufacturing,25,50.0,1 Year,5,13,109338,1,0.568,2,0
4a1490e0,E-commerce,555,5267.62,Month-to-Month,31,254,1153,3,0.594,2,0
ddb145f0,Technology,455,4696.53,Month-to-Month,41,246,25148,1,0.496,21,1
6701ec7f,Technology,49,50.0,Month-to-Month,28,25,47937,2,0.503,4,0
f3f378a0,Finance,23,794.07,1 Year,23,8,957,1,0.862,10,0
327938d4,Finance,35,872.9,1 Year,20,16,138149,5,0.35,4,0
0af357a9,E-commerce,2971,30019.66,1 Year,48,807,87544,2,0.799,7,0
20f6d22e,E-commerce,908,9102.12,Month-to-Month,42,380,12361,3,0.277,14,0
1efc2456,Technology,65,1118.72,2 Year,4,18,20156,1,0.922,25,0
cd8c5b9c,Manufacturing,21,72.03,Month-to-Month,46,8,56528,2,0.122,10,0
90d05fb3,Finance,65,287.76,Month-to-Month,13,16,20852,1,0.693,4,0
6a2fe5db,Finance,78,1375.05,2 Year,8,39,97161,2,0.468,5,0
e452fc06,Technology,8,238.77,Month-to-Month,49,2,14282,3,0.567,1,0
d02bdd42,Finance,61,267.97,1 Year,14,29,85267,0,0.573,8,0
9530489f,Technology,396,3751.13,Month-to-Month,40,155,31237,2,0.721,18,0
a09161e0,E-commerce,5,50.0,Month-to-Month,8,1,30199,2,0.208,1,0
dca8c084,E-commerce,188,2891.09,1 Year,1,66,9222,1,0.594,3,0
dc80a7d9,Healthcare,429,4292.05,Month-to-Month,17,148,204831,1,0.637,0,0
9b99ade0,E-commerce,23,308.89,Month-to-Month,3,9,21143,3,0.468,7,0
16d92477,E-commerce,693,7290.61,Month-to-Month,34,381,11446,2,0.578,0,0
043537b3,E-commerce,19,50.0,Month-to-Month,8,10,1648,0,0.467,8,0
ac8ae482,Finance,105,1598.27,2 Year,15,39,34012,2,0.711,3,0
16b824a9,Technology,34,50.0,2 Year,3,9,1639,1,0.673,16,0
afbb1817,Technology,34,1255.01,1 Year,9,11,30381,4,0.643,7,0
6abf933c,Finance,21,53.67,Month-to-Month,37,9,116469,2,0.732,6,0
a0a6ede9,Healthcare,155,2068.82,Month-to-Month,4,60,34454,2,0.849,2,0
7918ac7e,Healthcare,195,701.6,1 Year,26,47,2213,1,0.402,25,0
3c383121,E-commerce,49,50.0,Month-to-Month,60,17,15351,2,1.0,30,0
b8fe8276,E-commerce,7,50.0,Month-to-Month,28,3,2498,1,0.679,14,0
60735a55,E-commerce,99,50.0,2 Year,40,42,106868,0,0.5,3,0
41b8d72d,Finance,102,1320.44,Month-to-Month,3,41,13728,0,1.0,15,0
660a34f6,Finance,39,546.48,1 Year,7,14,3363,1,0.517,12,0
e7585090,E-commerce,898,8484.59,Month-to-Month,54,317,166961,1,0.358,2,0
c5d4b01d,E-commerce,5,50.0,1 Year,31,2,33387,0,0.498,0,0
e86e4c62,Manufacturing,5,453.24,Month-to-Month,25,2,26013,1,0.488,2,0
e3a45f80,Healthcare,18,50.0,2 Year,27,8,130919,4,0.817,20,0
608aa953,E-commerce,158,943.26,Month-to-Month,13,71,37840,1,0.577,1,0
0d7f7fed,E-commerce,11,50.0,2 Year,2,4,16526,1,0.62,15,0
522b9df8,E-commerce,12,131.86,Month-to-Month,37,5,78503,1,0.613,3,0
5699a4a5,Technology,227,2240.69,1 Year,28,77,15857,0,0.833,12,0
32889b3c,E-commerce,109,1534.65,2 Year,16,43,29243,1,0.535,22,0
f359ebcc,Manufacturing,96,1198.61,Month-to-Month,56,51,81271,0,0.559,15,0
571120f1,Healthcare,176,2108.32,Month-to-Month,10,70,134002,4,0.462,7,0
2025893d,Healthcare,28,50.0,2 Year,9,10,46557,0,0.516,0,0
12ab1b3e,Technology,30,372.41,Month-to-Month,50,12,35140,1,0.705,1,0
a5306dbb,E-commerce,183,1676.43,1 Year,39,51,3961,1,0.746,15,0
e5059147,Finance,7,801.04,Month-to-Month,18,2,47988,0,0.94,1,0
0a6aa435,Healthcare,5,137.2,1 Year,4,2,19770,2,0.579,36,0
6a7236e8,Healthcare,28,50.0,Month-to-Month,6,8,36128,2,0.547,35,0
d847701d,Technology,220,2626.25,1 Year,26,93,68246,3,0.679,3,0
13f24ec4,Finance,80,1081.65,Month-to-Month,12,31,51110,2,0.506,0,0
844c6bdc,Finance,197,1559.2,Month-to-Month,44,77,5097,2,0.472,13,0
091cfc6e,Finance,5,50.0,Month-to-Month,72,1,25312,3,0.665,2,0
e52c1dd0,Finance,87,704.28,1 Year,40,41,11125,1,0.522,13,0
8cf09111,Healthcare,145,2063.73,Month-to-Month,12,42,8191,0,0.542,4,0
6bb8ad11,E-commerce,7,171.62,Month-to-Month,38,3,12445,2,0.721,4,0
ec4551e4,Healthcare,198,2343.39,1 Year,11,80,126715,3,0.662,9,0
41af90ea,Technology,46,213.36,Month-to-Month,5,10,62328,4,1.0,1,0
3f960545,Finance,5469,54857.4,2 Year,1,2395,119355,5,0.784,34,0
118e8d39,E-commerce,5,701.68,1 Year,12,2,35307,0,0.447,0,0
31bd903d,Technology,425,4069.46,1 Year,57,132,56,2,0.52,29,0
5b491866,E-commerce,30,357.58,Month-to-Month,7,12,1751,3,0.325,3,0
061c7167,E-commerce,5,50.0,1 Year,6,1,7814,2,0.405,10,0
ca18018a,Finance,24,50.0,Month-to-Month,85,7,75870,3,0.852,62,0
f02b25d2,Finance,82,652.78,2 Year,1,33,11260,2,0.544,2,0
6d444eed,E-commerce,258,2049.58,Month-to-Month,37,59,5356,2,0.323,6,0
7ed31f60,Manufacturing,722,7880.99,Month-to-Month,10,205,98661,3,0.211,0,0
2edb2a23,E-commerce,460,4181.0,Month-to-Month,1,137,12973,5,0.306,2,1
2a70f5b3,E-commerce,12,513.4,2 Year,60,4,34899,3,0.439,1,0
12bf4be4,Technology,297,3063.42,1 Year,4,131,20735,2,0.601,14,0
655fdbaa,E-commerce,98,995.43,Month-to-Month,20,30,113434,1,0.521,11,0
11da03c1,Healthcare,20,943.08,2 Year,8,6,60996,6,0.74,6,0
fab98559,E-commerce,39,50.0,Month-to-Month,2,16,30249,2,0.413,0,0
dca178ba,Manufacturing,18,81.9,1 Year,2,7,99410,1,0.845,2,0
c4f23e07,Finance,57,50.0,1 Year,3,18,64865,2,0.573,11,0
dbc76612,E-commerce,18,50.0,2 Year,2,10,82741,1,0.692,0,0
f4089483,Finance,11,50.0,Month-to-Month,35,4,189858,2,0.496,8,0
10fcef1e,E-commerce,112,1128.62,Month-to-Month,16,42,11354,0,0.803,1,0
00bff5aa,Healthcare,140,1037.33,1 Year,11,50,11313,2,0.335,8,0
4bf8a84f,E-commerce,41,858.31,Month-to-Month,14,20,40653,1,0.353,15,1
63269e2a,Technology,424,4133.08,Month-to-Month,64,192,38029,1,0.406,20,1
cb018b9d,Finance,36,197.63,1 Year,58,8,101673,0,0.835,5,0
075e173a,E-commerce,34,179.86,1 Year,31,11,8474,3,0.553,9,0
692c0c64,Technology,147,1420.75,Month-to-Month,52,52,27672,2,0.41,7,0
16d51d74,Manufacturing,44,230.76,Month-to-Month,10,17,37529,0,0.561,7,0
97251995,Finance,62,194.37,Month-to-Month,12,28,31193,2,0.634,4,0
0d099b4c,Finance,5,544.59,1 Year,23,1,3473,5,0.385,15,0
2268b671,Finance,55,237.95,1 Year,24,21,7999,0,0.632,4,0
97bd1a09,Manufacturing,5,50.0,2 Year,16,2,8336,0,0.573,8,0
d7b6ad4f,Manufacturing,8,294.7,1 Year,13,3,45320,5,0.499,6,0
1f62a8bb,E-commerce,7,229.37,1 Year,103,2,28006,1,0.347,4,0
5504ebec,Technology,11,50.0,Month-to-Month,42,2,9811,1,0.778,4,0
3bf1fb77,E-commerce,23,607.49,Month-to-Month,14,8,66714,2,0.506,5,0
7d8a28c2,E-commerce,26,528.84,1 Year,32,7,81218,2,0.013,5,0
3173252a,Healthcare,147,1558.99,Month-to-Month,8,52,11794,1,0.671,12,0
318ceda3,Technology,76,544.34,2 Year,3,34,64144,4,0.676,8,0
0e0e2513,Healthcare,5,50.0,2 Year,11,2,3286,1,0.787,7,0
05968dd7,Technology,61,509.1,1 Year,13,21,96876,2,0.683,1,0
de09ce65,Technology,88,264.08,Month-to-Month,1,19,164471,1,0.628,6,0
79862fdf,Technology,33,310.37,1 Year,41,15,8472,4,0.503,6,0
689f29c6,Healthcare,49,936.05,1 Year,11,17,77126,2,0.503,12,0
51552e33,Finance,72,1158.19,1 Year,21,29,5118,2,0.735,5,0
3600286f,Finance,171,1519.57,Month-to-Month,2,52,162533,0,0.569,7,0
a881fcc8,Finance,5,582.04,2 Year,5,1,30080,2,0.313,5,0
4dcb980b,Healthcare,37,1322.95,1 Year,53,12,38315,1,0.531,38,0
ad3df5dc,Manufacturing,524,5081.9,Month-to-Month,23,139,72174,2,0.589,19,0
2c32a603,E-commerce,457,4915.76,Month-to-Month,73,141,14303,2,0.202,0,0
4a165d37,Finance,195,818.6,1 Year,120,77,25446,1,0.749,19,0
3bc92c43,Finance,122,590.93,Month-to-Month,12,52,3629,2,0.6,4,0
836b60a8,E-commerce,653,6575.56,Month-to-Month,9,216,47676,0,0.327,4,1
4222875c,E-commerce,969,9186.63,Month-to-Month,47,271,80304,2,0.541,1,0
93873c08,E-commerce,44,1459.6,2 Year,120,16,95473,1,0.58,23,0
4e2b4518,Manufacturing,12,418.94,Month-to-Month,24,5,38431,2,0.789,20,1
f3457fd3,E-commerce,36,842.92,Month-to-Month,39,11,72580,3,0.783,27,0
f00ac557,Manufacturing,5681,56795.49,Month-to-Month,37,2279,8120,2,0.816,14,0
2017f33a,Technology,5,50.0,1 Year,11,1,68014,5,0.675,1,0
fa2e27ab,Finance,26,50.0,1 Year,21,13,227,2,0.469,0,0
3ba4dcc4,Manufacturing,6,187.19,2 Year,43,2,10836,0,0.419,24,0
184b666b,Healthcare,65,331.04,1 Year,28,30,50343,5,0.46,7,0
0d7ac073,Technology,8,415.6,1 Year,1,4,19322,2,0.587,2,0
67e9a2ab,Finance,46,815.71,Month-to-Month,10,25,26433,4,0.595,0,0
3acbe8af,Technology,5,52.49,1 Year,4,1,87454,1,0.806,1,0
ef30d016,Technology,137,457.18,Month-to-Month,7,35,42326,3,0.549,1,0
22b508c6,Technology,341,4267.39,1 Year,57,176,25455,0,0.195,10,0
01186b7e,Technology,30,193.66,Month-to-Month,1,15,31345,0,0.361,2,1
b97e9179,Finance,44,1794.64,2 Year,6,14,94335,2,0.405,3,0
5dacf26b,Healthcare,42,746.27,1 Year,9,3,33236,2,0.405,9,0
e92bf43a,E-commerce,71,605.02,1 Year,24,28,104112,2,0.039,15,0
faaa13a5,Finance,51,733.91,1 Year,19,12,14191,3,0.914,5,0
8fe38b6c,E-commerce,172,710.36,1 Year,6,54,38152,1,0.163,0,0
364a7543,Finance,347,3983.07,Month-to-Month,5,145,23024,2,0.485,10,0
c93b7b87,Manufacturing,16,1443.47,Month-to-Month,7,6,44738,2,0.732,11,0
72730248,E-commerce,34,50.0,Month-to-Month,17,18,42843,2,0.718,4,0
53361755,Technology,211,1966.3,Month-to-Month,8,76,42350,1,0.306,0,0
5584ced6,Healthcare,6,50.0,Month-to-Month,71,1,37514,3,0.841,8,0
3710c80f,Technology,5,487.61,Month-to-Month,15,2,30296,0,0.812,14,0
6c7ead74,Manufacturing,76,1812.99,2 Year,2,33,120604,3,0.564,2,0
83a165c9,E-commerce,114,1331.44,1 Year,32,41,15595,0,0.605,7,0
aac16122,E-commerce,18,1250.9,Month-to-Month,10,7,28453,2,0.417,11,0
bcc936f8,Technology,22,305.22,Month-to-Month,26,7,11862,2,0.65,8,0
0a1c56a9,Finance,17,395.71,Month-to-Month,8,7,20192,2,0.645,14,1
78817660,E-commerce,14,304.12,Month-to-Month,21,7,14316,1,0.503,5,0
940c8c63,Finance,154,2150.15,1 Year,36,50,55390,1,0.729,20,0
bb36f438,Healthcare,9,50.0,Month-to-Month,64,3,61483,4,0.666,3,0
ec6a1105,Finance,36,769.14,2 Year,8,8,16199,0,1.0,1,0
fc4a2e29,Healthcare,14,50.0,Month-to-Month,10,4,205563,5,0.42,15,1
4e1f6092,Healthcare,6,50.0,Month-to-Month,15,2,16719,3,0.867,0,0
2a215b43,Healthcare,201,1691.63,2 Year,63,78,88127,1,0.43,30,0
48e06794,Manufacturing,25,293.98,Month-to-Month,56,7,17307,1,0.705,0,0
d0bee683,E-commerce,72,561.96,Month-to-Month,3,28,26652,0,0.08,15,1
c44fbbd8,Manufacturing,5,616.07,Month-to-Month,4,2,54639,3,0.498,1,1
b95f42e7,E-commerce,17,50.0,1 Year,17,4,40784,1,0.694,3,0
6c3cd1a8,Finance,169,824.34,Month-to-Month,3,97,35281,2,0.648,9,0
8ec4c7a3,E-commerce,2646,25781.36,2 Year,11,1210,79047,4,0.199,1,0
754221b8,E-commerce,5,547.08,2 Year,4,2,61502,2,0.518,1,0
2ebe9ff7,Healthcare,40,50.0,2 Year,25,15,122767,2,0.895,26,0
97c0a9b4,E-commerce,101,1208.92,Month-to-Month,72,58,13123,1,0.806,12,0
4f2304c6,Finance,21,62.61,2 Year,120,10,822,1,0.792,1,0
e1774466,E-commerce,195,2362.12,1 Year,12,70,443149,3,1.0,7,0
ebe42ccd,E-commerce,14,50.0,Month-to-Month,22,6,16662,2,0.251,18,1
dabdcbce,Finance,68,2062.17,Month-to-Month,47,22,2194,1,0.521,0,0
6f724420,Healthcare,24,1189.06,1 Year,3,8,14207,3,0.606,16,1
e5e14065,Technology,340,3242.39,1 Year,29,185,55248,1,0.454,18,0
5c633971,E-commerce,19,50.0,Month-to-Month,13,8,44350,4,0.625,4,0
4670fe1f,Healthcare,32,1886.16,1 Year,6,14,11578,1,0.86,54,0
cf6853f3,Manufacturing,225,1710.57,2 Year,13,116,10303,1,0.622,4,0
5b4f272c,Healthcare,11,82.49,Month-to-Month,2,5,29380,2,0.159,23,1
f44486f7,E-commerce,60,611.22,Month-to-Month,29,19,679,3,0.735,22,0
79ab7af2,Manufacturing,5,50.0,2 Year,7,2,119,3,0.597,12,0
27607242,Finance,10,50.0,Month-to-Month,9,4,47966,4,0.164,0,1
ffb84826,Healthcare,96,1208.3,2 Year,4,44,19673,0,0.477,11,0
13564533,Healthcare,12,50.0,1 Year,48,4,1210,4,0.253,0,0
1d9a8562,Finance,24,957.99,Month-to-Month,17,12,30791,2,0.542,0,0
b6341878,Healthcare,114,412.02,Month-to-Month,21,67,137098,4,0.499,1,0
ddeaaeb8,E-commerce,22,249.73,Month-to-Month,21,7,14712,2,0.295,7,0
179f7285,Healthcare,187,761.94,Month-to-Month,13,94,14455,3,0.65,6,0
7c852c12,E-commerce,75,50.0,1 Year,6,30,31554,2,0.383,4,0
bb91adc9,Manufacturing,104,620.32,Month-to-Month,33,20,8035,2,0.865,7,0
6df32534,Technology,351,3160.89,1 Year,4,91,50797,4,0.634,3,0
80cc4b3a,E-commerce,88,1612.86,1 Year,3,38,91397,1,0.548,3,0
df7362b5,Finance,549,5469.7,1 Year,30,275,10816,0,0.851,2,0
839673d8,E-commerce,214,2786.2,2 Year,6,98,53754,2,0.652,6,0
997e736a,E-commerce,24,50.11,1 Year,9,11,109464,0,0.669,12,0
05611d41,E-commerce,379,4093.04,2 Year,16,249,116692,4,0.587,7,0
76362a80,Healthcare,81,447.26,Month-to-Month,15,36,40246,0,0.537,19,1
eb4ce987,Technology,30,50.0,1 Year,30,11,8261,3,0.681,6,0
374bae21,E-commerce,82,50.0,1 Year,24,31,53818,1,0.905,2,0
29a67a68,Finance,289,3057.88,2 Year,25,162,66366,3,0.0,7,0
de04ade1,Finance,108,1211.04,1 Year,31,29,70185,5,0.974,4,0
4fe78889,E-commerce,840,8788.66,Month-to-Month,9,439,136162,3,0.398,6,0
32377a98,Technology,278,2887.46,Month-to-Month,10,111,47761,3,0.638,1,0
635d8483,Technology,119,2203.1,Month-to-Month,14,37,31378,1,0.257,14,0
df048983,Technology,11,198.01,Month-to-Month,9,2,34913,2,0.898,4,0
bb84b22e,Healthcare,41,905.91,Month-to-Month,101,22,19396,1,0.323,0,0
812ca143,E-commerce,60,437.95,2 Year,41,18,2948,2,0.824,8,0
a6420320,E-commerce,155,1095.76,Month-to-Month,5,62,63197,1,0.552,11,0
a7aab0ba,Healthcare,142,1778.85,Month-to-Month,1,42,1002,2,0.567,0,0
67094fcd,Finance,70,655.43,2 Year,2,41,3313,2,0.348,4,0
e83a7355,Technology,65,1066.02,Month-to-Month,7,26,20332,2,0.844,6,0
935157c2,Healthcare,160,1776.47,2 Year,3,42,133729,1,0.571,6,0
8d30af6d,E-commerce,15,50.0,Month-to-Month,19,5,32998,3,0.744,0,0
61a67426,Finance,694,7477.17,Month-to-Month,47,374,12114,1,0.187,10,0
fc007fc6,Healthcare,5,50.0,Month-to-Month,33,1,113675,2,0.422,0,0
3e4c43e7,Finance,484,5152.66,2 Year,6,176,42395,1,0.65,4,0
3d402788,Manufacturing,51,1150.81,2 Year,13,26,23086,2,0.284,7,0
f6cb979e,Technology,245,2257.7,2 Year,18,106,62890,1,0.672,13,0
bc2c04a2,Manufacturing,94,1518.0,Month-to-Month,40,26,29091,1,0.468,4,0
a72a62d1,E-commerce,91,1108.81,2 Year,44,38,65462,3,0.444,17,0
911975e8,Healthcare,125,1675.97,2 Year,58,48,12319,0,0.703,14,0
852cab9c,E-commerce,183,1411.62,Month-to-Month,18,74,8136,1,0.634,5,0
6c202ace,E-commerce,33,437.15,1 Year,29,16,30896,4,0.375,20,0
32378022,Technology,257,1865.96,2 Year,3,108,19253,2,0.825,32,0
75f507a0,Healthcare,10,955.65,Month-to-Month,20,3,46462,0,0.701,3,0
46854ccc,E-commerce,54,50.0,Month-to-Month,7,20,77745,3,0.197,17,1
e094bab3,Finance,191,1732.62,2 Year,14,96,115887,3,0.539,3,0
3698e48a,Finance,242,1954.15,Month-to-Month,25,79,71465,2,0.675,11,0
b47c4802,Technology,108,1417.35,2 Year,8,19,20908,1,0.578,11,0
5b82e39d,E-commerce,30,1261.97,1 Year,2,11,64981,2,0.0,15,1
bde35acf,Finance,209,2417.46,Month-to-Month,1,91,37739,0,0.613,2,0
856c396f,Finance,20,1680.64,Month-to-Month,1,7,118265,1,0.752,27,1
f079d7ea,E-commerce,755,6861.03,1 Year,1,262,61358,2,0.584,5,0
69e33e1b,Technology,48,50.0,Month-to-Month,3,17,8139,1,0.611,0,0
ed8d93bb,Technology,5,50.0,Month-to-Month,7,1,4065,1,0.804,14,0
b4a6505a,Manufacturing,9,150.62,Month-to-Month,7,2,39245,0,0.283,26,1
140093fb,Technology,58,66.54,1 Year,104,27,22709,2,0.747,34,0
ac3c783c,Finance,67,294.17,2 Year,9,8,9201,6,0.668,4,0
8026c758,E-commerce,1047,10780.24,1 Year,4,475,79888,4,0.275,0,0
a08097c1,E-commerce,11,50.0,1 Year,19,4,23533,0,0.74,4,0
5c56fcc1,Finance,57,50.0,Month-to-Month,47,25,4497,2,0.961,21,0
f3fd18e3,Technology,11,50.0,1 Year,28,2,15208,2,0.667,18,0
fc80d004,Healthcare,26,107.78,1 Year,9,11,56487,2,0.711,4,0
0fd258ea,Manufacturing,682,7325.01,1 Year,20,235,52197,0,0.387,1,0
0835a410,E-commerce,9,50.0,2 Year,31,5,15222,1,0.476,10,0
21eb016e,E-commerce,131,949.86,1 Year,32,57,20867,2,0.396,10,0
56a079fd,E-commerce,98,1270.84,2 Year,27,27,2555,4,0.679,9,0
e6bd99d5,Technology,52,920.7,2 Year,50,12,153161,1,0.496,1,0
6f2384ff,E-commerce,119,1904.36,Month-to-Month,49,40,19812,3,0.484,17,0
25204fc7,E-commerce,9,324.56,1 Year,21,4,132543,2,0.741,0,0
a89d7aeb,Healthcare,654,6605.18,2 Year,14,336,84068,2,0.934,35,0
c09a2bfd,E-commerce,979,10077.52,2 Year,25,409,20411,2,0.582,23,0
ac242ee7,Finance,58,446.29,Month-to-Month,41,23,59232,2,0.285,51,1
0b209723,Technology,2068,20542.62,1 Year,1,758,32087,4,0.608,9,0
3f9c08e0,E-commerce,30,50.0,Month-to-Month,116,11,187860,0,0.638,9,0
f8e1bedd,E-commerce,99,1436.71,Month-to-Month,5,51,50872,2,0.766,4,0
45bf3b20,Healthcare,467,4775.73,2 Year,16,170,36602,2,0.535,1,0
cf091e25,Healthcare,27,658.52,2 Year,50,12,50801,0,0.776,14,0
59d1bb6a,Technology,6,50.0,1 Year,7,2,12439,3,0.746,6,0
4d2765c3,Healthcare,5,50.0,Month-to-Month,16,2,18292,1,0.54,4,0
c1aeea5c,Healthcare,1201,11582.06,2 Year,4,549,62360,1,0.764,20,0
9ab96b17,Healthcare,24,990.68,Month-to-Month,13,11,4371,1,0.786,0,0
a493114d,Manufacturing,41,717.11,Month-to-Month,5,24,18019,3,0.382,6,0
d10fa676,Technology,10,217.12,Month-to-Month,11,1,48322,2,0.792,10,0
5ccad2d7,Finance,226,2044.03,Month-to-Month,12,107,272415,1,0.576,0,0
ba3d8a5b,Finance,16,358.6,1 Year,120,7,129960,0,0.551,13,0
8b524607,Finance,26,50.0,Month-to-Month,120,11,89255,0,0.578,1,0
0743ba3a,Technology,85,800.14,Month-to-Month,3,36,34739,4,0.848,18,1
51fb27f9,E-commerce,11,50.0,2 Year,32,4,81672,2,0.848,14,0
31005780,Finance,41,1543.24,2 Year,2,17,40927,2,0.695,1,0
a88c95a4,Finance,447,5204.97,Month-to-Month,1,219,30666,3,0.654,8,0
07e2ab1d,Healthcare,103,1561.52,Month-to-Month,3,49,12649,3,0.579,14,0
5ff2039a,E-commerce,66,50.0,1 Year,81,26,150725,2,1.0,0,0
b4097133,Technology,75,1182.08,Month-to-Month,68,28,45590,3,0.463,7,0
119f0c92,Finance,30,393.83,Month-to-Month,6,12,56251,1,0.511,0,0
208df170,Healthcare,1090,11511.73,Month-to-Month,5,390,7603,2,0.66,9,0
4b188697,Healthcare,16,321.2,2 Year,7,9,28180,3,0.419,21,0
9054dcb7,Manufacturing,74,736.64,2 Year,18,20,167140,1,0.81,5,0
a2ce0bec,Finance,64,756.89,2 Year,21,30,70872,2,0.306,5,0
4ec63783,Technology,247,1567.18,1 Year,7,117,107199,0,0.457,37,0
24db7819,E-commerce,285,2466.3,1 Year,34,98,25199,2,0.52,6,0
b2700333,Finance,52,706.67,Month-to-Month,9,22,3439,0,0.399,3,0
082f9274,Finance,84,1409.69,1 Year,62,44,21653,0,0.808,56,0
240aa192,Healthcare,89,614.75,1 Year,26,32,23579,2,0.337,11,0
d073f8d3,E-commerce,5,50.0,1 Year,14,2,17914,5,0.407,8,0
c3d4efe3,Technology,5,50.0,Month-to-Month,38,2,37401,1,0.465,10,0
66ff1bdc,E-commerce,22,949.66,Month-to-Month,41,7,10667,2,0.769,15,0
e326d253,E-commerce,23,786.87,2 Year,9,6,138766,3,0.89,0,0
c1be2a1e,Healthcare,9,416.05,Month-to-Month,10,3,119040,2,0.704,2,0
673a2e36,Manufacturing,168,1883.4,Month-to-Month,66,46,15163,0,0.337,0,0
83e86a9d,Technology,54,1316.27,Month-to-Month,5,5,52703,6,0.476,3,1
e9b34b1e,Finance,39,50.0,Month-to-Month,2,13,34771,2,0.914,14,0
3333c830,Manufacturing,8,50.0,Month-to-Month,15,4,14388,0,0.606,5,0
1339ee23,E-commerce,51,1040.76,Month-to-Month,39,18,113699,2,0.311,11,0
01ec7134,E-commerce,5,547.16,1 Year,36,2,13137,1,1.0,3,0
d920c4fe,Technology,42,50.0,Month-to-Month,61,19,48991,3,0.486,40,0
fa58418b,Technology,60,334.32,1 Year,19,23,20425,6,0.586,0,0
dd660d07,E-commerce,78,1624.55,Month-to-Month,3,28,87465,2,0.463,8,0
d98b15de,Healthcare,5,255.83,Month-to-Month,22,2,48422,4,0.409,9,0
04bcca38,Finance,76,1153.58,2 Year,37,30,89366,3,0.859,13,0
9bafb4dc,Manufacturing,11,50.0,1 Year,3,4,21363,2,0.639,0,0
7e25e5f8,Finance,16,488.32,1 Year,5,7,561,1,0.663,3,0
39199d2d,Finance,160,890.23,Month-to-Month,1,47,12529,2,0.344,5,0
51daf8c3,E-commerce,1120,10210.09,Month-to-Month,22,306,84212,0,0.54,7,0
eeb205c2,E-commerce,58,943.41,2 Year,53,13,19053,2,0.476,0,0
1c06634d,E-commerce,16,877.22,Month-to-Month,27,7,19258,3,0.435,16,0
e9f59f82,Manufacturing,72,593.11,2 Year,97,27,29859,3,0.693,1,0
9ebf22da,Finance,223,1956.72,1 Year,2,107,16056,2,0.532,8,0
6e3a80d2,Healthcare,138,2235.42,1 Year,56,55,82279,2,0.739,3,0
18ccb9a0,Finance,3343,33332.61,1 Year,41,878,19409,2,0.744,6,0
faa44565,Technology,18,147.12,Month-to-Month,10,6,46311,1,0.513,0,0
9fd0ef3f,E-commerce,79,1636.98,Month-to-Month,88,38,29985,1,0.691,18,1
9684efa4,Finance,557,5393.21,1 Year,9,208,16938,3,0.508,3,0
222d5304,Technology,507,4742.99,2 Year,53,262,15415,0,0.442,3,0
7f05e935,Technology,5,457.75,Month-to-Month,52,1,34847,2,0.388,5,0
5d1b1588,Technology,54,184.07,Month-to-Month,35,25,11839,1,0.617,3,0
0c3d4b05,Manufacturing,506,4987.7,Month-to-Month,20,112,21204,4,0.452,8,0
fb57d8b5,Finance,4171,41050.42,1 Year,4,1573,2008,2,0.876,19,0
10efb4b5,Technology,156,1652.7,Month-to-Month,19,56,78104,3,0.925,5,0
23d5f3bc,E-commerce,31,344.05,2 Year,11,8,2231,4,0.695,1,0
2b5e2ce2,Technology,12,604.01,1 Year,38,6,102892,3,0.649,20,0
61aadd37,Technology,1522,15648.63,2 Year,35,511,2427,2,0.604,7,0
4832d6b8,Technology,162,1895.76,2 Year,58,52,94250,2,1.0,32,0
386b1cb8,E-commerce,15,347.13,Month-to-Month,1,7,51664,3,0.992,20,1
d8708d62,Finance,40,363.37,Month-to-Month,40,16,35255,0,0.559,20,0
6f2d23ac,E-commerce,86,1164.78,2 Year,67,41,7829,3,0.56,1,0
e5f23053,Manufacturing,123,673.83,1 Year,38,28,14838,1,0.665,7,0
253b8c19,Manufacturing,14,50.0,Month-to-Month,4,4,58581,4,0.364,18,1
ac2900e8,Healthcare,21,790.96,2 Year,3,12,35887,2,0.24,15,0
2e618461,Finance,5,387.08,Month-to-Month,1,2,36112,6,0.332,7,1
95b0dbfc,Healthcare,259,2526.51,Month-to-Month,24,75,7149,1,0.54,50,1
52e1b077,Technology,32,857.28,1 Year,24,13,32227,2,0.411,25,1
c7337952,Technology,109,724.25,2 Year,105,32,44613,3,0.891,5,0
ef395cf5,Finance,460,4247.25,Month-to-Month,13,248,6522,1,0.306,2,0
46dcc435,E-commerce,75,327.93,Month-to-Month,10,12,183131,3,0.333,4,0
97933b93,Technology,46,743.81,Month-to-Month,24,19,88612,4,0.233,3,0
5cadf119,Technology,73,50.0,2 Year,42,31,19097,3,0.471,10,0
8b3c227c,E-commerce,60,216.52,1 Year,67,17,41435,2,0.52,12,0
535d071e,E-commerce,353,3674.86,Month-to-Month,40,131,40931,2,0.584,1,0
937b68cf,E-commerce,87,267.92,1 Year,14,38,5637,2,0.593,3,0
9b00d71b,Finance,24,50.0,Month-to-Month,25,5,28829,2,0.476,27,0
ba61fc28,E-commerce,262,1514.22,1 Year,47,71,11644,3,0.39,10,0
f7a8f9cc,E-commerce,345,3752.9,2 Year,17,132,20264,1,0.684,11,0
496243cf,Technology,7,50.0,1 Year,6,2,144003,2,0.42,0,0
e3e15608,E-commerce,544,4890.36,2 Year,5,192,40072,3,0.756,5,0
a65e1ed5,Technology,94,292.49,1 Year,1,37,3462,1,0.304,29,1
eece9f74,Finance,83,620.89,Month-to-Month,31,25,55780,2,0.45,15,0
30c660ef,E-commerce,247,1679.92,1 Year,3,98,330012,1,1.0,15,0
d498abc3,Healthcare,23,1201.19,Month-to-Month,7,9,9177,2,1.0,22,0
4f7d550e,Finance,228,1087.63,1 Year,9,108,57430,2,0.328,2,0
329120bb,Technology,31,84.69,1 Year,20,8,86937,5,0.841,42,0
cbd6cf2e,Manufacturing,5,103.45,2 Year,13,1,92914,2,0.923,5,0
1d5794a3,Healthcare,12,50.0,Month-to-Month,27,5,61469,6,0.813,18,1
353b0d29,E-commerce,127,1376.07,2 Year,2,31,120323,1,0.587,3,0
2e371a90,Technology,13,50.0,2 Year,4,5,1630,5,0.214,10,0
539c0af5,Finance,611,6875.05,Month-to-Month,17,246,3315,0,0.617,0,0
5cdf6805,E-commerce,325,2690.56,2 Year,10,45,7224,1,0.682,31,0
2f0e7618,Technology,403,2854.39,Month-to-Month,9,141,2213,4,0.648,1,0
79e84abb,E-commerce,65,50.0,Month-to-Month,2,28,6388,1,0.695,11,0
412f4e32,Finance,80,993.25,2 Year,55,30,84899,2,0.438,0,0
4d3dab9c,Finance,9,50.0,Month-to-Month,29,3,113388,6,0.503,7,0
3a0ad310,Technology,243,2806.07,1 Year,4,100,20472,2,0.121,3,0
cb47e5eb,E-commerce,96,1210.87,1 Year,2,47,157542,4,0.778,2,0
201e159e,Healthcare,127,951.86,Month-to-Month,89,57,27102,1,0.42,12,0
002cbeb4,Technology,687,6625.46,1 Year,28,222,9435,1,0.55,5,0
031284e4,Healthcare,22,50.0,Month-to-Month,13,5,57175,3,0.651,3,0
03952274,Technology,45,1392.17,Month-to-Month,30,20,27263,1,0.488,5,0
beaa2eda,Finance,89,1235.41,2 Year,34,25,981,3,0.385,3,0
6da4a12d,Manufacturing,13,1075.84,2 Year,37,4,169595,5,0.651,5,0
4d5e6e30,Finance,41,830.39,Month-to-Month,16,17,45552,5,0.243,1,0
f205f8a7,Finance,114,1108.21,Month-to-Month,14,58,47509,5,0.753,25,1
56aa9538,Healthcare,33,50.0,Month-to-Month,1,17,202792,3,0.732,5,0
628a5658,Finance,388,3980.76,2 Year,63,157,89639,0,0.49,6,0
d850b3c4,Technology,5,50.0,Month-to-Month,23,1,22523,2,0.501,12,0
3cbb3462,Manufacturing,294,2893.18,Month-to-Month,6,82,2136,4,0.402,1,0
7fac0e62,Finance,147,1365.45,2 Year,61,87,12575,2,0.524,2,0
508a6bd0,E-commerce,23,50.0,Month-to-Month,60,8,21656,3,0.56,1,0
652e1bb5,Technology,13,760.42,Month-to-Month,109,6,161261,1,0.536,6,0
27f3057c,Technology,5,50.0,Month-to-Month,50,2,109762,2,0.89,8,0
973c79d6,E-commerce,16,50.0,2 Year,120,5,1088,4,0.25,12,0
b2caecd2,Finance,262,2860.88,Month-to-Month,7,90,218023,0,0.418,28,1
c02a4706,E-commerce,50,72.08,Month-to-Month,45,13,14861,1,0.746,0,0
472fb20a,E-commerce,312,3401.07,2 Year,42,159,74665,2,1.0,11,0
16ec4f53,Healthcare,21,650.83,2 Year,7,8,6198,2,0.427,14,0
e024c4bf,E-commerce,157,2079.82,Month-to-Month,3,85,12443,2,0.802,10,0
5562b787,Finance,18,99.54,1 Year,94,6,35203,1,0.37,19,0
3b98ce96,Technology,12,50.0,Month-to-Month,9,4,60804,3,0.522,7,0
a494a588,Healthcare,46,147.23,1 Year,50,13,21186,2,0.602,17,0
956aa7bf,E-commerce,20,50.0,Month-to-Month,1,7,103279,1,0.462,0,0
6566fa6a,E-commerce,5,50.0,Month-to-Month,1,1,140833,1,0.516,10,0
544f8a47,E-commerce,41,305.33,1 Year,16,18,6537,2,0.327,28,0
a71ac26c,Healthcare,64,227.35,1 Year,7,26,63392,2,0.735,6,0
3e9c209b,E-commerce,365,3078.11,Month-to-Month,29,199,7073,1,0.42,1,0
3f560239,E-commerce,222,2165.62,Month-to-Month,21,56,20833,5,0.467,4,0
21a409ff,E-commerce,340,3182.9,2 Year,2,177,85618,2,0.444,18,0
3ab64389,E-commerce,160,1029.32,Month-to-Month,5,48,20500,4,0.454,1,0
0606cc1b,E-commerce,89,1305.29,1 Year,12,38,118971,1,0.629,7,0
0e314c77,Technology,8,966.05,Month-to-Month,5,2,26506,1,0.613,19,1
c796d0db,Finance,68,1161.29,1 Year,38,28,18538,3,1.0,15,0
9f71e6fa,Technology,133,969.91,Month-to-Month,13,19,226057,3,0.551,7,0
0295f834,E-commerce,485,4824.89,Month-to-Month,3,161,29125,2,0.58,9,0
cbd9d465,Healthcare,152,2290.21,1 Year,16,62,67537,5,0.867,3,0
756576b6,Healthcare,350,2913.15,Month-to-Month,3,201,45746,2,0.645,27,0
2fdc22d5,Finance,11,501.3,1 Year,4,2,11312,2,0.58,0,0
31d3cd85,Technology,33,50.0,Month-to-Month,7,13,34688,2,0.573,4,0
b136a79a,Technology,103,1872.02,Month-to-Month,48,35,4028,2,0.639,5,0
41581ff4,Technology,311,2894.84,1 Year,63,64,61677,1,0.795,14,0
0cf08107,E-commerce,43,1544.52,Month-to-Month,43,12,36588,1,0.869,6,0
d6c7323a,E-commerce,48,1344.03,Month-to-Month,10,16,6526,1,0.806,19,1
447d2225,Healthcare,153,1476.78,Month-to-Month,8,68,72784,4,0.693,3,0
bc66db8e,Finance,10,50.0,Month-to-Month,20,4,81625,3,0.642,1,0
1eeb3402,E-commerce,608,6177.39,Month-to-Month,31,163,66180,1,1.0,2,0
90b176d0,Healthcare,14,50.0,Month-to-Month,120,3,19953,2,0.505,1,0
6f35cb5d,Finance,5,50.0,Month-to-Month,4,2,64217,1,0.74,4,0
31e9a448,E-commerce,55,50.0,2 Year,2,20,43103,3,0.835,2,0
df080106,Technology,697,6712.72,Month-to-Month,29,391,39249,1,0.809,9,0
00939e4e,Manufacturing,131,754.76,2 Year,43,47,52311,3,0.448,0,0
16fe1ebc,Manufacturing,168,1955.82,2 Year,45,86,49724,0,1.0,7,0
728510ad,E-commerce,58,1075.54,Month-to-Month,28,26,80258,2,0.934,4,0
f28f9580,E-commerce,43,800.34,Month-to-Month,74,20,213379,5,0.812,4,0
895e758a,E-commerce,5,221.19,Month-to-Month,18,2,64782,5,0.399,0,0
67633da1,Technology,5,50.0,1 Year,59,2,29149,3,0.796,12,0
ea9cb65c,Healthcare,73,832.7,1 Year,83,12,30963,1,0.138,4,0
57fe87c4,E-commerce,391,4306.38,1 Year,46,147,1485,3,0.554,28,0
e041b22e,Technology,91,616.88,1 Year,9,30,8712,3,0.621,29,0
cb37e926,Finance,139,1449.49,Month-to-Month,6,73,12949,3,0.51,8,0
2a13c9f9,E-commerce,587,5797.27,2 Year,20,176,231914,4,0.917,4,0
6fb3ac09,E-commerce,89,1721.18,Month-to-Month,15,33,72005,2,0.621,5,0
b984c958,Finance,45,875.77,2 Year,51,21,7631,2,0.408,3,0
27dae310,Finance,15,454.58,Month-to-Month,3,6,34494,5,0.751,11,0
2264ed7d,Finance,1133,10471.65,Month-to-Month,8,472,12010,2,0.68,7,0
8f38b437,Healthcare,120,1286.42,2 Year,34,61,17663,3,0.249,5,0
c9b5eae9,Healthcare,13,52.49,1 Year,3,5,46390,2,0.868,7,0
3567bd82,Technology,9,50.0,1 Year,10,3,45694,3,0.62,1,0
ff0109d5,Finance,357,2788.29,Month-to-Month,12,96,102710,2,0.797,10,0
194d4ccc,E-commerce,11,50.0,2 Year,24,4,8991,0,0.682,7,0
79abacd7,Finance,880,8765.99,2 Year,5,284,34398,2,0.533,9,0
c282de9e,Manufacturing,5,607.18,Month-to-Month,48,1,45668,1,0.685,3,0
61a8c776,Finance,461,4314.74,Month-to-Month,15,234,133299,2,0.58,13,0
22ada6fe,E-commerce,113,930.03,1 Year,60,42,36327,1,0.658,6,0
9bed5340,Technology,65,1540.55,2 Year,16,23,20825,5,0.72,1,0
c3bf488c,Technology,41,261.59,1 Year,8,15,17275,2,0.629,11,0
354769a4,Finance,930,9235.61,2 Year,4,348,12173,5,0.693,1,0
937512c5,Technology,157,1512.38,Month-to-Month,1,47,163994,0,0.526,0,0
8b458787,E-commerce,14,50.0,2 Year,19,7,46183,2,0.486,13,0
c3a97d05,E-commerce,5,335.9,Month-to-Month,3,1,18086,4,0.755,6,0
e98d31c8,Healthcare,71,383.56,Month-to-Month,12,33,68346,1,0.89,0,0
c0a5bc09,Healthcare,54,524.96,Month-to-Month,22,16,17073,1,0.497,7,0
6714d057,Technology,5,272.19,1 Year,8,2,35042,1,0.663,22,0
d3912066,E-commerce,50,1471.28,Month-to-Month,5,20,1315,3,0.318,0,1
db75cdc3,E-commerce,23,50.0,2 Year,36,9,93725,3,0.961,4,0
beb00c56,Technology,55,982.49,2 Year,71,22,156809,0,0.829,17,0
799118b3,Technology,162,2054.36,1 Year,3,71,100404,1,0.483,2,0
38b62a28,Finance,512,4800.89,Month-to-Month,5,193,9383,2,0.529,1,0
c7e3fb6f,E-commerce,213,2429.75,Month-to-Month,78,81,87226,2,0.842,5,0
4adef63f,Healthcare,18,1001.72,Month-to-Month,1,8,21309,0,0.635,19,1
7b609143,Technology,94,557.51,1 Year,92,26,137664,2,0.727,3,0
80b0e66f,E-commerce,60,720.73,Month-to-Month,1,16,17767,3,0.403,18,1
d04948bf,Manufacturing,7,272.4,1 Year,50,2,4682,4,0.715,1,0
3da56e51,Healthcare,99,1257.09,1 Year,9,19,95839,0,0.57,5,0
981e6d4b,Healthcare,884,9224.65,1 Year,67,204,6201,0,0.66,6,0
d5c39858,Finance,57,653.15,Month-to-Month,10,33,38982,2,0.52,5,0
b2ba4f9a,Finance,5,306.72,1 Year,26,2,23576,4,0.558,21,0
617cee51,Finance,57,114.26,Month-to-Month,3,19,70704,1,0.621,3,0
45009643,Manufacturing,8,162.0,Month-to-Month,7,3,69095,3,0.483,19,1
d468c353,Finance,199,1751.83,2 Year,36,100,74836,2,1.0,17,0
93afb5d4,Finance,119,575.09,Month-to-Month,19,53,3268,3,0.389,15,0
5fd77cb6,Technology,42,165.43,2 Year,64,16,97728,3,0.7,2,0
da06124c,E-commerce,33,464.73,Month-to-Month,14,15,31398,1,0.661,4,0
bb52ddca,Technology,39,607.9,Month-to-Month,49,18,12370,1,0.752,8,0
363c14c6,Healthcare,55,50.0,Month-to-Month,15,25,17754,1,0.1,1,0
fa64e456,E-commerce,17,50.0,2 Year,94,4,116519,3,0.263,5,0
8bb5104c,Healthcare,6,422.33,2 Year,78,3,300,4,0.49,0,0
086e3871,Healthcare,301,3264.07,Month-to-Month,10,192,80904,0,0.784,2,0
860c17b6,Manufacturing,30,743.55,Month-to-Month,53,6,128804,2,0.547,20,0
cd067534,Healthcare,70,1383.92,1 Year,46,31,14387,0,0.539,0,0
63333c94,E-commerce,83,1098.94,2 Year,6,50,86299,2,0.603,4,0
68074bc6,E-commerce,88,672.6,1 Year,24,44,8782,1,0.432,26,0
9121f650,Finance,9,147.42,2 Year,2,4,817,1,0.694,15,0
d5dda4ab,Technology,5,879.95,Month-to-Month,44,1,46389,3,0.638,1,0
de875c7e,Healthcare,22,1602.22,1 Year,5,10,51951,2,0.7,3,0
15c7a4a1,E-commerce,98,1211.55,1 Year,2,41,8134,5,0.903,13,0
4e433007,Manufacturing,18,447.78,Month-to-Month,13,8,35919,2,0.554,7,0
5e87da37,E-commerce,32,682.85,1 Year,21,9,24346,0,0.622,15,0
7c86596f,Manufacturing,1327,13281.9,2 Year,47,388,3966,2,0.403,1,0
57e11044,Healthcare,5,631.93,2 Year,88,1,35437,5,0.349,4,0
a1b7fea3,E-commerce,17,674.02,Month-to-Month,14,6,43990,9,0.599,14,1
f22dd651,Finance,939,9567.19,Month-to-Month,2,360,12242,3,0.621,5,0
e5e28d3b,Technology,51,350.99,Month-to-Month,34,17,67311,3,0.738,10,0
7ab7e4e7,Manufacturing,18,50.0,Month-to-Month,20,6,3768,0,0.715,2,0
77ee1ec2,Finance,315,3516.21,2 Year,15,105,40036,4,0.651,10,0
f40856c8,E-commerce,59,696.43,Month-to-Month,9,23,18076,0,0.937,1,0
aeb0204e,Finance,32,50.0,1 Year,17,8,28641,2,0.538,14,0
f5cd6bb2,E-commerce,72,155.04,Month-to-Month,10,32,111968,3,0.562,7,0
75ab90a9,E-commerce,20,530.72,1 Year,34,8,55426,1,0.657,5,0
b9f7dd53,Manufacturing,11,50.0,Month-to-Month,19,3,8060,0,0.363,0,0
7a279c40,E-commerce,46,609.82,Month-to-Month,51,24,108712,1,0.738,10,0
4db96bb7,Finance,11,531.78,Month-to-Month,19,3,23327,1,0.614,2,0
9eac2cc9,Healthcare,55,824.95,1 Year,7,28,20873,1,0.618,1,0
cf8061dc,Finance,92,724.63,1 Year,46,39,34811,3,0.709,1,0
3b5ee96b,Finance,196,1335.31,Month-to-Month,20,98,11489,4,0.675,2,0
d336b73e,Finance,296,3253.51,Month-to-Month,6,123,122807,3,0.682,11,0
240805ed,Technology,29,890.26,1 Year,24,13,31545,2,0.522,6,0
327d4592,E-commerce,115,863.63,2 Year,11,57,25029,3,0.914,6,0
7dd43fe9,E-commerce,114,1393.45,Month-to-Month,45,67,9374,1,0.308,6,0
2d38dc4c,Healthcare,89,1680.76,Month-to-Month,15,45,81146,4,0.463,5,0
03f2022a,Technology,26,429.42,Month-to-Month,32,11,152705,3,0.489,7,0
92089cb8,Technology,11,50.0,Month-to-Month,3,2,101854,5,0.456,1,1
56d95345,Healthcare,115,1670.43,Month-to-Month,13,18,8806,2,0.251,3,1
92a1e724,Technology,5,50.0,1 Year,99,1,69638,2,0.929,1,0
c502842f,E-commerce,36,50.0,2 Year,40,11,11418,3,0.729,18,0
9625116c,Healthcare,5,456.16,Month-to-Month,5,1,1980,2,0.474,90,1
78d363a1,E-commerce,7,50.0,1 Year,8,2,33128,3,0.739,12,0
df9e6416,E-commerce,14,50.0,1 Year,10,6,55490,4,0.568,0,0
4d85ab7f,Finance,282,2506.53,2 Year,26,95,6635,1,0.542,6,0
5d75de66,Manufacturing,153,1293.59,1 Year,34,74,46509,2,0.408,0,0
637817e3,Technology,23,931.52,2 Year,34,9,92781,0,0.603,3,0
cd843d47,E-commerce,163,2461.25,1 Year,18,65,11723,2,0.474,0,0
662b16a2,E-commerce,206,2957.49,2 Year,40,121,27912,4,0.406,5,0
cd0446cb,E-commerce,42,965.06,Month-to-Month,14,17,34537,0,0.791,5,0
95b8fe47,E-commerce,6,293.14,Month-to-Month,4,2,88955,4,0.436,1,0
0bd0eb1c,E-commerce,39,50.0,2 Year,20,17,73783,2,0.881,17,0
ab0b6913,Healthcare,47,376.24,1 Year,74,27,73337,0,0.457,14,0
e7e2c094,E-commerce,8,1158.38,Month-to-Month,38,3,56821,0,0.299,17,0
73af076b,Technology,94,722.19,2 Year,21,41,48089,1,0.705,7,0
a3bf1989,E-commerce,83,1587.07,Month-to-Month,25,32,35554,0,0.511,0,0
0cc3e9ca,Healthcare,106,1087.52,Month-to-Month,65,41,23071,0,0.284,25,0
82ba24f1,Technology,82,50.0,1 Year,14,28,35997,0,0.651,25,0
0770177c,Finance,163,1950.24,1 Year,10,56,96111,1,0.339,7,0
2f20f443,Finance,41,1043.13,1 Year,91,23,42266,4,0.202,23,0
4a58a300,Finance,73,705.5,Month-to-Month,48,25,212046,2,0.735,3,0
8ac6fc62,Finance,30,916.53,2 Year,10,7,7688,1,0.898,7,0
ca7e70c3,Technology,22,50.0,2 Year,15,9,29094,1,0.521,11,0
839c5978,E-commerce,406,3367.22,Month-to-Month,13,203,11174,3,0.842,6,0
de148443,Finance,5,152.43,Month-to-Month,4,2,22714,2,0.76,18,1
23a12182,Technology,203,2268.56,Month-to-Month,76,56,77976,2,0.733,7,0
72c7bc69,Technology,21,888.29,2 Year,13,10,87084,6,0.566,1,0
0a827135,Technology,17,489.46,2 Year,50,10,1611,1,0.481,17,0
e69b489c,Finance,80,203.19,1 Year,6,26,153275,0,0.669,12,0
0bc17d96,E-commerce,5,156.52,2 Year,20,1,102736,4,0.73,7,0
5fb43c78,Manufacturing,16,460.36,1 Year,1,4,117678,3,0.348,6,0
a1b5d115,Technology,15,50.0,Month-to-Month,35,8,23642,2,0.535,11,0
27f88d31,Healthcare,39,368.18,Month-to-Month,21,9,34354,2,0.562,10,0
ee374826,Healthcare,16,50.0,Month-to-Month,24,5,9226,1,0.544,3,0
504eb598,E-commerce,602,5692.65,Month-to-Month,2,288,25278,2,0.465,13,0
7afd1e8f,Manufacturing,808,8329.39,1 Year,6,267,6742,2,0.333,19,0
8d677c60,E-commerce,5,50.0,Month-to-Month,2,1,99493,3,0.539,2,0
5a370262,E-commerce,123,1438.44,Month-to-Month,9,48,43509,3,0.544,5,0
587f9fb8,Healthcare,197,2249.75,Month-to-Month,24,125,7308,4,0.505,3,0
100bb2c1,E-commerce,123,1771.88,1 Year,21,46,105625,3,0.73,1,0
137cccc0,Technology,20,50.0,2 Year,23,7,4189,2,0.326,0,0
ac9f2eec,Finance,37,50.0,2 Year,20,10,130828,5,0.656,17,0
b6d7d8da,Technology,17,309.45,1 Year,8,7,5588,1,0.241,2,0
5242608e,Manufacturing,29,146.86,1 Year,7,14,63288,0,0.587,9,0
982369b8,Finance,8,1531.33,Month-to-Month,4,2,51825,7,0.149,5,1
ebf59123,E-commerce,45,679.25,Month-to-Month,46,20,76324,1,0.422,7,0
43439bcd,Finance,5,79.08,Month-to-Month,24,1,41594,0,0.596,7,0
a45b0dc7,Technology,40,313.59,Month-to-Month,5,8,21533,2,0.315,9,1
348edb65,E-commerce,8,50.0,1 Year,5,3,16037,2,0.316,15,1
369624a6,E-commerce,74,1021.94,Month-to-Month,50,44,145450,1,0.796,1,0
6d0b7b5e,Technology,19,150.43,1 Year,33,5,29104,4,0.281,3,0
49647947,Finance,84,800.84,Month-to-Month,26,35,92319,1,0.576,1,0
1e9b1db5,Manufacturing,276,2807.22,Month-to-Month,13,146,64196,2,0.895,11,0
11520bf2,E-commerce,592,6030.61,2 Year,8,230,53375,2,0.628,3,0
7193549f,Finance,5,50.0,Month-to-Month,94,1,176353,5,0.606,15,0
381269dc,E-commerce,15,568.51,Month-to-Month,39,6,41672,2,0.457,12,0
533eba32,Technology,34,50.0,Month-to-Month,9,18,66028,3,0.458,0,0
5a7c19e2,Finance,108,1010.98,Month-to-Month,46,37,94745,1,0.566,1,0
a4852ac8,Technology,5,692.95,1 Year,35,2,2353,1,0.201,9,0
ee870547,Manufacturing,12,1009.72,1 Year,9,3,280078,4,0.803,12,0
09e18aa8,Finance,66,50.0,Month-to-Month,14,25,15202,1,0.642,4,0
0f37fee3,Manufacturing,62,635.12,2 Year,5,27,60619,2,0.25,2,0
3c82d5eb,Healthcare,96,1096.46,1 Year,3,39,153540,0,0.805,1,0
0a4d3feb,Finance,106,306.23,Month-to-Month,31,37,72013,4,0.736,2,0
56fa43b8,Finance,90,1301.3,Month-to-Month,8,39,13043,1,0.688,1,0
5bc9a5a0,Technology,73,788.13,1 Year,42,34,22495,1,1.0,3,0
7175ef3c,E-commerce,59,687.08,1 Year,120,27,26737,1,0.619,6,0
f68a0668,Finance,147,1011.22,Month-to-Month,2,54,44136,4,0.906,11,0
f2f38b2d,E-commerce,5,256.44,Month-to-Month,16,1,46184,3,0.605,20,1
9f78551f,E-commerce,553,5949.11,Month-to-Month,39,329,77535,4,0.69,12,0
948e141e,Healthcare,5,113.65,Month-to-Month,38,2,98189,2,0.489,10,0
ec3f4178,Technology,10,50.0,Month-to-Month,35,3,4690,1,0.223,15,0
fa58874f,Technology,38,161.97,2 Year,11,9,15952,1,0.235,23,0
4a5c9b4a,E-commerce,149,1600.2,1 Year,15,45,21053,0,0.583,2,0
2f4040bb,Manufacturing,5,74.4,1 Year,22,1,672,3,0.553,9,0
e8310ea3,E-commerce,52,972.41,Month-to-Month,88,23,27028,3,0.364,0,0
e871ee73,Manufacturing,179,1549.87,Month-to-Month,10,65,22220,0,0.545,47,1
2a229546,E-commerce,242,1810.81,Month-to-Month,62,97,37263,2,0.69,19,0
3878dc37,E-commerce,19,369.69,1 Year,8,4,5278,0,0.858,4,0
6cb3b489,Finance,34,101.24,Month-to-Month,109,18,26721,3,0.462,9,0
d6f5201a,Technology,21,601.84,Month-to-Month,27,6,45492,1,0.679,7,0
ba34d99f,E-commerce,30,303.77,Month-to-Month,15,12,81434,1,0.948,18,1
1dc33e7f,Finance,11,437.41,2 Year,23,3,72718,0,0.75,6,0
002ba549,Healthcare,14,50.0,1 Year,8,5,25947,0,0.446,1,0
9774c7e3,E-commerce,104,1111.69,Month-to-Month,8,33,24676,2,0.62,6,0
0cd37967,E-commerce,66,310.37,1 Year,3,28,1909,1,0.637,1,0
70f14782,Technology,114,529.81,1 Year,3,34,4313,2,0.727,16,1
637626b2,Technology,75,319.45,Month-to-Month,11,32,102945,1,0.608,1,0
fbfb20e5,Healthcare,157,1297.76,Month-to-Month,35,60,81962,1,0.697,4,0
378f9fb9,Technology,203,2652.35,2 Year,23,93,1065,2,0.804,1,0
554f2b7b,Finance,5,50.0,Month-to-Month,3,2,107141,1,0.39,4,0
91fdd1e9,Technology,15,50.0,2 Year,46,5,47580,3,0.336,33,0
aa14e4c1,Technology,38,445.74,Month-to-Month,23,16,80953,2,0.722,26,1
a62aa45f,E-commerce,52,534.59,Month-to-Month,78,18,34910,0,0.569,8,0
0df0a549,Technology,19,50.0,Month-to-Month,27,10,8162,2,0.773,10,0
957b061d,Finance,214,2059.39,1 Year,5,77,22072,2,0.818,4,0
f57efdad,E-commerce,1064,11128.11,2 Year,16,404,29894,2,0.23,2,0
f8eacf5f,Technology,72,1055.35,Month-to-Month,26,25,70103,3,0.433,3,0
667d093a,E-commerce,61,902.12,Month-to-Month,1,19,83750,2,0.575,0,0
1cf35151,Finance,195,1358.16,Month-to-Month,1,117,67633,2,0.395,5,0
11b920ad,E-commerce,5,1493.27,2 Year,4,2,32374,1,0.505,0,0
57d9cccd,Technology,56,1085.63,1 Year,7,22,54487,1,0.344,4,0
84b2b184,Finance,237,2628.51,Month-to-Month,14,83,17514,0,0.512,19,1
0e72e7c0,Finance,20,50.0,2 Year,17,10,220322,1,0.407,4,0
5816451c,Technology,8,553.87,1 Year,4,2,9208,3,0.669,5,0
2fbf8d08,Technology,41,159.44,Month-to-Month,27,16,64295,1,0.78,7,0
5bed2504,Healthcare,49,392.86,1 Year,22,30,8416,1,0.682,3,0
540c5a8d,Finance,13,50.0,Month-to-Month,9,3,16485,1,1.0,0,0
9a6998c3,Healthcare,1266,12039.26,2 Year,1,574,69080,1,0.788,14,0
27fb87e1,Finance,26,479.27,Month-to-Month,2,11,65303,0,0.78,2,0
90de1ea2,E-commerce,9,593.12,2 Year,12,4,6648,2,0.584,1,0
b6062657,Technology,47,812.45,2 Year,5,17,56744,2,0.539,0,0
700718d7,E-commerce,213,2455.41,1 Year,12,72,11397,1,0.855,11,0
fb3f4528,E-commerce,56,527.62,Month-to-Month,24,23,180524,3,0.549,0,0
ec0a492c,Finance,113,926.65,2 Year,20,40,46197,1,0.607,8,0
21dd8f5d,Technology,14,284.45,1 Year,7,2,174,3,0.566,4,0
d87f9811,E-commerce,508,5490.7,2 Year,11,161,11688,2,0.708,7,0
efef0c6a,Manufacturing,126,1262.43,Month-to-Month,23,46,13042,1,0.778,23,1
df79d1e4,E-commerce,262,3225.13,2 Year,48,76,14191,3,0.813,0,0
baa68b56,Healthcare,94,832.47,2 Year,34,39,40719,1,0.539,10,0
9ff4738d,E-commerce,188,1389.86,2 Year,20,60,11508,2,0.636,22,0
d6163282,Finance,14,134.82,Month-to-Month,11,5,26618,2,0.666,2,0
a5a0fe13,E-commerce,26,312.99,Month-to-Month,11,16,9517,4,0.893,1,0
7b5f206e,Healthcare,411,4068.98,Month-to-Month,51,214,54965,2,0.243,4,0
9760635a,Finance,566,6300.33,Month-to-Month,1,259,42048,2,0.602,30,1
98a25406,Technology,9,492.65,Month-to-Month,107,5,49536,3,0.471,8,0
69def9be,Finance,79,74.53,2 Year,27,31,171184,2,0.493,29,0
36f0e574,Technology,28,1047.18,1 Year,28,11,25483,2,0.43,3,0
16cb7eaf,Finance,19,50.0,Month-to-Month,1,5,12133,2,0.708,12,0
5b3155da,E-commerce,83,1905.51,2 Year,23,43,335073,1,0.11,3,0
51d9ed1e,E-commerce,302,2876.35,1 Year,16,179,2991,0,0.572,7,0
75de3dac,E-commerce,107,975.22,2 Year,3,52,83128,1,0.236,23,1
37e0d905,Finance,33,299.99,2 Year,8,17,8847,2,0.461,0,0
392fed9c,Finance,118,1372.6,1 Year,54,14,54649,1,0.557,3,0
63fe0bca,Healthcare,31,309.87,Month-to-Month,20,19,32103,2,0.519,4,0
7e3ff9af,Finance,101,943.3,2 Year,13,39,91325,1,0.736,0,0
75384bfb,E-commerce,443,5084.46,Month-to-Month,2,281,65669,2,0.85,2,0
87fe8b6a,Manufacturing,5,332.8,1 Year,31,2,9457,3,0.992,0,0
071dbf9e,Technology,180,1320.6,2 Year,30,85,54717,2,0.598,3,0
85550cd2,Technology,5,420.34,Month-to-Month,23,1,12236,3,0.832,0,0
ee3b7046,Technology,344,3702.05,1 Year,18,143,9272,4,0.893,0,0
43b4ee57,E-commerce,20,50.0,Month-to-Month,14,4,4393,1,0.505,2,0
01843cce,Finance,8,476.07,Month-to-Month,22,3,6032,2,0.847,4,0
1d202d39,Manufacturing,154,1461.21,Month-to-Month,7,22,60849,3,0.165,5,0
9129b4da,E-commerce,94,829.16,2 Year,69,34,242181,0,0.66,4,0
638c4006,E-commerce,12,50.0,Month-to-Month,22,6,56318,1,0.921,7,0
a32758e4,Healthcare,8,50.0,2 Year,9,3,61630,4,0.62,24,0
6bccc7a2,E-commerce,41,146.65,1 Year,15,10,76326,0,0.562,6,0
bd81e2c7,E-commerce,8,436.59,1 Year,40,2,109916,2,0.561,1,0
7b487405,Technology,11,98.79,2 Year,5,3,15580,1,0.894,11,0
a0e32e94,E-commerce,64,50.0,1 Year,9,26,46386,0,0.282,31,1
6c05a516,Finance,12,602.32,Month-to-Month,28,5,12207,3,0.522,2,0
6fd49218,Manufacturing,103,880.7,Month-to-Month,10,47,37289,0,0.768,2,0
5bc201c2,Healthcare,510,4489.21,1 Year,38,150,11701,2,0.664,2,0
7ccd56fc,E-commerce,43,1533.01,1 Year,4,19,3307,5,0.837,0,0
4dc54f87,Healthcare,66,133.41,Month-to-Month,35,31,4621,1,0.736,16,0
88452a5f,Technology,1126,11699.75,1 Year,2,505,187119,5,0.506,4,0
7e06e066,Manufacturing,9,50.0,Month-to-Month,1,5,301,1,0.716,14,0
ad8713ac,Finance,325,3317.91,2 Year,55,153,58585,3,0.336,9,0
edd25d49,Technology,272,2268.91,1 Year,21,135,109154,4,0.197,1,0
212b0194,Finance,196,1340.35,2 Year,11,115,25019,2,0.478,7,0
8080c9b7,Manufacturing,379,4051.1,1 Year,7,183,61569,0,0.616,12,0
120065cd,Technology,83,1032.65,2 Year,24,28,21453,0,0.438,0,0
a103bc1f,Technology,22,792.32,1 Year,18,11,37641,2,0.635,5,0
98d2db89,Healthcare,281,2792.81,1 Year,115,101,137208,4,0.612,16,0
e83d6d0a,Manufacturing,298,4090.18,Month-to-Month,99,89,2162,2,0.228,40,0
c243909e,Technology,286,2994.17,Month-to-Month,25,88,15542,3,0.492,11,0
67710b73,Finance,58,863.39,2 Year,15,30,5601,3,0.788,3,0
94783a39,Technology,18,50.0,Month-to-Month,17,8,34251,1,0.697,3,0
76832825,Finance,72,412.96,Month-to-Month,28,36,73588,1,0.461,8,0
d1d51929,Technology,224,2499.84,2 Year,3,103,187750,1,0.724,27,0
d4d659da,Healthcare,253,2487.89,1 Year,10,105,8447,2,0.951,2,0
2cb78109,Technology,28,373.84,Month-to-Month,2,12,2246,5,0.515,2,1
d8d98ced,E-commerce,87,461.75,Month-to-Month,2,39,7445,2,0.748,7,0
156e71cc,Healthcare,7,130.97,1 Year,6,2,173290,3,0.717,8,0
aa252daa,Finance,239,2449.27,1 Year,16,64,19292,3,0.505,27,0
a0e46adb,Healthcare,16,50.0,2 Year,37,5,15542,1,0.373,3,0
82cc81a0,E-commerce,177,2091.27,Month-to-Month,16,80,66413,0,0.93,5,0
7d0f55d3,Finance,9,50.0,1 Year,10,3,6430,3,0.818,4,0
4f09a764,E-commerce,256,2652.12,2 Year,3,156,21468,4,0.544,13,0
84fe4b91,Finance,88,1762.8,2 Year,20,39,7821,1,0.843,4,0
6833ccf2,Finance,16,500.28,Month-to-Month,8,6,183103,0,0.711,5,0
59343c82,Technology,154,1877.15,Month-to-Month,23,52,16782,0,0.841,4,0
8df9e590,Healthcare,22,50.0,1 Year,91,10,15680,4,0.241,0,0
bb7f8e2a,Manufacturing,168,2564.53,2 Year,3,46,50311,4,0.518,7,0
3ac404db,Technology,36,1048.36,1 Year,6,15,837,2,0.915,5,0
09c73aef,E-commerce,5,50.0,1 Year,16,1,52999,1,1.0,1,0
d459ee6c,E-commerce,12,50.0,2 Year,84,4,30243,4,0.522,9,0
2348c73e,Technology,28,907.33,Month-to-Month,36,12,10175,1,0.519,11,0
f97feb36,Finance,425,5148.07,2 Year,55,121,33309,6,0.737,7,0
0131fbc1,Healthcare,210,1467.66,2 Year,10,48,344804,5,0.669,2,0
489d35ab,Finance,623,5728.14,2 Year,116,191,91257,1,0.707,7,0
05c64715,Technology,652,6448.11,2 Year,3,318,182799,1,0.168,3,0
abe748c0,Healthcare,24,50.0,Month-to-Month,2,10,130225,4,0.552,1,1
f4282075,E-commerce,41,419.52,Month-to-Month,47,14,85855,3,0.761,1,0
f3a8b578,Manufacturing,29,882.87,Month-to-Month,63,17,20379,2,0.129,1,0
d91de216,Technology,19,50.0,2 Year,3,10,65454,3,0.277,28,0
51845bac,E-commerce,5,113.55,2 Year,3,2,24841,0,0.245,3,0
1af26c62,Healthcare,53,239.11,Month-to-Month,1,17,28064,2,0.73,10,1
fc1ecbac,Technology,7,889.97,Month-to-Month,3,3,103333,2,0.414,14,1
21ed84b2,E-commerce,51,225.1,1 Year,6,22,11482,0,0.36,8,0
c2a9287b,Healthcare,1304,13799.5,Month-to-Month,85,427,17591,4,0.611,7,0
00328a0f,Healthcare,25,50.0,Month-to-Month,27,9,133321,4,0.352,4,0
164592c3,Manufacturing,73,1115.59,1 Year,37,21,60131,1,0.69,2,0
c9a9c23b,E-commerce,212,2245.97,Month-to-Month,36,69,3355,2,1.0,22,0
1867b3af,Technology,83,760.86,1 Year,19,23,6483,2,0.526,9,0
ba9aebcb,Technology,84,444.74,Month-to-Month,39,41,43321,2,0.211,1,0
575145cf,E-commerce,31,471.55,2 Year,22,12,80161,1,0.509,13,0
3554d316,E-commerce,38,159.73,1 Year,10,11,78705,2,0.698,1,0
84edd31b,E-commerce,12,50.0,Month-to-Month,20,5,27662,1,0.678,7,0
b797378f,Finance,194,2676.36,1 Year,19,77,14954,0,0.768,0,0
c16a398d,E-commerce,5,323.77,Month-to-Month,42,2,77489,0,0.481,6,0
ccbd6851,Technology,234,2661.82,2 Year,97,96,144181,3,0.544,7,0
cb031c47,E-commerce,6,50.0,1 Year,13,1,29361,1,0.11,6,0
91b18394,Technology,231,2217.01,1 Year,35,80,7383,2,0.723,5,0
52e7956f,E-commerce,32,195.71,Month-to-Month,3,9,47045,2,0.338,2,1
65ef7a17,E-commerce,8,248.62,Month-to-Month,36,3,3716,3,0.64,0,0
e5727944,E-commerce,130,1620.9,1 Year,12,66,47273,3,0.426,9,0
ca58c846,E-commerce,219,2174.87,Month-to-Month,1,53,9494,1,0.583,1,0
59034281,Technology,28,50.0,1 Year,11,10,36281,1,0.792,4,0
d2ffee45,Finance,160,1980.29,Month-to-Month,23,82,49107,5,0.513,13,0
186358cf,E-commerce,5,66.7,Month-to-Month,4,1,29595,4,0.452,9,0
b021ebaa,Healthcare,7,50.0,Month-to-Month,62,2,87809,2,0.601,20,0
874cbbce,Finance,379,2722.35,2 Year,2,151,23476,1,0.472,11,0
4568c37f,E-commerce,39,538.95,2 Year,64,19,8422,2,0.412,28,0
d06af606,E-commerce,5,50.0,Month-to-Month,30,2,31172,2,0.973,2,0
ca0d1af8,Manufacturing,19,405.53,Month-to-Month,10,9,165575,1,0.229,0,0
24000c9c,E-commerce,13,50.0,Month-to-Month,12,5,106089,2,0.731,0,0
e2d5ae42,Technology,42,486.59,Month-to-Month,33,15,18631,2,0.573,2,0
17d67b66,E-commerce,31,120.8,2 Year,23,17,13900,3,0.435,0,0
f5165ea5,E-commerce,71,1585.96,1 Year,27,23,33013,4,0.669,3,0
6e2f3b08,Healthcare,49,965.16,2 Year,12,5,53233,2,0.607,19,0
6ef1c328,Finance,419,4863.65,2 Year,17,92,130672,1,0.864,3,0
62d553c1,Finance,103,1042.02,1 Year,111,39,47508,4,0.373,16,0
76df7217,E-commerce,108,1491.18,1 Year,6,39,90429,2,0.497,3,0
41c9ca5b,Healthcare,313,3175.83,2 Year,13,108,59548,2,0.802,5,0
1df3d3c9,Healthcare,30,1034.8,1 Year,9,12,5352,2,0.559,19,0
76771c3c,Finance,8,50.0,Month-to-Month,35,4,111182,1,0.709,6,0
553410f6,Manufacturing,333,2631.26,1 Year,35,148,11128,0,0.843,1,0
9ff4e8ac,Finance,66,50.0,1 Year,9,30,22836,3,0.712,4,0
c5aee9ee,E-commerce,67,1504.16,2 Year,3,19,91710,2,0.478,16,0
ee6d0945,Finance,21,449.25,1 Year,1,7,193671,0,0.53,0,0
3b613957,E-commerce,21,482.13,Month-to-Month,14,9,18597,1,0.845,13,0
a5b15c79,Finance,194,2684.82,Month-to-Month,13,79,24162,1,0.631,13,0
566d1f35,Finance,239,1564.13,2 Year,107,107,33239,1,0.559,5,0
1bc0a570,E-commerce,176,1580.7,2 Year,16,81,34456,0,0.677,0,0
2162014f,Healthcare,179,1671.97,1 Year,8,74,69389,1,0.343,2,0
6f17f2be,Healthcare,128,1651.14,Month-to-Month,54,71,84945,0,0.553,3,0
666ec992,Finance,66,313.68,Month-to-Month,17,22,235726,2,0.584,14,0
cb621c01,Healthcare,41,50.0,Month-to-Month,22,13,81540,1,0.581,7,0
9bd457a1,Healthcare,335,2744.83,2 Year,3,74,17818,4,0.521,4,0
6e93f65c,Finance,31,884.71,2 Year,12,14,22170,0,0.538,9,0
2a25a469,Technology,95,578.73,2 Year,70,32,48124,1,0.577,1,0
ee716061,E-commerce,16,50.0,1 Year,22,8,58019,3,0.892,54,0
6efcd190,E-commerce,20,517.25,2 Year,11,8,4713,3,0.159,0,0
a9bc84e5,Finance,38,50.0,Month-to-Month,24,13,21055,1,0.74,17,1
028de63a,Manufacturing,16,50.0,Month-to-Month,58,4,11324,2,0.583,5,0
5afb36fb,Finance,180,1009.15,2 Year,8,87,35448,1,0.588,21,0
cf48b9c3,Healthcare,7,50.0,Month-to-Month,17,2,9238,1,0.519,2,0
b1fbfe39,E-commerce,63,878.66,1 Year,77,26,43463,2,0.7,8,0
bd7db55f,Healthcare,66,558.88,1 Year,5,30,31489,3,0.79,9,0
945765eb,Finance,5,265.22,Month-to-Month,31,2,25869,6,0.221,6,0
f6a1f3d6,E-commerce,28,50.0,Month-to-Month,23,8,52341,3,1.0,3,0
1047a7e1,Technology,80,50.0,Month-to-Month,28,36,26920,3,0.629,16,1
94b8ec9c,E-commerce,103,2156.97,1 Year,11,49,25480,5,0.622,2,0
02fb3f71,Technology,40,1016.39,Month-to-Month,10,17,52651,3,0.321,3,0
598ffe74,Manufacturing,150,1884.49,Month-to-Month,28,69,2949,3,0.486,5,0
d96c48ce,Healthcare,46,130.14,1 Year,6,21,28324,3,0.872,17,0
67fc4b88,Finance,55,431.0,Month-to-Month,14,19,10870,2,0.614,0,0
b690465c,Finance,79,789.16,Month-to-Month,6,28,1966,1,0.683,22,0
4f603fae,E-commerce,219,2847.17,Month-to-Month,1,136,1764,2,0.508,7,0
f99e0309,E-commerce,19,391.39,Month-to-Month,85,10,9173,4,0.994,0,0
ea3dda1b,Manufacturing,26,522.96,1 Year,14,10,28452,2,0.569,2,0
201d35b4,Technology,20,116.17,2 Year,84,9,41816,4,0.826,0,0
7b071bb5,E-commerce,33,726.33,Month-to-Month,4,10,79457,4,0.57,5,1
3b6ca221,Finance,463,4781.16,2 Year,22,157,46785,4,0.67,0,0
683204f3,Technology,128,1302.01,Month-to-Month,6,35,36704,2,0.67,11,0
58846618,Manufacturing,10,50.0,1 Year,38,4,1852,3,0.785,1,0
ca5b7dca,Technology,22,163.21,2 Year,37,9,17683,1,0.748,2,0
85730b20,Healthcare,95,410.23,1 Year,3,48,58926,1,0.505,0,0
0608dce3,E-commerce,14,119.93,Month-to-Month,59,5,15770,4,0.832,2,0
6360cfa3,Healthcare,18,224.46,Month-to-Month,6,9,45111,3,0.402,0,0
ff6ed34c,Finance,410,2897.74,1 Year,23,190,46304,0,0.363,1,0
7d721667,Healthcare,21,94.83,Month-to-Month,102,13,18201,1,0.542,32,0
b6e881fb,E-commerce,228,1692.06,1 Year,52,129,42384,1,0.679,0,0
0df7b50b,E-commerce,358,3829.32,Month-to-Month,76,196,6050,1,0.396,15,0
34178ade,Healthcare,18,498.58,Month-to-Month,11,8,64908,2,0.584,10,0
1a177cba,Finance,14,50.0,1 Year,3,4,1139,0,0.323,3,0
b74bf064,E-commerce,36,634.51,1 Year,6,15,1798,0,0.546,19,0
e0793d45,Finance,10,395.53,1 Year,17,6,102110,3,0.794,6,0
4a6861f7,Healthcare,65,535.14,Month-to-Month,38,29,43409,1,0.431,3,0
10664c38,E-commerce,40,1167.14,Month-to-Month,4,12,8891,2,0.356,15,1
1f29c205,Technology,93,567.46,1 Year,26,40,46019,0,0.676,11,0
4d23da87,Healthcare,443,5165.68,2 Year,10,133,23089,2,0.442,0,0
a8c0c261,Healthcare,186,1747.4,1 Year,11,58,15726,0,1.0,3,0
0f966491,Finance,113,708.34,2 Year,27,49,83386,1,0.638,10,0
72992272,Manufacturing,5,50.0,Month-to-Month,16,2,32438,1,0.805,2,0
ea1011f6,E-commerce,106,510.31,2 Year,41,33,17369,2,0.337,9,0
278de749,E-commerce,723,7622.28,1 Year,5,248,143848,3,0.691,3,0
aa44976c,Finance,5,50.0,2 Year,38,1,9017,2,0.399,2,0
07758a53,E-commerce,153,2224.8,Month-to-Month,2,59,7658,2,0.564,4,0
636951fb,Healthcare,42,50.0,1 Year,6,8,5118,4,0.45,4,0
f0fb0317,E-commerce,15,568.33,1 Year,26,5,6644,0,0.808,10,0
af05fb61,Manufacturing,181,1822.11,1 Year,47,73,14570,3,0.664,8,0
8a1c0306,E-commerce,709,7225.41,Month-to-Month,7,159,59949,2,0.623,5,0
9b5d0174,Technology,174,1444.98,Month-to-Month,10,52,55715,1,0.872,13,0
be30bd0e,Technology,31,486.4,1 Year,19,12,72082,1,0.603,19,0
8b07b4b9,Healthcare,13,197.49,2 Year,6,4,42850,3,0.806,0,0
a9e3b3f5,Manufacturing,67,50.0,Month-to-Month,41,25,33923,2,0.96,10,0
cc1dbbf8,Healthcare,202,1538.75,Month-to-Month,36,86,28271,1,0.628,12,0
171f3f8c,E-commerce,30,50.0,2 Year,4,6,103829,2,0.652,5,0
5763b4fe,Healthcare,35,50.0,1 Year,15,16,21042,3,0.791,0,0
41b6a523,Healthcare,3763,38256.41,Month-to-Month,36,1385,111060,3,0.887,5,0
9708eed5,E-commerce,275,2753.51,Month-to-Month,10,93,16116,3,0.626,20,1
d247f31c,Finance,306,2670.66,1 Year,25,65,8558,2,0.473,1,0
775fb8f7,E-commerce,6,50.0,Month-to-Month,2,2,14728,2,0.773,4,0
07877d44,E-commerce,18,50.0,Month-to-Month,23,8,34560,3,0.714,13,0
a2780605,Healthcare,61,465.98,1 Year,4,25,130108,1,0.771,20,0
1f0e1c35,Healthcare,12,50.0,Month-to-Month,43,5,9758,2,0.74,24,0
898f7471,E-commerce,602,5613.03,Month-to-Month,11,220,43363,2,0.641,15,0
c8820bcb,Finance,452,4903.3,Month-to-Month,8,178,12277,1,0.653,9,0
22e3744c,Technology,24,332.67,1 Year,45,6,56605,2,0.74,4,0
d3287cbe,E-commerce,793,7853.83,Month-to-Month,2,316,31277,2,0.31,6,1
180c0b8f,Technology,54,541.31,Month-to-Month,13,18,66126,3,0.866,0,0
44349889,E-commerce,2654,26517.22,Month-to-Month,12,763,96934,2,0.69,4,0
372e4253,E-commerce,67,565.43,Month-to-Month,9,31,20379,1,0.431,12,1
cb171e00,E-commerce,129,1548.55,1 Year,59,31,139183,0,0.637,10,0
fac98ae6,Finance,445,4671.58,2 Year,34,201,31595,1,0.864,0,0
c8227576,Finance,371,2924.12,1 Year,2,170,137941,2,0.658,7,0
612a8972,Technology,117,1104.22,Month-to-Month,31,40,13108,1,0.454,0,0
6577b1f1,E-commerce,44,50.0,Month-to-Month,18,22,113692,2,0.345,4,0
9bccfa4b,Technology,118,1497.79,Month-to-Month,56,40,20297,1,1.0,46,0
89f4c5f7,Technology,16,543.83,Month-to-Month,10,5,69465,2,0.252,5,0
72abf7dd,Technology,68,374.61,Month-to-Month,21,19,172387,3,0.667,22,0
3683376e,Manufacturing,10,50.0,Month-to-Month,17,3,121613,1,0.483,0,0
205565f3,E-commerce,5,50.0,2 Year,17,1,31148,3,0.808,12,0
68a907d2,Finance,58,1066.39,2 Year,15,18,21148,3,0.357,6,0
d37c3bea,E-commerce,362,3974.84,1 Year,6,142,47419,1,0.922,7,0
95fad1f5,Finance,218,2755.04,Month-to-Month,34,86,61176,4,0.575,49,0
2c7e86ae,E-commerce,48,1223.27,2 Year,15,25,38853,2,0.556,3,0
921a3888,Technology,750,6887.95,Month-to-Month,77,369,94350,4,0.537,19,0
d1c9917b,E-commerce,23,674.02,Month-to-Month,8,10,3001,2,0.481,24,0
462401c1,Finance,5,789.65,Month-to-Month,28,1,45769,2,0.526,3,0
258938f4,Finance,5,50.0,Month-to-Month,68,1,37247,4,0.744,0,0
cbc0735a,E-commerce,9,50.0,Month-to-Month,27,3,2007,2,0.256,15,1
74179564,Healthcare,185,1668.3,Month-to-Month,50,63,639,1,0.45,27,1
2c9be554,Technology,21,637.73,Month-to-Month,43,6,46586,3,0.899,6,0
0077033a,Finance,109,50.0,2 Year,11,42,6278,5,0.582,20,0
ba92f20b,Finance,645,7357.98,Month-to-Month,22,201,73165,1,0.486,2,0
da87d83a,Healthcare,10,50.0,Month-to-Month,5,3,149041,1,0.345,14,0
8f83936c,E-commerce,111,1568.05,Month-to-Month,19,54,9765,1,0.366,12,0
ea0a6b89,E-commerce,122,1189.88,Month-to-Month,7,31,80116,1,0.796,7,0
775d99ff,Finance,15,396.06,1 Year,33,4,44753,0,0.435,3,0
b7890b86,Healthcare,416,2999.29,Month-to-Month,19,219,29704,4,0.761,2,0
3cfa6624,E-commerce,35,157.56,1 Year,13,12,52533,2,0.404,12,0
8c6ed79a,Finance,30,723.88,1 Year,8,16,81059,5,0.575,8,0
f9b45ece,E-commerce,1296,13104.37,2 Year,120,367,176415,2,0.586,19,0
f4f1d922,E-commerce,119,371.58,Month-to-Month,2,48,54013,6,0.449,17,1
a0d998fd,Finance,218,2210.71,Month-to-Month,2,104,68704,1,0.615,1,0
5a6495cc,Finance,416,3750.63,2 Year,6,128,46763,0,0.177,2,0
96f1bf67,Manufacturing,20,50.0,1 Year,86,11,41625,3,0.582,28,0
01a66338,E-commerce,355,2789.65,2 Year,93,128,3348,0,0.689,4,0
2ca41443,E-commerce,25,559.35,2 Year,26,11,8425,0,0.433,7,0
aac4f0dc,Healthcare,24,796.51,1 Year,51,7,23841,2,0.643,5,0
348cfcb6,E-commerce,36,1420.07,Month-to-Month,6,19,52420,2,0.631,8,0
f588108c,Healthcare,21,50.0,1 Year,86,9,3941,0,0.639,11,0
fa18cc96,E-commerce,187,2253.69,1 Year,4,114,39304,1,0.331,4,0
c636b8a9,Manufacturing,81,1226.59,1 Year,3,41,663,2,0.619,4,0
48e6d779,Finance,26,50.0,1 Year,3,12,72641,2,0.256,18,1
0683c0ab,Healthcare,150,1041.21,1 Year,21,45,54970,3,0.474,9,0
773837bd,Healthcare,36,50.0,1 Year,37,14,36768,2,0.599,19,0
e41c110e,Finance,33,66.32,Month-to-Month,11,12,42331,3,0.642,20,1
f183f62d,Finance,58,681.31,Month-to-Month,92,23,134973,4,0.358,1,0
14d89bdc,Healthcare,109,1770.06,2 Year,14,45,118594,3,0.543,16,0
911ffead,Technology,97,1522.67,2 Year,4,30,78691,2,0.759,23,0
8cf154b7,E-commerce,31,50.0,1 Year,16,11,20490,3,0.404,5,0
b48895d2,Finance,194,1545.58,Month-to-Month,28,75,5672,2,0.169,7,0
aede3b59,Manufacturing,39,1039.82,Month-to-Month,43,11,19388,2,0.706,4,0
19f1c3c4,Healthcare,20,50.0,Month-to-Month,15,9,69708,1,0.412,1,0
d46df59d,Manufacturing,6,50.0,Month-to-Month,22,2,47208,0,0.472,7,0
79c8f9f3,Finance,238,1527.36,Month-to-Month,8,114,61135,1,0.626,5,0
6208c1cd,Technology,55,1126.52,Month-to-Month,25,24,5564,2,0.615,17,0
e59a948c,E-commerce,74,50.0,Month-to-Month,103,16,8625,2,0.804,6,0
ac78c0fc,Technology,262,1798.59,1 Year,2,82,54579,0,0.552,31,0
83a99761,Manufacturing,26,785.41,2 Year,53,14,23244,2,0.614,13,0
a83d3868,Finance,6,1020.03,Month-to-Month,20,2,23037,0,0.261,2,0
ce3b0244,Manufacturing,60,454.69,Month-to-Month,7,14,24933,2,0.726,5,0
3df8baec,Finance,86,836.57,2 Year,75,38,79467,2,0.462,9,0
602937ab,Finance,36,814.14,2 Year,16,11,60041,0,1.0,1,0
c821a932,Finance,498,5124.72,Month-to-Month,10,94,5604,1,0.557,7,0
636be92c,E-commerce,5,50.0,Month-to-Month,5,2,21106,0,0.685,20,0
9bb0974f,Finance,292,2677.27,Month-to-Month,7,118,56017,0,0.728,1,0
3c77bcb0,E-commerce,178,996.6,Month-to-Month,43,75,186754,1,0.582,0,0
e59e13ba,E-commerce,108,1196.47,Month-to-Month,23,29,121665,1,0.687,6,0
83689bec,Technology,5,50.0,Month-to-Month,59,1,14269,2,1.0,22,0
34371a77,Technology,374,3521.08,1 Year,7,90,3415,5,0.449,12,0
edd398e4,E-commerce,11,50.0,Month-to-Month,4,5,42579,3,0.151,8,1
a7790d10,Finance,25,50.0,1 Year,1,5,26064,1,0.339,1,0
ae1ca6d0,Finance,42,729.19,Month-to-Month,18,23,10129,2,0.799,13,0
6be852b1,Finance,100,1440.83,1 Year,120,30,52726,4,0.504,11,0
bc666011,Healthcare,142,1256.44,1 Year,29,39,8738,4,1.0,31,0
721a2767,Finance,208,1863.76,1 Year,9,82,21653,3,0.745,1,0
e1e86045,Finance,185,1423.18,Month-to-Month,51,61,79131,1,0.469,4,0
d3d2bb86,Manufacturing,79,1258.41,Month-to-Month,37,32,57648,4,0.444,6,0
6f1c1b07,E-commerce,101,1025.5,Month-to-Month,1,31,46712,0,0.511,10,0
5a3e756f,Finance,10,283.95,1 Year,41,3,133557,1,0.187,6,0
8634003a,E-commerce,17,349.24,Month-to-Month,9,5,6699,4,0.656,4,0
8d01365b,Healthcare,209,1936.15,1 Year,4,101,58714,1,0.739,4,0
3ddbe973,E-commerce,191,1327.32,Month-to-Month,7,86,6240,0,0.407,1,0
05f95748,E-commerce,161,1111.93,Month-to-Month,16,68,7330,3,0.29,5,0
41ea34c3,E-commerce,25,813.94,1 Year,14,12,35304,2,0.418,2,0
2e6aed71,E-commerce,213,1767.16,Month-to-Month,9,90,1220,2,0.799,3,0
6d6bba64,Manufacturing,9,50.0,Month-to-Month,5,3,34757,1,0.761,0,0
ea5567e1,Technology,274,2172.8,1 Year,35,106,476,1,0.643,0,0
7c78c97f,E-commerce,36,50.0,1 Year,111,11,46117,4,0.928,3,0
115b8011,E-commerce,682,6435.42,Month-to-Month,37,224,18699,4,0.262,2,0
a79dcbfd,E-commerce,5,894.2,Month-to-Month,9,2,4346,3,0.558,8,0
c3ecad61,Finance,769,8019.02,1 Year,7,385,75898,2,0.712,7,0
24d0cd69,Finance,31,50.0,2 Year,6,14,24708,5,0.758,19,0
c9956e5b,Healthcare,30,841.44,Month-to-Month,4,13,29351,1,0.761,0,0
23eae891,E-commerce,73,653.85,1 Year,20,21,23458,3,0.745,11,0
1c09451d,E-commerce,19,867.17,2 Year,23,8,4366,1,0.864,24,0
00d27f8f,Finance,48,1585.87,Month-to-Month,30,17,30801,2,0.752,9,0
9ab2cb13,Manufacturing,18,694.08,Month-to-Month,28,7,54746,4,0.369,18,0
2d82d01d,Manufacturing,19,237.28,1 Year,9,8,116846,1,0.509,8,0
71b54ece,Technology,113,1479.65,Month-to-Month,10,32,72154,2,0.261,15,0
7a96151b,E-commerce,14,147.54,Month-to-Month,28,5,4130,3,0.799,0,0
95d6e6eb,Technology,17,50.0,Month-to-Month,11,7,9064,4,0.839,1,0
c8944131,Healthcare,6,50.0,Month-to-Month,6,2,2293,0,0.356,0,0
21b599d9,Technology,25,50.0,Month-to-Month,12,8,6356,3,0.524,24,1
3cbd1023,Healthcare,390,3561.6,1 Year,8,153,32747,5,0.249,8,0
ad293fea,Technology,15,1046.84,2 Year,3,6,12406,0,0.576,4,0
93412d76,Finance,18,741.07,Month-to-Month,43,6,52197,3,0.435,7,0
d8c67b8b,Technology,73,950.44,Month-to-Month,47,25,1645,0,0.366,0,0
054d8ed8,Manufacturing,31,716.17,1 Year,6,10,97331,2,0.595,11,0
ca985a31,Healthcare,1544,14493.94,1 Year,2,597,56604,1,0.976,3,0
fb12f66d,E-commerce,42,784.09,1 Year,33,24,173814,2,0.759,2,0
1d94f963,Manufacturing,90,1369.81,1 Year,6,35,152700,0,0.55,2,0
658dec1c,E-commerce,224,1120.13,2 Year,12,100,59033,0,0.59,3,0
7e14092b,Technology,218,2562.62,Month-to-Month,2,87,8601,1,0.976,10,0
a1fd1806,E-commerce,77,57.96,Month-to-Month,7,28,12556,2,0.852,9,0
3f6e6189,Finance,42,50.0,Month-to-Month,38,16,16257,1,0.538,9,0
a82cb637,Finance,1136,12023.16,Month-to-Month,40,541,27815,0,0.7,3,0
7208f588,Finance,47,50.0,2 Year,6,18,42300,2,0.4,13,0
74cf03c2,Technology,28,50.0,2 Year,10,10,57379,3,0.605,40,0
a6cae084,Finance,20,694.8,2 Year,4,7,3932,2,0.753,9,0
7bf142d1,E-commerce,5,50.0,Month-to-Month,2,1,47150,3,0.804,7,0
ea14a8c8,E-commerce,187,1779.92,1 Year,117,94,3050,2,0.472,1,0
a77d7341,E-commerce,5,50.0,Month-to-Month,26,1,87730,1,0.8,0,0
4508f9d6,Technology,54,713.8,2 Year,19,29,2063,1,0.63,2,0
9b933d4a,Manufacturing,40,286.83,Month-to-Month,35,16,24718,1,0.542,6,0
ee885210,E-commerce,1571,15767.06,Month-to-Month,44,849,27234,0,0.982,3,0
9c2caad1,Technology,5,50.0,2 Year,40,1,42243,1,0.528,41,0
aebc4563,Technology,14,315.91,1 Year,1,4,5015,2,0.378,9,0
db7b7df7,E-commerce,44,596.92,2 Year,5,22,135230,1,0.466,4,0
99ed348a,Manufacturing,40,1348.94,Month-to-Month,26,13,24161,1,0.745,13,0
4579b8ff,Finance,23,50.0,2 Year,12,12,25225,1,0.403,2,0
2d05522f,Healthcare,48,387.92,1 Year,98,21,13925,0,0.766,24,0
1d23aa26,Technology,8,199.41,1 Year,27,4,75869,2,0.429,6,0
8f5f9dda,E-commerce,93,1412.22,1 Year,76,28,389,1,0.585,7,0
c2e6aa0c,Technology,5,50.0,1 Year,6,2,5613,2,1.0,2,0
09526b71,Technology,52,571.79,Month-to-Month,48,16,31815,2,0.423,0,0
58a93234,Healthcare,22,50.0,Month-to-Month,10,3,172570,2,0.196,47,1
362ab5fd,Technology,250,2364.23,1 Year,110,122,1811,2,0.873,13,0
afc0b41f,E-commerce,759,8126.36,1 Year,5,303,3199,2,0.32,15,0
82a6c0f6,E-commerce,33,50.0,Month-to-Month,18,16,62744,1,0.438,4,0
c9c01c5e,E-commerce,439,4478.42,Month-to-Month,38,179,66485,0,0.746,9,0
f68fcbbd,Manufacturing,33,65.55,1 Year,14,13,113620,2,0.738,4,0
6b8e4338,Healthcare,12,50.0,Month-to-Month,16,6,42975,2,0.125,0,0
5ed767c8,E-commerce,749,7975.74,Month-to-Month,104,308,25838,1,0.531,15,1
b8747962,E-commerce,119,667.37,2 Year,14,41,29989,0,0.77,0,0
fbc5ab01,Technology,54,686.48,Month-to-Month,23,21,28239,2,1.0,7,0
864ddcd7,E-commerce,153,1684.18,Month-to-Month,2,63,181599,2,0.352,7,1
df6c2b71,Healthcare,82,394.1,Month-to-Month,45,9,23908,2,0.814,4,0
ea82935f,Finance,49,567.84,Month-to-Month,26,22,5050,1,0.468,0,0
8966af71,Finance,7,50.0,Month-to-Month,13,3,17098,1,0.808,9,0
94568f6a,Technology,36,620.9,2 Year,1,14,161054,1,0.392,12,0
69817e8f,Finance,139,732.53,1 Year,22,49,27952,2,0.554,0,0
0679852b,Finance,45,280.2,Month-to-Month,1,19,18995,1,0.677,3,0
3478f3fc,Manufacturing,211,1983.61,Month-to-Month,1,121,18607,5,0.791,7,1
905bab08,Healthcare,97,1526.48,1 Year,23,43,455,3,0.714,36,0
39a055ec,Manufacturing,14,210.02,Month-to-Month,6,5,50135,3,0.514,8,0
427b5cae,E-commerce,7,547.51,2 Year,6,2,64416,1,0.5,17,0
e6a9f631,Technology,43,707.35,Month-to-Month,26,12,21766,5,0.956,5,0
2a425eef,Finance,24,514.15,1 Year,2,9,103096,2,0.655,0,0
3c25e8b9,Healthcare,90,734.03,1 Year,10,36,67912,2,0.505,3,0
e84211f4,Technology,18,690.45,2 Year,4,3,45923,3,0.708,5,0
04b16251,Technology,21,50.0,Month-to-Month,21,6,60838,1,0.725,7,0
3baccfba,Technology,264,1775.09,1 Year,27,136,73364,0,0.329,3,0
eb1ebc48,Healthcare,68,572.61,Month-to-Month,31,25,37438,3,0.697,5,0
316c5235,Technology,19,416.74,2 Year,8,2,25358,1,0.299,4,0
29edce09,Technology,56,50.0,Month-to-Month,3,31,6717,1,0.471,1,0
04f67555,E-commerce,431,3867.45,Month-to-Month,2,133,25955,1,0.403,12,0
dc627003,Technology,84,224.71,1 Year,14,29,39936,2,0.574,4,0
25b44a95,Technology,132,1713.36,Month-to-Month,70,66,147695,2,0.513,3,0
a90871c0,E-commerce,17,1006.43,Month-to-Month,6,5,8414,2,0.56,0,0
f5033de1,Healthcare,254,2435.15,Month-to-Month,8,51,70726,2,0.221,25,0
1e3163f2,E-commerce,1767,17935.77,Month-to-Month,3,745,13768,2,0.585,11,0
e2480e58,Healthcare,16,412.76,2 Year,23,7,157334,3,0.38,13,0
a98db34f,E-commerce,9,866.9,Month-to-Month,28,3,45169,1,1.0,12,0
d355f4a5,E-commerce,71,383.72,1 Year,25,27,28350,3,0.52,1,0
6880ae93,Healthcare,203,1920.06,2 Year,48,57,21295,1,0.548,1,0
73c8d292,Finance,47,299.62,Month-to-Month,16,14,11281,3,0.739,29,0
9b25d309,Healthcare,11,147.68,Month-to-Month,4,4,62675,3,0.864,0,0
2f2fbc67,Technology,46,1712.16,Month-to-Month,9,21,50525,3,0.364,21,1
81364bbe,Manufacturing,133,1345.41,2 Year,27,54,110434,1,0.715,24,0
01d30d89,Healthcare,29,50.0,2 Year,23,14,45482,3,0.793,8,0
eead43f5,Manufacturing,135,772.75,Month-to-Month,19,76,9304,4,0.637,4,0
8eef9c3c,E-commerce,313,3756.32,Month-to-Month,28,152,57416,2,0.633,9,0
0556c127,Finance,78,350.37,2 Year,25,18,105513,2,0.498,7,0
8e25f571,Healthcare,52,851.79,1 Year,52,19,232625,3,0.536,37,0
11f858e5,E-commerce,189,1550.15,1 Year,22,92,57769,2,0.578,4,0
a5867d16,Technology,15,50.0,1 Year,37,5,17091,2,0.515,9,0
3ac9318c,Technology,13,432.6,1 Year,7,3,41664,2,0.778,7,0
28ef3f07,Healthcare,36,50.0,2 Year,28,12,36178,1,0.426,1,0
79345456,Healthcare,26,472.71,2 Year,56,4,35869,1,0.771,20,0
26108d3c,E-commerce,16,409.64,2 Year,12,5,4094,0,0.866,2,0
f1c00e00,Finance,850,8773.13,2 Year,37,281,10817,0,0.674,9,0
6a860ae6,Finance,1419,14055.93,Month-to-Month,31,516,37129,2,0.242,4,0
fec9fbd3,Finance,32,663.09,Month-to-Month,2,16,80019,4,0.722,18,1
644c2fd6,Technology,62,158.73,2 Year,21,16,10031,1,0.471,18,0
b8ccf782,Manufacturing,41,50.0,Month-to-Month,4,13,8973,3,0.494,1,0
4bed97a8,E-commerce,287,3223.45,1 Year,83,82,71325,3,0.672,30,0
febf8827,Manufacturing,387,3952.8,2 Year,41,196,58648,2,0.821,1,0
90984a00,Finance,5,50.0,Month-to-Month,3,2,33189,1,0.268,6,0
8a7e65f8,E-commerce,111,374.42,Month-to-Month,4,48,2583,1,0.612,11,0
4ce80b29,Finance,7,50.0,Month-to-Month,22,3,31997,5,0.998,5,0
bfeb727b,E-commerce,763,7655.87,Month-to-Month,11,213,90045,5,0.38,8,0
94523ecd,Manufacturing,105,1874.39,1 Year,1,44,533,2,0.56,55,1
e27dc276,E-commerce,15,80.72,Month-to-Month,19,4,5413,4,0.477,2,0
d4867345,Finance,38,199.33,2 Year,12,15,82862,1,0.741,14,0
4385e614,E-commerce,35,337.82,Month-to-Month,3,12,37238,2,0.35,10,1
6b18d7c9,Healthcare,120,2289.6,1 Year,39,40,54274,2,0.286,29,0
92d83574,Technology,260,2975.95,Month-to-Month,60,104,68334,2,0.766,1,0
95319b18,E-commerce,9,50.0,1 Year,34,4,17848,1,0.648,3,0
09259b40,E-commerce,861,8624.05,Month-to-Month,42,497,17682,1,0.363,14,0
8ec563fd,E-commerce,607,6236.22,Month-to-Month,6,276,15323,1,0.586,17,0
c63fc326,E-commerce,14,50.0,1 Year,8,8,9151,2,0.344,12,0
6233fda0,Healthcare,60,979.57,2 Year,6,25,18173,2,0.784,1,0
e3bbaf82,E-commerce,710,6691.1,Month-to-Month,35,410,152700,1,0.656,4,0
04d1433f,Finance,347,2714.53,Month-to-Month,71,153,4494,3,0.457,2,0
fe0761ea,Technology,32,358.07,1 Year,31,13,13763,2,0.484,14,0
657ad4ff,Technology,185,1808.92,2 Year,52,70,19137,1,0.508,22,0
c0f4b759,Technology,4894,48939.49,Month-to-Month,25,2103,8350,2,0.385,9,0
51d7f3dd,E-commerce,63,247.68,Month-to-Month,12,27,4028,0,0.868,1,0
e9866581,E-commerce,21,50.0,Month-to-Month,14,5,8828,5,0.833,20,1
8f96fce7,Healthcare,70,1264.22,Month-to-Month,2,32,37517,2,0.52,5,0
195ed46e,Technology,79,1010.54,Month-to-Month,1,19,45410,1,0.537,1,0
5d444562,Finance,24,50.0,Month-to-Month,29,11,12119,1,0.375,9,0
9cd52af4,E-commerce,105,74.65,Month-to-Month,14,48,35039,2,0.568,0,0
8d733937,Finance,8,50.0,Month-to-Month,20,4,312,3,0.698,9,0
ef3ecb2a,Healthcare,20,278.65,Month-to-Month,20,6,46067,0,0.836,35,0
ee4a65ff,E-commerce,170,1384.03,Month-to-Month,8,51,65,1,0.421,9,0
ceecd7fe,Healthcare,5,50.0,Month-to-Month,16,2,51469,2,0.263,19,1
ac332d86,Technology,211,1815.42,Month-to-Month,16,61,33016,0,0.399,20,1
b48a1073,Finance,5,50.0,Month-to-Month,12,1,5785,0,0.711,1,0
57416657,Healthcare,5,442.31,Month-to-Month,42,2,4627,1,0.591,11,0
f61443ad,E-commerce,25,249.79,2 Year,15,9,345,2,0.798,7,0
3231c441,Healthcare,83,860.97,Month-to-Month,23,34,40108,1,0.608,0,0
8323bc73,Finance,398,3867.57,1 Year,55,180,82136,1,0.923,2,0
c02ae453,Technology,59,340.32,Month-to-Month,49,26,97086,5,0.283,1,0
467193e9,Healthcare,37,817.12,Month-to-Month,54,14,42109,6,0.102,9,1
d215ea8c,Technology,130,1671.2,1 Year,8,52,109092,0,0.871,1,0
aad1f5ff,Healthcare,14,1162.64,Month-to-Month,1,5,99017,3,0.441,3,1
119c8dfe,Finance,67,975.28,Month-to-Month,8,27,59903,3,0.628,1,0
736d92e3,Technology,9,50.0,Month-to-Month,8,2,22555,2,0.627,0,0
9e068388,Finance,61,157.67,Month-to-Month,58,29,87778,1,0.665,59,0
c392cf4f,Healthcare,44,916.47,Month-to-Month,26,22,24852,1,0.505,5,0
5e75fe97,Finance,16,50.0,1 Year,3,7,25814,3,0.41,6,0
1158063c,Finance,69,1094.87,Month-to-Month,4,31,56671,1,0.394,0,1
fd2a2687,Technology,69,310.04,2 Year,5,20,131498,2,0.721,1,0
d8216824,Finance,318,3354.58,Month-to-Month,24,82,34659,0,0.754,9,0
100f7fa7,Technology,5,50.0,Month-to-Month,32,2,9752,3,0.55,5,0
e8daedd6,Technology,48,869.94,2 Year,48,19,7683,0,0.481,9,0
07128bc7,E-commerce,17,50.0,Month-to-Month,68,7,17993,3,0.714,3,0
84245659,Manufacturing,201,2146.48,2 Year,6,84,30592,2,0.304,6,0
86b93e42,Finance,169,1591.08,Month-to-Month,9,71,17667,1,0.99,24,0
a4299b47,Manufacturing,116,1210.9,Month-to-Month,7,53,62225,3,0.69,9,0
444b2154,Healthcare,18,50.0,Month-to-Month,11,7,39115,4,0.568,12,0
37098103,E-commerce,206,1850.37,Month-to-Month,60,43,26105,1,0.766,25,0
3123be89,E-commerce,5,127.39,1 Year,21,2,12002,0,0.726,12,0
7f2a4f11,Finance,5,50.0,Month-to-Month,33,2,46496,1,0.647,10,0
ca8e3c94,E-commerce,8,50.0,Month-to-Month,17,2,56058,2,0.222,19,1
92c2cb36,Technology,51,330.73,Month-to-Month,1,14,76663,3,0.682,11,0
d8ed00a0,Healthcare,150,1301.26,Month-to-Month,2,73,234680,2,0.891,9,0
dda2a24d,Finance,5,50.0,2 Year,19,2,13154,2,0.489,2,0
df4ee968,Technology,397,4432.11,Month-to-Month,31,53,761,2,0.792,0,0
55f5a759,E-commerce,66,492.76,1 Year,6,29,34701,2,0.77,5,0
5f054367,Manufacturing,5,50.0,Month-to-Month,31,1,128854,4,0.659,17,0
5c848e28,Technology,63,50.0,Month-to-Month,40,25,14301,4,0.634,7,0
1bdb46f9,Manufacturing,281,3845.82,1 Year,13,116,70503,0,0.712,0,0
722f088e,Technology,134,2553.53,2 Year,33,43,19247,2,0.683,5,0
1f52dd97,Finance,283,2439.8,2 Year,13,131,24813,2,0.978,9,0
7b37ecbd,Healthcare,7,683.04,1 Year,28,2,147562,0,0.793,2,0
c220a3cf,Technology,29,244.09,Month-to-Month,35,13,30903,3,0.741,0,0
5599f0c8,E-commerce,13,931.88,Month-to-Month,116,6,64607,2,0.811,8,0
5aa4f0c7,Healthcare,717,7338.12,1 Year,11,224,39909,3,0.742,0,0
aa5a3e74,Finance,142,1469.88,Month-to-Month,13,44,72176,5,0.184,0,0
135feccf,Manufacturing,3906,37810.37,2 Year,5,1606,19089,2,0.577,13,0
26e84ab6,E-commerce,27,50.0,1 Year,6,14,104735,6,0.476,6,0
f0cdd4f3,E-commerce,18,190.26,2 Year,29,6,39805,4,0.666,0,0
6b87a17f,E-commerce,44,539.33,1 Year,60,15,18492,1,0.489,9,0
d7be4429,Finance,431,3702.58,1 Year,13,186,1947,3,0.718,0,0
ee3ac0fd,Finance,31,50.0,Month-to-Month,5,14,664,3,0.516,3,0
bf89748b,Finance,65,926.72,1 Year,9,29,21798,3,0.94,1,0
11c3f4e9,Healthcare,63,50.0,Month-to-Month,15,25,12148,5,0.93,5,0
fde5ac31,Technology,57,636.86,1 Year,9,21,2705,1,0.311,0,0
5275086f,E-commerce,20,818.98,1 Year,7,8,40242,1,0.665,35,0
5d3aee14,Technology,44,632.73,1 Year,32,3,224543,2,0.508,1,0
9c771af8,Technology,41,577.74,1 Year,1,24,27437,1,0.65,31,0
01d8e56c,Finance,53,50.0,1 Year,19,20,40160,1,0.717,7,0
c1c14e53,E-commerce,224,1829.04,Month-to-Month,38,93,12410,0,0.344,0,0
25f2ecc5,E-commerce,765,8677.1,2 Year,8,466,11465,1,0.405,21,0
dc8fa48f,Technology,15,50.0,Month-to-Month,23,4,19902,2,0.43,5,0
38ad1e3d,Finance,30,932.24,2 Year,27,18,90106,5,0.49,1,0
7f952fd5,E-commerce,15,50.0,Month-to-Month,26,7,161669,3,0.496,3,0
0b53cab7,E-commerce,72,581.09,2 Year,15,32,67300,4,0.759,3,0
232b7493,Finance,24,497.79,Month-to-Month,11,11,1038,1,0.644,9,0
6f1ec875,Healthcare,78,830.35,1 Year,44,24,28849,1,0.426,35,0
247f756c,E-commerce,285,3040.76,Month-to-Month,35,67,27296,2,0.536,2,0
42e84d7d,Technology,5,50.0,1 Year,10,1,136822,4,0.126,2,0
d63869ac,Finance,114,571.86,Month-to-Month,3,57,68436,1,1.0,34,1
2bddc1f9,E-commerce,27,50.0,1 Year,2,8,62656,5,0.604,2,0
d07a6094,Finance,108,813.84,Month-to-Month,3,25,41594,3,0.799,2,0
c8a7a8fb,Technology,14,50.0,1 Year,21,5,51899,2,0.759,47,0
3a68084e,Finance,328,3798.64,Month-to-Month,2,150,59967,1,0.593,10,0
b771c1ea,Technology,214,2183.67,Month-to-Month,10,86,40210,4,0.124,3,0
56844842,Finance,128,1522.3,2 Year,34,58,93161,0,0.488,2,0
08a973ad,Finance,179,1860.8,2 Year,9,92,1879,1,0.671,6,0
1b859577,Healthcare,17,50.0,1 Year,35,7,141834,3,0.612,3,0
3d11e3c3,Healthcare,21,218.63,2 Year,33,8,74269,2,0.808,0,0
0ad6f752,E-commerce,168,1745.39,Month-to-Month,7,58,37640,3,0.6,0,0
0ac27412,Finance,17,549.96,Month-to-Month,32,8,98422,4,0.968,7,0
1a19d666,Technology,477,4235.71,Month-to-Month,34,203,88007,3,0.388,3,0
bbe35c1a,Healthcare,33,50.0,Month-to-Month,13,10,27183,1,0.704,28,0
8e550742,Finance,115,1238.13,Month-to-Month,6,60,91571,2,0.394,11,0
a38128d3,Finance,1272,12896.93,1 Year,18,542,10433,2,0.783,38,0
bb68493d,Healthcare,18,90.31,Month-to-Month,62,8,31668,4,0.449,16,0
85930ab0,Healthcare,60,614.01,Month-to-Month,25,21,13216,3,0.249,3,0
567b0bc1,E-commerce,265,3089.39,1 Year,5,135,6642,2,0.303,13,0
929e3977,E-commerce,227,2040.6,Month-to-Month,28,54,112501,4,0.506,6,0
4bcca952,E-commerce,33,190.68,Month-to-Month,14,18,22860,1,0.912,7,0
35c2c436,E-commerce,25,289.52,Month-to-Month,22,5,57661,0,0.748,7,0
671aab83,E-commerce,38,50.0,2 Year,32,9,23508,1,0.689,11,0
e5072821,Healthcare,479,4714.05,Month-to-Month,18,203,39276,2,0.587,4,0
604f84e3,E-commerce,35,318.13,2 Year,41,12,21388,1,0.375,15,0
9156f0c0,Manufacturing,61,1428.52,1 Year,31,22,67880,1,0.413,1,0
37bf7948,E-commerce,28,130.94,Month-to-Month,23,9,77197,2,0.49,4,0
10313952,E-commerce,157,1670.01,Month-to-Month,4,50,28152,1,0.472,11,0
9d8cffd7,Finance,68,1139.31,1 Year,44,29,98167,0,0.469,18,0
8ebe44cf,Technology,12,50.0,2 Year,66,4,21948,2,0.41,19,0
5a016679,Technology,12,807.87,Month-to-Month,4,5,71871,2,0.601,4,1
158c8fb0,E-commerce,5,931.94,Month-to-Month,17,2,52500,2,0.45,5,0
f9478522,Manufacturing,15,135.55,Month-to-Month,8,5,30438,1,0.826,3,0
5e1ca340,Healthcare,179,1520.29,Month-to-Month,34,85,109874,2,0.824,9,0
dd28b865,Healthcare,397,4783.56,2 Year,31,86,42461,3,0.72,4,0
8690517a,Technology,152,1917.82,Month-to-Month,4,21,91686,2,0.697,26,1
2a9c307f,Technology,125,1290.98,Month-to-Month,51,30,66087,1,0.29,4,0
b5a89979,Healthcare,45,1163.42,2 Year,5,16,38025,0,1.0,11,0
88c1758e,Finance,174,2400.5,Month-to-Month,39,76,19757,1,0.544,10,0
84113375,Healthcare,83,661.87,1 Year,15,11,150936,2,0.759,6,0
89b24f60,Finance,817,8294.36,1 Year,10,325,2920,0,0.767,0,0
1119b491,Technology,47,758.4,Month-to-Month,5,17,112445,1,0.392,3,1
fff28451,E-commerce,409,4104.37,Month-to-Month,5,169,35300,2,0.474,12,0
cc41ff3d,Finance,202,1324.56,Month-to-Month,27,42,69063,3,0.68,5,0
9cc62b04,Finance,164,1170.87,2 Year,20,108,20333,1,0.291,0,0
f5ac10e9,Healthcare,5,50.0,1 Year,4,2,24242,3,0.582,22,1
7e2beda6,Finance,220,2446.46,Month-to-Month,3,61,10582,1,0.121,8,0
8f20f667,E-commerce,45,50.0,1 Year,2,18,154327,4,0.602,0,0
0c39c9bd,Manufacturing,28,376.21,1 Year,33,15,2213,2,0.875,0,0
2c6bec54,Technology,5,965.95,Month-to-Month,30,1,24455,4,0.6,1,0
39351167,Healthcare,54,1253.89,Month-to-Month,2,13,20375,3,0.307,68,1
0dfe932b,Technology,57,50.0,1 Year,20,22,83852,0,0.489,3,0
e0b3b402,Technology,7,50.0,Month-to-Month,3,2,34816,0,0.723,12,0
21f14354,Technology,5,50.0,2 Year,57,2,9262,1,0.633,1,0
3968bd3b,E-commerce,113,545.49,1 Year,58,61,35566,3,0.69,3,0
b656ab46,Finance,201,1183.09,Month-to-Month,29,96,13460,1,0.566,0,0
11437a41,Finance,72,714.58,2 Year,63,18,863,1,0.447,19,0
062a4bde,Healthcare,306,3412.55,Month-to-Month,41,89,39322,2,0.625,47,1
c186455a,Finance,47,947.02,2 Year,43,15,22346,3,0.614,4,0
c0a1bd53,Finance,50,262.76,Month-to-Month,21,23,13648,2,0.805,2,0
06ec5f39,E-commerce,13,50.0,1 Year,9,5,9451,1,0.506,1,0
351ae6dd,Technology,5,227.84,1 Year,6,2,30228,4,0.61,3,0
855e2bee,E-commerce,881,8755.76,Month-to-Month,10,401,101865,1,0.571,4,0
7f102b2f,Healthcare,297,3375.3,Month-to-Month,24,100,70967,1,1.0,12,0
0e558b85,Manufacturing,6,275.18,1 Year,5,2,232,0,0.449,12,0
b46bca10,Manufacturing,68,491.85,1 Year,8,17,65680,1,0.523,7,0
f8b5329e,Technology,46,50.0,Month-to-Month,16,21,3775,2,0.409,5,0
0e24543f,Manufacturing,36,1109.52,2 Year,7,12,39703,1,0.861,7,0
2c4ea493,E-commerce,29,50.0,1 Year,22,15,75716,2,0.876,8,0
1964541b,Manufacturing,96,1138.78,Month-to-Month,62,44,30191,2,0.557,9,0
fa55e3e7,Healthcare,186,901.7,1 Year,34,110,23636,2,0.837,10,0
678a0174,Finance,99,984.34,Month-to-Month,27,43,140233,1,0.666,10,0
1cd8c4c8,Finance,45,500.13,2 Year,21,19,1485,3,0.74,2,0
92bdd60f,Finance,43,504.3,Month-to-Month,17,16,5601,0,0.401,6,0
1bed677b,Healthcare,222,3726.9,Month-to-Month,5,80,102137,1,0.632,4,1
b325e344,E-commerce,109,774.44,Month-to-Month,55,40,108682,2,0.974,9,0
dd3bfdcc,Technology,60,1010.33,2 Year,7,29,23319,1,0.895,6,0
9bc09b99,E-commerce,51,771.62,Month-to-Month,3,13,38847,1,0.761,2,0
2f6f2ee7,Healthcare,91,570.68,Month-to-Month,34,36,8980,2,0.79,11,0
92780fda,Technology,27,672.83,Month-to-Month,5,6,107828,4,1.0,0,0
341a9c70,E-commerce,187,1787.84,Month-to-Month,12,81,31655,3,0.757,3,0
52573049,Finance,10,537.62,Month-to-Month,1,3,41515,4,0.468,15,1
e3a994e3,E-commerce,29,1270.48,1 Year,4,13,6281,1,0.843,14,0
d0e92ac7,Finance,136,1435.4,Month-to-Month,5,44,47702,2,0.585,29,1
3d3b4851,Finance,9,50.0,1 Year,2,3,59507,1,0.698,8,0
7a5f60d3,Manufacturing,5,575.78,Month-to-Month,26,2,17457,3,0.624,6,0
b0625d2a,Finance,60,1298.33,1 Year,44,24,113239,5,0.458,10,0
2a3625a3,E-commerce,5,50.0,Month-to-Month,12,2,11401,4,0.662,18,1
450849b2,Technology,7,50.0,1 Year,50,2,113836,5,0.793,9,0
fbac11b3,Technology,169,2027.71,Month-to-Month,6,58,60759,1,0.748,13,0
822f2270,Healthcare,40,333.98,Month-to-Month,10,20,88848,1,0.696,3,0
46e67045,Healthcare,375,3272.83,Month-to-Month,4,136,60046,1,0.56,3,0
06c74194,Healthcare,8,350.35,Month-to-Month,24,2,27967,1,0.268,0,0
8863f562,E-commerce,47,805.74,Month-to-Month,14,20,20141,4,0.591,3,0
54207094,E-commerce,99,822.81,1 Year,23,37,66226,2,0.711,6,0
71062c9d,Healthcare,9,120.67,1 Year,35,3,17702,2,0.168,10,0
eb361edf,Manufacturing,256,2271.71,Month-to-Month,19,84,3192,2,0.587,7,0
18b4c8c3,E-commerce,117,622.38,Month-to-Month,24,62,14184,5,0.581,12,0
8579da0e,Finance,5,50.0,1 Year,66,1,70372,1,0.417,6,0
629553c0,E-commerce,51,546.97,2 Year,9,17,78805,2,0.752,7,0
2fd0ad4e,E-commerce,97,232.46,Month-to-Month,11,35,16190,0,0.789,6,0
ae9abd6f,Healthcare,22,50.0,Month-to-Month,31,9,19869,1,0.963,9,0
38fb92ed,Finance,5,93.92,Month-to-Month,23,2,39851,1,0.594,4,0
c308829a,Technology,82,1417.33,Month-to-Month,5,31,15188,1,0.858,9,1
9c3bef83,E-commerce,1505,14893.7,Month-to-Month,12,472,46592,1,0.436,5,0
d17ad777,E-commerce,30,50.0,2 Year,16,17,16567,1,0.526,9,0
bc49a66a,E-commerce,574,5635.17,Month-to-Month,14,237,6441,2,0.736,4,0
b2146113,Healthcare,17,50.0,Month-to-Month,5,6,8411,1,0.469,1,1
3c5bfab0,Finance,75,1026.09,2 Year,62,30,14420,2,0.568,2,0
7a0a8147,E-commerce,173,1561.05,Month-to-Month,35,47,9190,1,0.768,1,0
0e1470ec,Finance,53,50.0,Month-to-Month,16,20,183146,3,0.599,1,0
52c7ee39,Healthcare,34,2185.81,Month-to-Month,28,16,53701,4,0.416,9,0
ac0696e8,Technology,162,1691.18,Month-to-Month,55,84,9877,2,0.482,21,0
93360a35,Manufacturing,931,9354.6,1 Year,4,339,27573,3,0.545,21,1
4d8baf0b,Technology,85,79.3,Month-to-Month,7,35,15675,4,0.718,13,0
60bf0119,Technology,25,50.0,1 Year,19,13,57684,1,0.535,7,0
ee0866a5,Finance,41,364.03,1 Year,39,16,100974,4,0.11,6,0
a85e6122,Manufacturing,2391,24078.09,Month-to-Month,1,1128,25610,1,0.757,1,0
17a027f0,Finance,66,1011.06,1 Year,100,29,28004,0,0.729,2,0
7d7bb208,Manufacturing,22,338.72,1 Year,15,7,25413,4,0.387,28,0
b3e21365,Manufacturing,9,50.0,2 Year,11,2,29821,2,0.373,3,0
cc7eb194,Technology,5,50.0,Month-to-Month,9,2,1825,2,0.87,8,0
322e9262,Manufacturing,94,889.89,Month-to-Month,5,12,44898,1,0.552,9,0
1e7a41db,E-commerce,145,1183.01,2 Year,38,48,151867,5,0.751,2,0
8ef1d934,Finance,30,50.0,Month-to-Month,75,7,76930,4,0.461,14,0
f4cdb85a,E-commerce,53,944.03,Month-to-Month,13,26,98812,1,0.731,1,0
56afe312,E-commerce,9,50.0,1 Year,74,4,13012,2,0.415,3,0
e6fd70b0,Healthcare,66,968.48,Month-to-Month,42,21,46720,3,0.684,8,0
c4979619,E-commerce,112,414.93,Month-to-Month,16,75,111732,4,0.671,6,0
561accb7,Manufacturing,24,307.04,2 Year,27,12,3553,4,0.187,13,0
e9e4f8ab,Finance,689,7356.99,1 Year,14,289,104882,4,0.625,31,0
c7d4a0e2,Technology,15,50.0,1 Year,20,8,3333,3,0.456,2,0
20657851,Manufacturing,83,1674.96,Month-to-Month,2,27,203928,2,0.819,0,1
ec95510a,Manufacturing,194,2898.94,1 Year,29,72,4382,0,0.647,4,0
de831e03,Manufacturing,48,598.59,1 Year,2,21,22940,0,0.551,17,0
71e165f3,E-commerce,41,680.69,Month-to-Month,41,13,2809,2,0.904,13,0
3c58a2e7,Manufacturing,6,590.35,Month-to-Month,42,1,2922,3,0.219,7,0
1b40b7c7,Technology,418,4452.21,1 Year,7,127,100601,3,0.985,6,0
74940d2e,Finance,42,638.62,Month-to-Month,10,15,3286,3,0.975,4,0
b13a15be,E-commerce,122,957.97,Month-to-Month,16,54,78660,1,0.522,2,0
91205e7a,Technology,149,646.32,Month-to-Month,22,54,118693,0,0.778,4,0
0d9ae041,Finance,21,50.0,Month-to-Month,9,4,136706,2,0.697,2,0
d59079e2,E-commerce,40,1591.18,Month-to-Month,22,17,99771,2,0.103,0,0
f9c82f68,E-commerce,404,4201.23,2 Year,9,213,155237,2,0.578,21,0
03fb2eef,Finance,10,50.0,Month-to-Month,2,3,2659,1,0.347,2,1
fe8571ec,E-commerce,1328,13911.66,Month-to-Month,1,752,284324,1,0.329,1,0
d8dfdbb7,Technology,17,50.0,Month-to-Month,3,8,1035,2,0.543,6,0
c3cfab71,E-commerce,9,381.55,Month-to-Month,38,2,9106,5,0.55,2,0
37fc1bf8,Healthcare,66,698.6,Month-to-Month,79,22,4220,2,0.843,5,0
fb3c0cb0,Healthcare,1498,15210.01,Month-to-Month,14,552,68127,3,0.45,33,1
7e7104d1,Finance,5,50.0,Month-to-Month,18,1,4552,2,0.521,2,0
293db292,Manufacturing,44,50.0,Month-to-Month,4,6,17314,1,0.873,3,0
f69c1663,Finance,111,698.56,Month-to-Month,20,36,50816,1,0.563,7,0
8f09778c,E-commerce,57,178.06,2 Year,4,19,34459,2,0.497,5,0
12b48aba,Finance,96,958.51,Month-to-Month,23,56,7322,2,0.771,1,0
359d6b47,Finance,18,50.0,1 Year,65,7,36858,2,0.706,13,0
6acbcbc8,Technology,22,50.0,Month-to-Month,6,7,20825,2,0.62,6,0
e1e1a994,Technology,43,497.76,Month-to-Month,35,15,44087,1,0.785,2,0
47af3630,Healthcare,10,50.0,1 Year,1,4,38663,1,0.35,14,1
60009912,E-commerce,51,605.12,Month-to-Month,12,18,227853,3,0.484,4,0
600b471c,Healthcare,30,277.48,Month-to-Month,3,10,99577,1,1.0,3,0
91f1af51,E-commerce,26,1519.48,Month-to-Month,11,8,183,1,0.0,13,1
453fdedd,E-commerce,88,943.37,Month-to-Month,5,39,9679,6,0.465,1,1
84a288d1,Healthcare,5,50.0,1 Year,12,1,122171,3,0.363,23,0
9eb8b3e2,Finance,38,430.57,1 Year,13,11,38767,4,0.614,0,0
d0cce58f,Finance,1765,18159.98,Month-to-Month,9,542,71245,1,0.721,1,0
55278788,Manufacturing,10,75.19,Month-to-Month,26,2,35009,2,0.821,2,0
93a2a8a9,Manufacturing,375,4092.36,2 Year,61,119,77033,3,0.518,11,0
f5eeda40,Healthcare,59,788.02,Month-to-Month,13,28,7122,1,0.415,11,0
bf43658d,Technology,22,74.79,1 Year,6,11,66951,3,0.31,53,0
9a069ff6,Finance,7,125.44,2 Year,8,2,101860,0,0.61,7,0
3ccafec4,Finance,67,1469.46,Month-to-Month,47,28,15438,2,1.0,17,0
239dffb5,Technology,483,4951.54,Month-to-Month,21,160,22972,2,0.482,6,0
7b46318b,Manufacturing,30,50.0,2 Year,15,5,44650,2,0.586,10,0
91af6bd9,Manufacturing,48,320.24,Month-to-Month,4,19,101339,2,0.627,0,1
c2f540c6,E-commerce,248,1422.88,Month-to-Month,15,106,119186,3,0.515,17,1
271af264,Finance,91,978.7,Month-to-Month,8,30,38224,3,0.885,10,0
2afa5272,Technology,5,706.03,Month-to-Month,69,1,53656,4,0.842,9,0
22a08c1b,Finance,63,50.0,2 Year,52,17,103143,2,0.764,2,0
e6dec869,E-commerce,527,5344.87,Month-to-Month,3,219,13152,0,0.792,5,0
849fb20b,Finance,51,1002.72,Month-to-Month,18,20,87209,4,0.463,2,0
aa71e6d9,E-commerce,5,595.57,1 Year,7,2,15180,2,0.37,12,0
d876c8a9,Finance,97,1609.9,Month-to-Month,13,30,43494,3,0.465,53,1
c5acc4c3,Finance,40,50.0,1 Year,51,14,136411,1,0.656,2,0
a1d91b15,Manufacturing,5,302.47,2 Year,18,2,35820,1,0.535,1,0
4c5f1e4a,Healthcare,5,50.0,2 Year,10,1,4903,3,0.714,4,0
2f61905f,E-commerce,235,1850.83,Month-to-Month,6,113,113076,2,0.622,7,0
67eab075,Finance,18,590.56,1 Year,39,9,43970,3,0.332,12,0
b78dd78d,Healthcare,13,209.02,Month-to-Month,24,3,3690,3,0.848,6,0
4a6e1e40,Healthcare,51,873.17,Month-to-Month,16,18,529,5,0.498,42,1
1fbacf37,Finance,20,50.0,Month-to-Month,6,10,15142,3,0.757,13,0
b1f3bd25,Technology,63,1366.8,1 Year,10,27,6408,6,0.43,2,0
434fc864,Finance,40,744.17,Month-to-Month,78,16,49501,1,0.424,3,0
163bd000,Manufacturing,9,534.65,1 Year,18,3,45405,1,0.414,16,0
a80beac9,E-commerce,25,50.0,Month-to-Month,13,11,91905,2,0.314,21,1
8a9a9f76,E-commerce,106,1645.7,2 Year,18,46,36011,2,0.318,7,0
c682c939,E-commerce,58,421.92,Month-to-Month,37,24,14592,1,0.676,5,0
a0d75d7c,E-commerce,48,174.39,2 Year,10,19,2579,4,0.414,1,0
60ae1732,Technology,998,10292.73,1 Year,5,533,528,1,0.669,2,0
57d1f658,Finance,163,1921.61,2 Year,22,60,130034,2,0.62,12,0
3767c8f2,Finance,196,1536.59,1 Year,27,78,7804,1,0.776,0,0
4aff2ca9,Technology,42,1448.15,1 Year,30,23,34576,2,0.396,9,0
0a7eb32e,Manufacturing,75,1657.18,Month-to-Month,52,32,79184,4,0.812,2,0
02ba7319,Technology,28,582.52,1 Year,12,11,131996,1,0.419,2,0
81c97aa4,E-commerce,175,1965.2,Month-to-Month,2,81,11263,2,0.052,5,0
b75718cc,Technology,46,624.89,Month-to-Month,77,19,13193,3,0.638,6,0
16670411,E-commerce,76,50.0,1 Year,14,24,9907,3,0.425,10,0
91db1a16,E-commerce,69,746.4,Month-to-Month,24,29,8654,3,0.9,1,0
e897bf8b,Finance,53,579.77,Month-to-Month,27,16,30344,4,0.66,4,0
614c3ebe,E-commerce,4479,44501.99,Month-to-Month,19,2609,50517,2,0.583,1,0
0bcd6d38,Finance,20,50.0,Month-to-Month,6,8,61253,4,0.64,7,0
0d836574,Finance,19,50.0,Month-to-Month,34,5,19815,2,0.501,2,0
93790da0,Technology,154,991.36,Month-to-Month,40,55,48883,3,0.937,21,0
03ad9191,Finance,22,680.91,Month-to-Month,20,10,118,0,0.49,0,0
da76ebff,Healthcare,35,1215.6,1 Year,17,10,109584,2,0.693,8,0
8eac1045,Healthcare,10,50.0,Month-to-Month,3,6,101915,1,0.436,12,0
603c8173,Manufacturing,114,1231.42,2 Year,3,29,39272,0,0.6,22,0
d0df9707,E-commerce,116,1709.19,2 Year,10,57,13944,3,0.353,2,0
c242dc4b,E-commerce,34,79.89,Month-to-Month,9,11,179185,1,0.646,11,0
0468b87e,Technology,159,1928.12,Month-to-Month,74,50,83205,1,0.613,12,0
bac6fc59,Technology,5,50.0,Month-to-Month,37,2,854,0,0.71,8,0
21b95958,Finance,18,775.2,2 Year,26,6,31710,2,0.694,19,0
3fd4a558,E-commerce,42,50.0,1 Year,18,23,5383,3,0.606,6,0
630d7db3,Technology,9,50.0,1 Year,5,2,7092,2,1.0,12,0
f601fa60,E-commerce,5,189.77,2 Year,93,2,65,1,0.596,2,0
f1e33dbb,Finance,34,388.1,2 Year,12,12,58191,2,0.608,35,0
2f44b279,Technology,154,1511.84,2 Year,3,66,14552,1,0.583,9,0
d5cbd933,E-commerce,373,4017.92,1 Year,17,168,18180,5,0.641,13,0
6bd0026e,Finance,24,50.0,2 Year,50,5,2408,5,0.543,3,0
522b55c2,E-commerce,163,945.28,2 Year,53,69,398,1,0.526,5,0
e402ae3c,Healthcare,141,1159.95,Month-to-Month,1,71,78684,2,0.75,1,0
63c56b12,Healthcare,339,3195.86,2 Year,53,151,54148,3,0.59,30,0
a776122d,Technology,32,178.13,1 Year,8,11,24089,2,0.811,23,0
6b52543f,Healthcare,5,684.52,Month-to-Month,1,1,3623,1,0.221,1,0
a2f2e606,E-commerce,60,985.21,Month-to-Month,46,27,74762,3,0.905,2,0
1c952412,E-commerce,11,376.62,1 Year,48,6,130425,2,0.779,7,0
c8105193,Healthcare,18,291.0,Month-to-Month,22,8,37478,5,0.59,1,0
7fa2ca5a,Manufacturing,34,122.91,2 Year,21,17,7479,5,0.584,8,0
35825d26,Finance,32,50.0,Month-to-Month,41,15,52854,0,0.728,3,0
5b599808,Finance,67,71.42,2 Year,38,24,3710,4,0.395,10,0
f4ae4499,Finance,156,1212.75,Month-to-Month,53,63,9047,5,0.608,0,0
e7af8df7,Finance,31,288.54,Month-to-Month,20,15,31813,2,0.631,1,0
ab0ab631,Healthcare,98,402.51,2 Year,83,23,14319,1,0.191,7,0
cfd634bb,Technology,55,634.76,Month-to-Month,120,25,133116,3,0.67,11,0
6aad0e81,Manufacturing,222,2122.78,2 Year,3,116,82740,1,0.33,8,0
55335796,Finance,41,211.35,Month-to-Month,46,16,16201,4,0.817,3,0
bcb22e16,E-commerce,48,1060.77,2 Year,17,23,165926,3,0.868,8,0
1d629e02,Technology,31,50.0,Month-to-Month,12,10,23764,0,0.902,3,0
50a2cf4d,Technology,42,228.14,Month-to-Month,23,16,42009,1,0.536,31,0
1109ff60,E-commerce,16,50.0,2 Year,2,5,41507,1,0.533,1,0
1ff3e7d9,Finance,14,259.28,Month-to-Month,17,6,52432,2,0.205,9,0
7ae6480b,Finance,174,2121.09,2 Year,50,67,13961,0,0.736,6,0
3ca719fa,Technology,10,50.0,2 Year,6,2,127585,1,0.298,4,0
6d6f1c07,Technology,33,50.0,Month-to-Month,14,10,15440,1,0.31,6,1
d1fc697d,Finance,250,1650.85,Month-to-Month,68,148,54657,1,0.539,1,0
98b718c6,Finance,32,351.82,Month-to-Month,14,14,72570,1,0.379,5,0
8935a1a6,Manufacturing,189,1719.61,Month-to-Month,11,35,106646,3,0.408,22,0
804d8093,Technology,22,80.67,Month-to-Month,14,11,30526,0,0.609,1,0
46594e98,Manufacturing,11,50.0,1 Year,18,3,62185,2,0.776,8,0
1067a51f,Technology,5,50.0,2 Year,24,2,4462,1,0.708,15,0
0acc48dd,Finance,391,4475.94,Month-to-Month,39,206,75258,1,0.638,17,0
8c1549c0,E-commerce,9,226.17,Month-to-Month,15,3,70459,2,0.829,1,0
5b803c50,E-commerce,167,1077.67,1 Year,41,50,26432,2,0.626,13,0
65b12bfa,Healthcare,12,50.0,Month-to-Month,19,3,18804,1,0.495,14,0
7f1d43b5,E-commerce,393,3493.97,1 Year,10,181,23917,4,0.446,7,0
1457ac77,Technology,1495,15652.96,Month-to-Month,26,428,4746,2,0.71,5,0
f21193e3,Finance,5,405.61,2 Year,31,1,50778,1,0.38,0,0
6ad9b83d,Technology,10,50.0,1 Year,20,4,122110,3,0.67,0,0
fb490a59,E-commerce,174,2593.61,Month-to-Month,2,58,54789,4,0.514,8,0
19243c1c,Manufacturing,117,1896.02,1 Year,5,63,43437,0,0.432,4,0
a2256ecb,Healthcare,175,1634.64,2 Year,9,51,233909,4,0.429,3,0
d83f6603,Finance,23,50.0,2 Year,8,1,39026,5,0.793,1,0
cb170ee1,E-commerce,1076,10578.82,Month-to-Month,27,346,21219,3,0.428,27,0
a3d5767b,Finance,65,173.63,Month-to-Month,1,28,60981,2,0.544,2,0
b28bfbb2,Technology,8,946.99,Month-to-Month,34,3,36847,0,0.506,10,0
2a60f91f,Technology,37,50.0,Month-to-Month,8,13,178937,2,0.812,0,0
74831515,Healthcare,8,514.15,Month-to-Month,9,2,114117,3,0.908,10,0
71f84036,E-commerce,593,6275.27,1 Year,19,235,146724,3,0.782,10,0
134ca9a5,E-commerce,20,50.0,Month-to-Month,6,11,51,1,0.525,23,1
ff5fc96d,Finance,114,2045.02,Month-to-Month,52,49,20339,0,0.668,8,0
900a7cf0,Manufacturing,26,50.0,Month-to-Month,3,9,49338,2,0.418,0,1
14284c9b,Technology,21,170.15,Month-to-Month,15,12,18431,2,0.642,31,1
dba1cbf6,E-commerce,5,50.0,Month-to-Month,46,2,53420,3,0.249,1,0
d08c76ed,Technology,133,1810.3,1 Year,23,25,62754,3,0.647,2,0
c4794e76,E-commerce,383,4006.78,2 Year,9,100,48813,0,0.589,13,0
526eaefc,Manufacturing,13,50.0,1 Year,14,5,30648,3,0.688,12,0
085db8ba,E-commerce,5,669.74,Month-to-Month,30,1,59660,1,0.598,12,0
44a1cc34,Technology,182,2062.73,2 Year,87,81,75792,0,0.767,5,0
7b5bd13c,Technology,5,50.0,Month-to-Month,54,1,59550,3,0.447,4,0
1b5e8ec1,Finance,340,3225.16,Month-to-Month,11,176,83566,0,0.751,8,0
02694bd4,Technology,14,50.0,Month-to-Month,120,5,147111,1,0.694,3,0
4705f4f1,Finance,10,50.0,Month-to-Month,1,2,5407,1,0.818,2,0
d24f3182,Finance,79,865.06,1 Year,1,38,118446,3,0.831,1,0
d25912ec,Finance,11,50.0,2 Year,42,5,15977,0,0.41,4,0
a430d03c,Manufacturing,18,50.0,1 Year,6,4,41479,3,0.703,22,0
a1c1c7f9,Technology,92,113.63,Month-to-Month,2,29,142686,2,0.367,25,1
d304d3f9,Technology,5,218.62,Month-to-Month,7,2,48388,1,0.832,22,1
cc66dd64,Technology,641,5447.77,Month-to-Month,14,300,4396,1,0.429,2,0
f7b0f662,E-commerce,58,595.54,2 Year,32,36,34580,3,0.524,9,0
a3e69131,Manufacturing,7,50.0,Month-to-Month,24,3,112380,0,0.644,10,0
2c98bbe5,E-commerce,11,135.25,Month-to-Month,7,7,26559,3,0.748,6,0
65f1e4f1,Finance,241,2406.94,Month-to-Month,17,96,94179,1,0.674,8,0
dcbbf04b,Finance,134,1541.67,1 Year,63,58,79038,2,0.753,1,0
4e9a0850,Technology,437,4801.14,1 Year,41,149,118453,5,0.602,22,0
d5559ac5,Technology,19,713.79,Month-to-Month,10,6,15263,1,0.649,1,0
00be7639,Finance,85,50.0,1 Year,97,35,34314,2,0.247,17,0
8adb0cf2,Healthcare,103,1000.9,1 Year,30,35,20414,2,0.805,0,0
f0012a70,Technology,154,2545.47,1 Year,2,22,38207,3,0.542,5,0
d578b457,Healthcare,296,3019.55,2 Year,1,98,965,1,0.514,2,0
b4a20b6f,Technology,18,50.0,2 Year,5,9,13832,2,0.987,1,0
236b5fe8,Manufacturing,46,420.15,Month-to-Month,32,18,182552,5,0.058,11,1
c4646764,E-commerce,21,50.0,1 Year,5,8,46207,0,0.619,21,1
ce8bb973,Finance,50,50.0,1 Year,18,16,9517,1,0.152,15,1
e6d238dc,Technology,155,1984.55,Month-to-Month,3,67,35496,1,0.668,3,0
c3b32898,Technology,5,342.18,2 Year,61,2,59864,1,0.46,9,0
30782355,E-commerce,288,2212.75,Month-to-Month,11,155,46281,1,0.013,3,0
09e2b936,Manufacturing,9,50.0,1 Year,58,3,34850,2,0.818,0,0
0bb30aa0,Healthcare,34,56.77,Month-to-Month,70,10,56036,1,0.342,1,0
a5e66c75,E-commerce,352,2719.2,1 Year,1,203,9132,0,0.79,1,0
7516b043,Technology,89,182.59,Month-to-Month,15,45,28829,2,0.405,10,0
36649441,Technology,90,267.02,Month-to-Month,1,22,69366,1,0.507,1,0
ee453336,Finance,9,60.79,Month-to-Month,58,2,43310,1,0.143,8,0
33a4adb8,Technology,11,50.0,Month-to-Month,18,2,118371,3,0.685,0,0
9d805990,E-commerce,224,1760.41,2 Year,2,78,29327,3,0.485,13,0
e96dfc5f,Finance,22,50.0,Month-to-Month,3,10,7088,2,0.527,2,1
a4bfb75d,Healthcare,25,623.77,Month-to-Month,12,12,2499,0,0.581,8,0
ec57ccac,Technology,231,2488.35,1 Year,68,100,32451,3,0.27,4,0
09a9e56a,Finance,11,610.93,Month-to-Month,29,4,28774,0,0.738,7,0
0c867664,Finance,81,695.84,Month-to-Month,49,51,14820,2,0.487,2,0
d8a9995e,Finance,58,1381.28,Month-to-Month,11,23,44642,2,1.0,9,0
eff2a266,Technology,54,714.04,1 Year,2,21,14395,2,0.504,21,1
cc2a112f,E-commerce,25,50.0,2 Year,88,8,12187,2,0.522,8,0
0a0afa1a,Technology,22,266.48,2 Year,1,13,48671,0,0.329,5,0
ff3a50de,Finance,10,50.0,2 Year,71,4,144968,3,0.277,6,0
4f4d197d,E-commerce,112,966.91,1 Year,12,33,11330,2,0.776,5,0
19d25250,E-commerce,20,414.99,2 Year,1,5,10094,2,0.812,2,0
e9df5ebd,Technology,233,2635.83,Month-to-Month,29,54,36630,1,0.487,4,0
34ffe5e7,Manufacturing,38,174.92,Month-to-Month,95,14,6359,1,0.624,5,0
c1ce9e6b,Healthcare,11,1476.95,Month-to-Month,81,2,17413,0,0.848,11,0
32178844,E-commerce,38,293.9,Month-to-Month,5,10,234209,3,0.658,3,1
774729e1,Healthcare,29,50.0,2 Year,5,14,91956,5,0.697,4,0
bbbf9bf6,E-commerce,248,3086.63,Month-to-Month,21,121,61229,3,0.617,9,0
a01bc543,Finance,31,613.56,1 Year,25,17,1318,4,0.469,15,0
86a4f612,Finance,36,475.84,Month-to-Month,33,9,15399,0,0.677,18,0
358a59a5,Finance,453,4297.54,Month-to-Month,5,135,42159,1,0.973,9,0
016427ba,E-commerce,117,1366.67,Month-to-Month,77,39,61942,0,0.496,6,0
5a9b5d20,Finance,661,7419.51,Month-to-Month,25,372,55187,1,0.773,10,0
0c81b0e9,Technology,360,3700.82,2 Year,46,146,10256,1,0.636,0,0
ac236485,E-commerce,14,50.0,1 Year,19,8,31394,1,0.482,8,0
94f75f19,Healthcare,241,683.32,1 Year,13,111,11063,2,0.779,3,0
34b430c8,Technology,538,5572.28,Month-to-Month,91,209,128569,2,0.756,7,0
03d13f6c,Finance,544,4947.04,Month-to-Month,21,248,40756,0,0.716,3,0
f02241f1,E-commerce,240,2350.14,Month-to-Month,49,54,24736,0,0.95,1,0
e7a125bc,E-commerce,233,1925.46,1 Year,74,45,125063,3,0.967,2,0
e7a32b51,Finance,34,50.0,Month-to-Month,28,14,117150,4,0.611,13,0
f5c57a66,Healthcare,15,50.0,1 Year,20,6,35069,0,0.579,4,0
07eceed9,Finance,32,50.0,1 Year,1,18,58042,1,0.315,12,0
14c81115,Manufacturing,5,438.12,Month-to-Month,1,1,19198,0,0.907,13,0
3e665a88,E-commerce,409,4376.82,1 Year,6,178,18384,3,0.585,0,0
6ffd5b15,E-commerce,35,50.0,1 Year,5,16,39876,2,0.478,28,0
66282548,E-commerce,378,3244.13,Month-to-Month,8,164,93749,2,0.413,1,0
ae519f15,Finance,8,269.56,1 Year,9,4,45460,1,0.412,6,0
0ea20b64,E-commerce,276,3286.25,1 Year,11,92,30720,2,0.952,30,0
8916fa7e,Technology,25,768.57,Month-to-Month,14,12,54553,1,0.78,1,0
ffd7faa2,Healthcare,7,50.0,Month-to-Month,3,3,83643,1,0.302,2,1
e9483396,Finance,626,6754.66,Month-to-Month,2,323,77403,3,0.31,2,1
1361c99f,Finance,287,1981.87,2 Year,27,100,23149,2,0.624,17,0
9ae24920,E-commerce,75,648.56,Month-to-Month,19,21,137178,0,0.397,18,1
b6658d2c,Manufacturing,57,813.51,Month-to-Month,15,19,794,3,0.55,23,0
506f4015,Healthcare,105,50.0,Month-to-Month,25,30,29963,4,0.911,7,0
cb069b09,E-commerce,73,1776.43,Month-to-Month,43,25,119041,2,0.814,23,0
e4e87bce,Finance,16,823.35,Month-to-Month,14,5,59537,4,0.258,3,1
af517652,Manufacturing,29,613.5,Month-to-Month,25,8,60868,2,0.398,9,0
8da5f7d1,Healthcare,1033,9847.49,Month-to-Month,74,414,8508,1,0.649,5,0
db44759f,E-commerce,3005,30015.95,2 Year,44,847,43620,2,0.826,3,0
a493a321,Technology,569,6085.21,2 Year,14,223,170485,0,0.436,14,0
1944dfb9,Technology,111,548.67,Month-to-Month,25,38,11884,4,0.674,13,0
c615e8fb,E-commerce,32,229.76,2 Year,5,12,19813,1,0.509,13,0
ab0cafb8,Finance,16,615.19,Month-to-Month,20,7,24602,0,0.95,9,0
dcadac93,Finance,18,50.0,1 Year,96,6,22305,1,0.724,4,0
3c3c9cd2,Finance,23,396.21,Month-to-Month,18,7,49315,2,0.561,11,0
fcee7d94,Finance,1375,12872.62,Month-to-Month,64,460,13366,2,0.301,2,0
9588878d,E-commerce,820,7728.08,Month-to-Month,13,411,35229,4,0.388,2,0
86f8b007,Finance,167,1417.7,Month-to-Month,120,88,25561,0,0.095,31,1
46d9d7db,Finance,12,376.78,1 Year,21,4,51708,2,0.654,7,0
154c1c0c,E-commerce,208,1729.61,Month-to-Month,2,79,13849,4,0.733,12,0
3c6bd07a,Manufacturing,38,442.77,Month-to-Month,22,8,40273,2,0.743,6,0
6147762e,E-commerce,5,50.0,2 Year,8,1,67424,3,0.477,0,0
d1a90572,Healthcare,83,564.69,1 Year,1,21,59038,0,0.856,7,0
cb0c290f,Healthcare,15,775.33,Month-to-Month,42,5,89872,1,0.917,7,0
606d2f96,Manufacturing,16,50.0,Month-to-Month,8,8,156361,1,0.467,1,0
b3e26d0d,Finance,37,749.58,2 Year,39,9,96196,3,0.836,2,0
ac02230c,Healthcare,25,249.47,Month-to-Month,9,7,139196,1,0.628,1,0
58020c78,E-commerce,51,222.22,1 Year,6,15,883,2,0.495,21,0
b62ab995,E-commerce,48,50.0,1 Year,88,11,49568,1,0.846,0,0
23c1afa4,E-commerce,5,50.0,Month-to-Month,11,2,15580,1,0.359,14,0
5e5d1dea,Finance,534,4970.68,2 Year,23,228,82772,0,0.303,5,0
c099898f,Healthcare,12,50.0,Month-to-Month,23,6,85473,3,0.521,0,0
b8e4a1c5,Manufacturing,13,431.75,2 Year,20,3,2447,2,0.554,5,0
bdddd8fc,Finance,33,179.88,1 Year,60,7,45262,2,0.271,37,0
7b17448f,E-commerce,46,343.34,1 Year,27,22,95150,2,0.698,5,0
0466ca2a,Technology,487,4828.0,2 Year,13,177,44265,2,0.444,3,0
a070b3df,E-commerce,81,1048.39,1 Year,48,28,27716,1,0.338,25,0
c6085098,Finance,127,1592.4,1 Year,5,69,3994,1,0.73,0,0
69975fa8,Finance,82,126.52,Month-to-Month,19,34,65516,2,0.514,14,0
15eff5e9,E-commerce,77,628.96,2 Year,73,37,3878,2,0.812,2,0
5163a2a3,Technology,86,1473.7,1 Year,24,29,45554,1,0.692,12,0
f880be51,Manufacturing,5,50.0,2 Year,41,1,124824,1,0.56,1,0
06f2e675,Healthcare,37,407.16,2 Year,26,13,27159,2,0.82,0,0
f0613c29,Finance,312,3034.58,Month-to-Month,44,145,73519,0,0.684,11,0
4fbdeef4,Manufacturing,10000,99716.66,Month-to-Month,70,4050,80424,2,0.596,4,0
0c076fcf,Technology,8,875.39,2 Year,8,3,519,1,0.702,45,0
d569866d,Technology,102,1038.42,1 Year,5,14,123219,1,0.709,8,0
0e960df1,Finance,23,985.57,Month-to-Month,16,4,10460,2,0.381,0,0
edf86fca,E-commerce,1177,11772.81,Month-to-Month,30,217,16612,3,1.0,1,0
1417c3ea,Technology,7,300.13,Month-to-Month,7,2,102309,3,0.614,22,0
2334abc4,E-commerce,139,1101.39,1 Year,1,36,58012,4,0.618,0,0
cc452c05,E-commerce,6,50.0,1 Year,11,3,23249,2,0.249,7,0
e9f08a45,Healthcare,33,534.67,Month-to-Month,84,13,4599,2,0.626,0,0
7bac79af,E-commerce,51,723.85,Month-to-Month,29,21,24406,0,0.634,12,0
c0699608,Finance,271,3008.99,1 Year,13,78,169560,3,0.37,1,0
c060a908,E-commerce,10,288.34,2 Year,6,2,5525,0,0.392,1,0
ce687240,Manufacturing,147,801.79,Month-to-Month,11,81,93582,3,0.42,3,0
caa8bbdd,Finance,56,156.82,2 Year,5,32,19674,1,0.541,0,0
cc23f8cc,Technology,82,1244.97,Month-to-Month,3,36,53147,3,0.643,7,0
ee87ae46,Finance,229,1310.77,2 Year,57,45,49921,0,0.555,35,0
7074c12e,E-commerce,7,216.3,1 Year,120,2,19695,1,0.661,11,0
28faf5be,Manufacturing,184,1784.06,2 Year,5,79,2791,2,0.735,30,0
26c12846,Healthcare,23,654.79,1 Year,2,8,8056,3,0.709,1,0
8ff5097a,Healthcare,282,3028.31,Month-to-Month,10,53,41718,2,0.673,2,0
c16309c4,E-commerce,90,568.01,2 Year,15,52,148657,0,0.657,4,0
150df9dc,Healthcare,39,50.0,1 Year,6,12,130028,0,0.658,13,0
adf32c4c,Technology,22,50.0,Month-to-Month,9,5,6022,5,0.571,55,1
0d44f239,Manufacturing,187,2160.03,Month-to-Month,6,74,104063,4,0.468,19,1
ac5d4c43,E-commerce,361,2458.89,Month-to-Month,36,187,13316,2,0.581,8,0
9812cbb2,Finance,24,318.69,1 Year,30,10,120325,2,0.731,8,0
e7121a18,E-commerce,9,50.0,1 Year,25,2,71042,2,0.729,14,0
93914c06,Technology,154,1635.42,1 Year,12,38,162549,6,0.702,2,0
4da4a87c,Healthcare,6,232.25,Month-to-Month,58,1,29145,2,0.505,17,0
3bdb322a,E-commerce,7,50.0,Month-to-Month,84,2,65761,2,0.557,13,0
0667b68b,E-commerce,11,50.0,Month-to-Month,5,3,66453,4,0.557,0,0
387cde59,E-commerce,29,367.79,Month-to-Month,7,13,34276,0,0.479,0,0
2b6eb8f9,Finance,7,113.98,2 Year,18,2,183490,2,0.779,1,0
e906f9b6,Technology,5,50.0,2 Year,3,2,13963,1,0.232,10,0
53f05c6f,Healthcare,9,50.0,Month-to-Month,14,4,214205,2,1.0,30,0
bcb6af33,Finance,143,895.69,1 Year,21,46,83597,1,1.0,1,0
bfc2c4bc,Technology,8,50.0,1 Year,18,3,47868,3,0.61,9,0
c5c59508,Technology,32,597.02,Month-to-Month,10,17,3929,1,0.681,9,0
5814ff96,Healthcare,1012,10062.21,2 Year,19,307,15012,2,0.77,1,0
0f3aab60,Finance,50,474.12,Month-to-Month,77,18,92031,5,0.448,3,0
046b0dec,Finance,91,57.25,1 Year,6,34,65125,0,0.714,7,0
fa16263b,Finance,13,113.2,1 Year,26,4,164428,4,0.864,4,0
f8d47845,Finance,1401,14326.82,Month-to-Month,2,672,25274,2,0.239,1,1
81bbab60,Healthcare,24,50.0,Month-to-Month,2,11,112430,1,0.312,5,0
a783ae49,E-commerce,38,112.3,Month-to-Month,20,16,98962,0,0.75,0,0
8245131c,Technology,393,3144.83,Month-to-Month,3,171,169267,0,0.546,8,1
31ae9e84,E-commerce,41,199.86,Month-to-Month,1,14,15903,1,0.523,1,0
497713ba,E-commerce,58,129.5,2 Year,5,25,34113,1,0.535,13,0
fe5fb6e3,Healthcare,35,540.45,1 Year,20,9,4221,5,0.375,7,0
a80bea08,Manufacturing,36,444.62,2 Year,30,23,44691,0,0.518,0,0
24753604,Technology,95,1595.75,2 Year,6,50,65898,2,0.336,2,0
3ec6a2eb,Technology,125,1222.96,1 Year,27,61,13591,2,0.862,5,0
69869811,Technology,20,369.24,Month-to-Month,5,8,9295,3,0.627,5,1
ab91feb9,Manufacturing,17,50.0,1 Year,23,7,51017,2,0.621,17,0
47a716ae,E-commerce,21,50.0,Month-to-Month,13,4,24971,0,0.733,9,0
e5d6a00b,Finance,6,477.38,Month-to-Month,26,1,27805,0,1.0,21,0
7e2e6b0d,E-commerce,5,671.63,1 Year,120,1,31849,2,0.39,8,0
ff8617bc,Technology,85,1202.83,1 Year,67,34,35818,4,0.232,3,0
84e49d4f,Technology,223,2295.61,Month-to-Month,1,82,10878,0,0.594,0,0
6ae3ac2e,E-commerce,201,1522.95,Month-to-Month,52,96,43106,3,0.235,2,0
92d7c660,Healthcare,5,620.81,Month-to-Month,2,1,3580,2,0.532,2,0
e1f59501,Finance,37,659.75,1 Year,74,18,6024,2,0.775,0,0
4754451d,Manufacturing,10,1112.44,2 Year,8,3,62157,4,0.906,7,0
17e9e663,E-commerce,67,92.79,1 Year,12,23,65733,0,0.287,10,0
e82452d4,E-commerce,29,721.28,2 Year,3,14,15484,2,0.411,0,0
40e7641c,Finance,132,1594.55,Month-to-Month,3,59,10209,3,0.673,4,0
e55f7d0b,Finance,53,358.99,Month-to-Month,32,14,2775,2,0.751,0,0
5a26c162,Technology,5,731.92,1 Year,70,2,27140,0,0.762,13,0
3bcfea81,E-commerce,12,321.17,Month-to-Month,23,4,35570,1,0.895,6,0
cffbe1ca,Technology,55,81.55,Month-to-Month,31,10,114859,1,0.746,11,0
f11b6727,E-commerce,62,560.83,1 Year,35,19,123,1,0.576,9,0
8e861e7e,E-commerce,6,50.0,2 Year,8,2,26032,2,0.812,19,0
58a04a82,Finance,5,50.0,Month-to-Month,2,1,27174,2,0.614,21,1
b7e0877a,Technology,59,941.91,2 Year,1,31,108821,3,0.655,8,0
83fb03c5,E-commerce,6,554.64,1 Year,11,2,10910,4,0.501,6,0
0f39983d,E-commerce,5,160.61,Month-to-Month,7,2,3423,1,0.631,47,1
1ee1fc1e,E-commerce,28,50.0,1 Year,2,11,24031,5,0.274,2,0
aeef82f4,Manufacturing,26,450.8,2 Year,5,12,47378,1,0.807,10,0
5dbf763d,Healthcare,14,501.7,1 Year,4,7,97647,5,0.398,9,0
4bc523c3,Technology,18,50.0,1 Year,60,8,15668,0,0.422,31,0
a4f3ae86,Finance,55,608.24,1 Year,4,31,14471,2,0.135,0,1
150ced85,E-commerce,18,84.91,1 Year,19,8,19724,0,0.435,29,0
748a2ab9,Healthcare,60,1076.86,Month-to-Month,22,24,6291,2,0.408,14,0
f2567249,Finance,30,492.84,Month-to-Month,19,12,189083,5,0.643,1,0
c96eee41,E-commerce,70,942.18,Month-to-Month,3,9,38893,1,0.341,2,1
76044868,Healthcare,203,1789.04,Month-to-Month,10,71,15888,1,0.511,3,0
92cf4dbc,E-commerce,192,1920.83,2 Year,2,74,22450,1,0.464,11,0
dff1f38a,Manufacturing,377,4241.84,2 Year,13,167,100479,4,0.248,13,0
8c6622d8,Healthcare,191,1877.56,Month-to-Month,6,75,56000,1,0.648,13,0
7df8d476,Technology,78,867.33,1 Year,20,33,40282,1,0.556,10,0
15016039,E-commerce,28,50.0,Month-to-Month,29,7,64514,1,0.608,1,0
bb21c9d0,E-commerce,30,265.73,1 Year,19,7,70493,1,0.766,0,0
08a04191,Finance,14,50.0,1 Year,14,3,10796,4,0.602,3,0
16b68392,Finance,54,281.93,Month-to-Month,12,30,8639,7,0.533,9,0
232fc7ea,Finance,155,1581.76,2 Year,45,42,170104,3,0.785,4,0
e80bc7d4,Healthcare,18,563.52,2 Year,6,5,10272,2,0.535,18,0
08247521,Finance,51,50.0,Month-to-Month,32,20,31252,3,0.499,17,1
ce45999e,E-commerce,19,376.84,1 Year,35,4,203086,2,0.734,2,0
e73baafc,Technology,74,1474.25,Month-to-Month,14,23,26996,1,0.444,10,0
9c766e46,Technology,23,50.0,Month-to-Month,9,10,36164,2,0.833,17,0
878689be,E-commerce,18,50.0,2 Year,16,6,80064,1,0.632,23,0
0c9b25ab,Healthcare,19,334.92,1 Year,3,10,20805,3,0.914,5,0
8ad533f4,Finance,116,564.0,Month-to-Month,2,26,28196,1,0.588,23,1
26b4e03c,Finance,47,60.5,1 Year,3,17,20186,1,0.79,13,0
a611866d,Finance,28,741.67,2 Year,5,9,16941,3,0.272,3,0
6a00d226,E-commerce,80,1738.45,2 Year,17,31,31915,1,0.856,4,0
17038eb1,E-commerce,29,50.0,Month-to-Month,46,8,68498,2,0.738,1,0
100645d9,Finance,295,2581.29,2 Year,7,100,100978,1,0.471,4,0
733a0257,Finance,12,50.0,2 Year,66,5,31754,1,0.773,4,0
c6c72b7f,Technology,41,136.1,1 Year,75,15,19356,7,0.347,9,0
efe2bc91,Technology,6,1026.65,Month-to-Month,77,1,121290,1,0.501,3,0
8b770df3,Finance,32,54.72,Month-to-Month,44,19,20468,2,0.43,5,0
5111459c,Manufacturing,5,50.0,Month-to-Month,11,2,74583,3,0.784,1,0
66488a2b,Manufacturing,167,2478.09,Month-to-Month,2,77,69039,0,0.85,13,0
11d4a58e,Finance,172,2008.34,2 Year,21,81,2552,2,0.51,0,0
cd5d852f,Finance,177,2262.95,2 Year,20,69,9778,6,0.346,13,0
46dfa26c,E-commerce,57,116.94,Month-to-Month,46,18,42530,1,0.405,1,0
feeb66e5,Manufacturing,14,50.0,1 Year,120,5,101106,1,0.618,39,0
b13a7862,Technology,16,50.0,1 Year,18,5,45069,3,0.606,44,0
6554fb40,Healthcare,541,5810.63,1 Year,11,236,67877,1,0.532,51,0
0b6cf3b9,Finance,470,5312.62,Month-to-Month,5,180,66290,2,0.434,0,0
321f74e4,E-commerce,65,350.11,Month-to-Month,1,32,34097,2,0.926,2,0
677b4b11,E-commerce,25,67.88,Month-to-Month,18,7,41140,2,0.476,8,0
d746b5d1,Finance,425,4089.75,Month-to-Month,20,200,3697,2,0.433,13,0
44aa028f,Technology,19,50.0,Month-to-Month,42,8,131368,1,0.829,16,0
3c2b46de,E-commerce,76,423.09,1 Year,17,28,56096,4,0.544,1,0
7edd56f8,Technology,414,4526.63,Month-to-Month,60,195,8391,1,0.702,19,1
7830b02f,Technology,15,50.0,Month-to-Month,24,6,13986,2,0.425,12,1
068b9840,Technology,189,1936.49,2 Year,45,88,233,2,0.701,3,0
dfa9df7e,E-commerce,119,535.99,1 Year,4,54,15326,4,0.747,0,0
9cf55437,E-commerce,51,438.0,1 Year,47,20,19035,4,0.377,24,0
f6fd86ed,Finance,12,50.0,Month-to-Month,27,4,57464,5,0.493,2,0
0611a569,E-commerce,18,50.0,1 Year,5,6,32375,4,0.419,4,0
4014da80,Finance,84,1235.19,Month-to-Month,6,31,92505,0,0.494,18,0
21d18e2c,E-commerce,6,483.31,1 Year,63,2,4539,3,0.92,10,0
915f69aa,Finance,66,175.23,Month-to-Month,1,30,61382,2,0.651,1,0
a91130e6,Healthcare,122,1111.91,1 Year,15,61,103929,0,0.99,38,0
55adc28a,Finance,239,2412.16,2 Year,10,122,27350,2,0.897,3,0
70524eca,Healthcare,6,50.0,Month-to-Month,27,2,17035,2,0.826,9,0
54d27898,Technology,393,3231.45,Month-to-Month,44,234,29490,1,0.891,9,0
86ea5f6b,Technology,694,7583.14,Month-to-Month,11,270,77757,5,0.832,8,0
892a2b3d,E-commerce,101,477.44,1 Year,14,35,125690,1,0.941,8,0
b36aa906,Finance,11,739.09,Month-to-Month,97,4,3391,4,0.709,2,0
8d709306,Healthcare,33,50.0,2 Year,37,14,37593,4,0.737,32,0
98dedd03,Healthcare,50,829.41,Month-to-Month,55,16,51042,3,0.732,6,0
b590d61d,Finance,81,654.35,Month-to-Month,14,31,881,1,0.512,1,0
471246e3,Technology,56,474.62,1 Year,7,19,9998,0,0.769,18,0
1b722116,Finance,83,1757.97,1 Year,13,34,3230,2,0.852,1,0
b567add5,Finance,47,50.0,2 Year,31,22,17150,1,0.48,19,0
ba299cb2,Healthcare,81,1107.4,Month-to-Month,3,30,11496,4,0.429,8,0
bd620bc9,Finance,27,546.74,Month-to-Month,8,12,33354,3,0.49,0,0
1c1bd1c2,E-commerce,32,1997.29,Month-to-Month,2,8,53260,1,0.871,1,0
933c6374,E-commerce,23,50.0,2 Year,14,11,92326,0,0.553,28,0
d6af6ce5,Finance,968,9367.01,1 Year,43,343,18142,1,0.379,1,0
f6fce78a,Healthcare,490,5307.96,2 Year,1,172,2586,1,0.392,8,0
b1ae6168,Finance,125,1149.87,2 Year,27,55,192,1,0.419,3,0
22a93f90,Finance,398,3748.47,1 Year,65,177,93072,2,0.457,15,0
652f4ac5,Finance,180,2278.76,Month-to-Month,7,69,105242,1,0.32,15,1
ae03e39d,Manufacturing,71,576.72,Month-to-Month,29,22,5323,2,0.721,15,0
c743cd66,E-commerce,5,50.0,Month-to-Month,89,1,511,1,0.562,2,0
67a9a28f,E-commerce,36,723.11,2 Year,79,14,80538,2,0.707,12,0
5de84a47,E-commerce,33,517.64,Month-to-Month,7,14,51183,1,0.141,0,0
4695e8b2,E-commerce,9,50.0,1 Year,3,2,40612,3,0.814,0,0
2d81b8c8,E-commerce,5,50.0,Month-to-Month,4,1,38093,3,0.584,5,1
1a0f5483,E-commerce,114,682.55,Month-to-Month,30,48,74307,1,0.7,9,0
37256ce8,Technology,88,1242.55,Month-to-Month,32,34,17358,4,0.904,3,0
64410b4e,Finance,9,50.0,1 Year,27,3,24642,1,0.674,3,0
7a4aacd2,E-commerce,17,50.0,Month-to-Month,10,2,4052,1,1.0,0,0
123c1685,E-commerce,311,2467.22,1 Year,5,115,41750,1,0.224,2,0
ea22b575,Technology,14,336.08,1 Year,21,6,161968,1,0.536,9,0
2f81820e,E-commerce,70,445.71,2 Year,16,23,16693,3,0.239,11,0
8892a42e,E-commerce,41,50.0,2 Year,32,18,132429,2,0.663,23,0
87cbf902,Healthcare,116,558.37,1 Year,14,32,65320,4,0.615,4,0
77a5dabd,E-commerce,15,50.0,1 Year,10,3,13320,2,0.382,2,0
82b768aa,Healthcare,62,517.23,Month-to-Month,9,27,54362,2,1.0,12,0
269f8b63,Finance,70,578.23,1 Year,6,27,22803,2,0.528,11,0
f1fe4544,Healthcare,77,578.62,Month-to-Month,8,28,6522,1,0.159,3,1
41ef80cc,E-commerce,61,50.0,Month-to-Month,3,29,4865,4,0.736,14,1
9800df4b,Finance,91,472.73,1 Year,11,33,868,2,0.739,2,0
447c1b0e,Finance,1462,15211.89,Month-to-Month,1,492,79926,0,0.504,4,0
3c61c91e,Technology,2545,25968.11,Month-to-Month,5,829,108075,2,0.758,2,1
7c2adf7d,Finance,20,488.98,Month-to-Month,33,6,32940,2,0.41,10,0
cbee095e,E-commerce,5,294.75,2 Year,10,2,36690,2,0.517,6,0
2fb00753,E-commerce,133,1782.38,Month-to-Month,27,49,58815,2,0.679,13,0
34818ec1,Healthcare,72,159.6,Month-to-Month,31,37,60350,1,0.785,1,0
0d5264ea,Technology,268,2696.46,2 Year,21,28,19587,2,0.555,2,0
d519aa7a,Healthcare,83,269.87,Month-to-Month,77,40,8668,2,0.504,6,0
f8dec9d6,E-commerce,59,50.0,2 Year,1,25,28142,0,0.592,0,0
b58ecb87,E-commerce,296,3144.03,2 Year,33,115,59703,3,0.191,13,0
f344bedd,E-commerce,366,4133.38,Month-to-Month,77,99,81535,7,0.544,3,0
6ccfd3ea,E-commerce,6,50.0,1 Year,48,1,4669,1,0.204,9,0
1ab9a05c,Finance,16,984.5,2 Year,5,7,44374,3,0.432,23,0
1ca70111,Healthcare,46,565.89,1 Year,10,19,2780,1,0.316,2,0
e4e9df64,Technology,63,241.61,Month-to-Month,5,26,87085,4,0.706,13,0
18efeb71,E-commerce,38,50.0,2 Year,23,14,54951,1,0.454,10,0
c3d76f96,Technology,104,1549.07,Month-to-Month,30,50,59639,0,0.848,1,0
bb3c15aa,Technology,243,2494.23,Month-to-Month,10,82,71715,2,0.231,13,0
50315d3a,Technology,723,7568.02,2 Year,19,264,34223,2,0.551,0,0
9ff814bb,E-commerce,130,50.0,Month-to-Month,29,49,17755,1,0.617,7,0
800a97f0,Finance,15,272.34,1 Year,14,5,77010,5,0.698,1,0
c00ff43a,Technology,43,174.11,Month-to-Month,47,22,75112,4,1.0,11,0
2309fb4a,E-commerce,48,50.0,1 Year,36,13,7248,1,0.207,3,0
c269d273,Finance,118,1148.66,Month-to-Month,2,24,116529,1,0.448,16,1
d82d5ca3,Technology,97,1515.91,Month-to-Month,24,24,12500,4,0.999,6,0
1afa51dc,Technology,1182,12953.11,Month-to-Month,7,553,18297,2,0.416,0,0
a6d51537,E-commerce,27,391.08,Month-to-Month,20,10,12161,0,0.688,9,0
c69ddf97,Healthcare,97,615.43,Month-to-Month,76,23,168480,3,0.412,0,0
63a26c4c,Finance,1866,18275.25,Month-to-Month,51,764,17795,3,0.321,3,0
98979a28,Technology,22,701.57,2 Year,13,8,177721,4,0.437,3,0
b739030b,Manufacturing,67,171.56,1 Year,9,30,50797,1,0.996,39,0
86d593cd,Finance,13,441.21,Month-to-Month,7,6,9713,3,0.367,2,0
5ee5305e,Healthcare,61,756.84,1 Year,19,39,40354,4,0.54,11,0
218ffecb,Technology,16,251.55,2 Year,3,4,106965,1,0.549,2,0
2c28f80d,Finance,262,1835.94,1 Year,20,55,41239,1,0.783,0,0
e4dd1034,E-commerce,68,501.52,1 Year,1,31,7112,4,0.826,0,0
d9d78254,Manufacturing,13,50.0,Month-to-Month,10,6,16909,0,0.622,26,1
7d6c2ebb,Healthcare,192,1625.88,Month-to-Month,6,52,12732,2,0.0,1,0
94dde6cb,E-commerce,71,1168.57,Month-to-Month,86,19,6725,1,0.422,17,0
fdc02ad2,Healthcare,227,2885.53,1 Year,32,98,19821,2,0.36,7,0
971b0d95,Finance,9,196.97,Month-to-Month,11,5,54097,1,0.832,5,0
a008a10d,Technology,94,654.83,1 Year,3,29,24104,1,0.416,58,0
f5294d7d,E-commerce,174,2534.05,Month-to-Month,18,71,29331,3,0.937,22,0
8a5a3ee5,Manufacturing,28,50.0,Month-to-Month,6,5,19331,2,0.682,2,0
67ff1f28,E-commerce,8,50.0,Month-to-Month,19,3,259894,0,0.827,9,0
fb3fdcc1,Finance,51,858.24,Month-to-Month,44,19,44118,4,1.0,1,0
e8f932e0,Finance,344,3668.87,Month-to-Month,23,188,89752,2,0.411,9,0
bfa610d7,Finance,295,2678.71,Month-to-Month,25,97,29109,1,0.276,1,0
d1fe9f62,Finance,28,330.11,1 Year,19,13,9234,4,0.637,9,0
c726acd9,Healthcare,7,291.08,1 Year,63,2,93803,0,0.791,35,0
b18025ba,Finance,28,381.84,Month-to-Month,65,11,72076,2,0.467,8,0
3bc02da7,E-commerce,27,499.47,1 Year,18,16,20009,1,0.607,1,0
59ac7f3e,Technology,106,807.14,1 Year,9,61,46623,1,0.843,16,0
50c70d37,E-commerce,46,723.12,1 Year,15,27,4906,1,0.824,4,0
8a0a5bba,Technology,17,178.78,Month-to-Month,5,7,1333,1,0.484,0,0
176a524c,Healthcare,286,2624.09,Month-to-Month,25,108,84575,2,0.654,10,0
3b25b1e0,Finance,67,547.06,Month-to-Month,17,28,142303,0,0.413,17,1
ef3421c5,E-commerce,104,991.05,1 Year,3,46,21084,2,0.31,6,0
040918ff,E-commerce,5,50.0,1 Year,6,2,45512,2,0.872,26,0
a3691efb,Healthcare,5,50.0,1 Year,16,1,63166,4,0.173,11,0
7286f091,Technology,6,92.45,Month-to-Month,53,1,68529,3,0.638,9,0
43cbda2d,Technology,26,50.0,Month-to-Month,21,8,32799,2,0.526,4,0
6e31c788,E-commerce,129,980.04,Month-to-Month,28,65,47503,5,0.71,3,0
f0323ab9,Healthcare,5,1242.32,Month-to-Month,10,2,53508,2,0.463,3,0
da2a2912,Technology,595,5385.37,Month-to-Month,21,427,5449,2,0.828,31,0
4dbf26f2,E-commerce,70,508.09,Month-to-Month,15,30,51797,2,0.556,10,0
1ec4258d,Technology,420,3783.14,1 Year,26,134,35755,3,0.89,9,0
9ee47235,Technology,14,81.56,Month-to-Month,2,4,23780,2,0.644,3,1
ca0c0570,Technology,116,752.54,1 Year,17,44,15172,0,0.39,4,0
d79af4ea,E-commerce,62,498.38,1 Year,9,34,50794,1,0.709,3,0
6e69d953,Healthcare,186,1500.73,1 Year,10,88,9121,0,0.684,1,0
fc158ee6,E-commerce,38,907.56,2 Year,78,10,83256,3,0.579,25,0
69d67c7d,E-commerce,111,1150.82,Month-to-Month,5,43,9424,2,0.45,8,0
2cab514e,Technology,285,2348.51,Month-to-Month,9,72,73836,3,0.772,13,0
d2662e38,Finance,20,620.4,1 Year,18,9,85027,3,0.407,6,0
2e500a25,Finance,78,300.87,Month-to-Month,48,25,140383,0,0.428,0,0
4c00fbf8,Technology,5,50.0,2 Year,13,1,31114,2,0.705,6,0
0e016f5d,Technology,156,1558.48,Month-to-Month,33,33,3290,0,0.558,0,0
e8663c50,Manufacturing,1024,11193.63,Month-to-Month,47,487,56610,2,0.207,29,1
bfcfac3a,Technology,8,50.0,1 Year,9,4,16607,1,0.408,4,0
27053953,E-commerce,47,50.0,Month-to-Month,12,15,4865,2,0.681,1,0
d45e8b5c,E-commerce,204,2416.26,Month-to-Month,11,78,96815,1,0.546,2,0
403669f9,Technology,57,248.84,2 Year,43,20,7525,2,0.58,24,0
c6b24d8f,E-commerce,69,995.97,Month-to-Month,2,26,35298,1,0.652,2,0
043f5066,E-commerce,30,50.0,1 Year,9,9,77679,2,0.691,1,0
81376c27,Finance,28,350.98,Month-to-Month,28,8,11100,1,0.623,9,0
cf6c2d2e,E-commerce,47,1342.24,Month-to-Month,21,25,113474,4,0.0,0,0
a565466d,Technology,58,50.0,Month-to-Month,14,7,20142,0,0.589,6,0
6b189cea,Finance,9,601.88,Month-to-Month,19,4,25243,1,0.497,11,0
665919f2,Finance,49,829.85,Month-to-Month,6,20,7049,2,0.606,1,0
4431ce18,Finance,574,4995.38,2 Year,14,324,51705,3,0.814,15,0
9a2125ef,Finance,29,569.45,1 Year,17,10,34191,2,0.386,5,0
f8c5b2b0,Finance,8,116.4,1 Year,56,2,182792,2,0.614,12,0
9dce5949,E-commerce,43,475.55,Month-to-Month,8,13,59921,2,0.695,2,0
722eb0c0,Manufacturing,18,348.26,Month-to-Month,49,7,71146,1,0.538,5,0
ce063247,E-commerce,7,50.0,1 Year,25,2,11099,1,0.338,6,0
12f38696,Finance,67,705.05,1 Year,1,19,62373,1,0.359,3,0
afc666b5,Healthcare,18,300.73,Month-to-Month,31,5,40753,3,0.593,15,0
f3c97249,E-commerce,21,583.03,Month-to-Month,1,6,25861,2,0.476,1,0
713e05e6,Finance,68,50.0,Month-to-Month,120,20,76314,0,0.214,10,0
1d02205e,Technology,5,695.44,Month-to-Month,50,2,192095,1,0.44,26,0
e05e1c91,E-commerce,5,50.0,1 Year,9,1,4978,3,0.34,18,1
a2636903,Technology,149,1870.81,Month-to-Month,8,67,77768,3,0.75,14,0
cf6cde6e,Finance,5,89.72,Month-to-Month,12,2,125962,2,0.303,1,0
d6c2fb7e,E-commerce,12,50.0,1 Year,11,3,18930,2,0.884,14,0
73019f0a,Finance,5,314.07,Month-to-Month,12,1,22551,2,1.0,4,0
605e9f3a,Manufacturing,26,50.0,1 Year,10,7,79181,3,0.452,1,0
8d9163a5,E-commerce,103,1564.4,2 Year,24,49,153568,1,0.477,11,0
06eb2d6d,Finance,64,284.58,Month-to-Month,5,30,139779,0,0.789,0,0
6c420c5c,Finance,1973,18982.51,1 Year,45,983,2861,3,0.817,4,0
5990968e,Finance,278,3546.92,Month-to-Month,41,134,102563,2,0.502,19,0
f00bc60b,E-commerce,13,220.66,Month-to-Month,16,6,44149,0,0.512,11,0
17d51932,Finance,9,523.6,1 Year,46,3,27333,2,0.514,7,0
de8ee3cd,E-commerce,3165,31224.26,1 Year,7,1836,93389,1,0.43,21,0
5abbd101,Finance,268,1734.09,1 Year,1,115,80580,3,0.782,13,0
e30907e4,E-commerce,132,2157.6,2 Year,24,79,35601,3,0.631,6,0
90b217a7,Technology,61,606.79,Month-to-Month,15,20,26442,0,0.455,13,0
27611d93,Technology,82,1065.68,1 Year,21,27,31977,2,0.613,21,0
5becd023,Technology,5,378.3,1 Year,56,1,19162,2,0.524,1,0
dab48d60,Finance,69,522.3,Month-to-Month,85,27,57053,1,1.0,2,0
219861ed,Healthcare,60,713.11,2 Year,25,22,111296,2,0.55,12,0
e2eab99d,E-commerce,14,936.98,Month-to-Month,35,6,14417,4,0.748,1,0
d41b0258,Finance,24,223.78,1 Year,3,9,87293,1,0.687,1,0
fff5df7a,E-commerce,529,5761.05,1 Year,5,179,22372,2,0.57,10,0
2cc25083,Healthcare,45,50.0,1 Year,32,16,7068,1,0.688,7,0
19c406a0,Finance,1220,12761.88,Month-to-Month,14,636,2066,1,0.642,14,0
2ea813a6,Healthcare,5,50.0,Month-to-Month,15,2,32634,4,1.0,3,0
37e4df2e,Technology,24,744.7,Month-to-Month,9,5,42002,4,0.581,9,0
3afaab14,Finance,5,245.32,1 Year,23,2,302,4,0.079,22,0
e49afd38,E-commerce,8,50.0,Month-to-Month,5,3,52867,1,1.0,23,1
18cd27c0,Healthcare,15,100.21,1 Year,24,6,36545,2,0.498,10,0
b1c4d42e,E-commerce,87,743.63,Month-to-Month,5,42,297921,0,0.617,0,0
0e202f56,Finance,81,399.67,Month-to-Month,2,40,5519,1,0.491,7,1
cf9e275e,Technology,19,87.01,Month-to-Month,10,5,61042,5,0.48,0,0
86888677,Technology,5,1154.03,1 Year,7,1,12233,3,0.376,45,0
2a3af857,Finance,500,5651.15,1 Year,53,319,11555,1,0.2,58,0
a0adac98,Manufacturing,35,50.0,Month-to-Month,2,11,944,6,0.457,1,1
8524ddca,Manufacturing,10,233.84,Month-to-Month,5,4,328,2,0.703,6,0
8fa3e857,Technology,82,867.99,2 Year,20,46,10328,1,0.271,19,0
7a9f1f25,Technology,74,668.85,Month-to-Month,16,26,9649,1,0.701,1,0
5e65b9fd,Finance,33,50.0,1 Year,2,12,21,2,1.0,8,0
37a7618a,E-commerce,68,902.95,1 Year,1,33,63141,0,0.657,2,0
5f036942,Healthcare,9,513.04,Month-to-Month,107,3,35026,1,0.322,6,0
9df88230,Healthcare,170,1283.05,1 Year,26,76,25221,2,0.681,2,0
6ec2ba1d,Manufacturing,12,1097.77,2 Year,11,4,5479,2,0.792,7,0
e5064190,Finance,22,981.0,2 Year,16,7,20315,3,0.861,5,0
2cb80721,Technology,144,1714.08,1 Year,8,52,31799,2,0.638,5,0
1b00950a,Technology,332,2704.14,1 Year,11,172,311941,1,0.721,1,0
95007746,Technology,589,6090.7,Month-to-Month,26,218,35728,3,0.77,10,0
af04acd5,Manufacturing,266,2800.99,Month-to-Month,52,117,985,3,0.72,0,0
5630c1b1,Finance,33,586.58,Month-to-Month,5,10,11643,3,0.664,27,1
374436ea,Healthcare,5,845.23,2 Year,45,3,21888,2,0.472,0,0
03623100,E-commerce,449,4402.01,Month-to-Month,4,193,30433,0,0.791,5,0
5651824a,Healthcare,426,5283.91,Month-to-Month,6,184,56085,4,0.493,3,0
614f095d,Healthcare,19,393.25,Month-to-Month,1,9,44652,4,1.0,8,0
cf8c7873,Finance,217,2024.77,Month-to-Month,4,76,35592,0,0.472,0,1
d2332348,Technology,33,1529.69,Month-to-Month,60,17,90975,1,0.761,5,0
237a6364,E-commerce,519,5604.95,Month-to-Month,15,128,10923,1,0.344,14,1
54fc1fda,Finance,25,50.0,Month-to-Month,2,8,4053,4,0.505,16,1
bda387fb,E-commerce,1062,10662.11,1 Year,78,339,91071,1,0.482,27,0
58c22e5e,Finance,177,2087.62,1 Year,51,37,31010,4,0.327,1,0
3a546561,Healthcare,809,8014.57,Month-to-Month,34,280,40299,0,0.485,8,0
4a2dce0e,Technology,27,336.95,1 Year,66,10,90818,2,0.672,5,0
4c3b2d33,E-commerce,100,591.4,1 Year,6,29,145766,2,0.551,10,0
aa38aa1b,Technology,12,50.0,Month-to-Month,44,3,40148,3,0.839,17,0
a37bd04a,Healthcare,193,1983.21,Month-to-Month,29,77,83633,0,0.414,9,0
fabc3be7,Technology,210,2170.01,2 Year,49,82,39349,4,0.739,2,0
f2d4875e,E-commerce,1989,20153.56,1 Year,39,742,1694,3,0.481,3,0
33f6535a,E-commerce,112,831.91,Month-to-Month,11,30,156017,1,0.826,22,0
ac1269bd,E-commerce,161,939.72,Month-to-Month,36,58,85123,2,0.757,11,0
29198633,Technology,26,50.0,1 Year,8,8,70003,0,0.803,9,0
5ca1bda0,E-commerce,122,1747.82,1 Year,10,49,29154,3,0.568,1,0
216f9968,E-commerce,30,50.0,2 Year,3,10,142837,1,0.866,4,0
ee9f95bb,Manufacturing,64,418.96,Month-to-Month,66,25,33652,1,0.268,3,0
49c9fbba,Technology,70,543.79,Month-to-Month,9,18,63788,4,0.689,0,0
b6d7b2c0,E-commerce,32,50.0,1 Year,18,8,5300,1,0.628,26,0
1b805ec1,Technology,60,253.39,Month-to-Month,12,27,12350,0,0.767,4,0
5038e569,Finance,31,50.0,Month-to-Month,78,14,27600,3,0.585,1,0
3ed5af8d,Finance,30,1000.33,Month-to-Month,10,10,43529,4,0.403,6,0
c85d5e6e,E-commerce,274,3080.05,Month-to-Month,37,110,81880,0,0.382,5,0
7567fee6,Manufacturing,71,1333.91,2 Year,47,25,13779,2,0.598,18,0
99cb4ca5,Manufacturing,91,1634.67,1 Year,14,46,74439,3,0.548,16,0
5dfc927d,Finance,6,50.0,Month-to-Month,12,2,110360,3,0.771,15,0
399dc7f6,E-commerce,103,1201.73,1 Year,34,36,85311,0,0.791,26,0
3727764c,Finance,120,906.91,1 Year,59,59,48697,1,0.61,4,0
45f6978a,Manufacturing,30,858.4,2 Year,34,9,83034,2,0.605,8,0
2426226b,Manufacturing,1245,12079.26,2 Year,7,517,104983,4,0.813,11,0
536b4a7c,E-commerce,5,50.0,Month-to-Month,53,1,40495,6,0.551,6,0
6646c76e,Technology,177,1052.98,2 Year,12,82,83079,6,0.559,2,0
7ecdb93e,Technology,159,1438.66,Month-to-Month,21,76,27333,1,0.335,22,1
68bcf597,E-commerce,123,1687.47,Month-to-Month,43,33,36957,0,0.776,23,0
8ff1688e,Healthcare,71,838.08,Month-to-Month,6,18,2702,1,0.582,14,0
b14e3e5b,E-commerce,124,638.68,Month-to-Month,37,53,107488,2,0.827,4,0
e6a40e11,E-commerce,200,3076.33,2 Year,22,118,7562,2,0.359,0,0
2fc2a5be,E-commerce,18,504.77,1 Year,54,8,16161,2,0.502,6,0
03de5f79,Finance,85,1238.71,1 Year,5,32,19096,3,0.789,7,0
7dc65c7c,Manufacturing,41,1052.51,2 Year,14,12,6159,1,0.665,6,0
098f7402,Finance,10,50.0,Month-to-Month,43,2,127394,1,0.363,1,0
b475e1f9,E-commerce,160,1144.28,Month-to-Month,1,75,175384,1,0.785,15,1
c057a0ea,E-commerce,23,641.51,1 Year,3,11,100196,1,0.339,7,0
1544c52c,E-commerce,5,50.0,2 Year,112,1,21260,0,0.766,2,0
7a74e623,E-commerce,24,102.49,2 Year,8,9,2841,1,0.404,31,0
1f982540,Finance,16,121.13,Month-to-Month,90,6,10099,3,0.842,3,0
cca3451c,Finance,255,1911.3,2 Year,5,148,73942,1,0.623,4,0
27db31ea,E-commerce,68,499.59,2 Year,11,27,16841,4,0.669,5,0
c550af6e,E-commerce,434,4797.25,Month-to-Month,34,131,111562,1,0.584,5,0
95e8b994,Finance,20,564.73,1 Year,26,5,90129,0,0.618,10,0
921f4e0c,Technology,202,2576.51,Month-to-Month,21,62,13521,0,0.617,3,0
771d75a0,E-commerce,3863,39134.94,Month-to-Month,19,2033,59119,4,0.741,23,0
20bae1b1,E-commerce,93,1132.94,2 Year,45,41,29196,3,0.587,8,0
6a57b8b7,Technology,198,2143.34,1 Year,7,72,12100,0,0.892,21,0
3fe668b4,Finance,154,1666.67,1 Year,15,16,44593,3,0.453,24,0
8666d56c,Healthcare,6,50.0,2 Year,5,1,90810,1,0.772,14,0
640e8a2e,Technology,131,795.03,Month-to-Month,22,56,130723,2,0.713,2,0
7692e880,E-commerce,86,515.2,Month-to-Month,7,37,3026,2,0.847,4,0
94d5f4e4,E-commerce,36,196.99,Month-to-Month,10,15,27127,2,0.624,2,0
675ed72d,Technology,14,50.0,1 Year,16,3,46370,3,0.666,6,0
7f09605f,Technology,154,1746.92,2 Year,1,64,20623,1,0.664,7,0
c4acdd11,Manufacturing,12,220.95,1 Year,3,3,19111,5,0.357,4,0
98b5d474,E-commerce,1340,13554.66,2 Year,28,536,73905,1,0.679,20,0
63a89cdc,E-commerce,64,815.7,1 Year,14,20,76279,4,1.0,5,0
51fc2d9e,E-commerce,8,677.83,1 Year,49,4,65267,0,0.922,12,0
12bea2c5,Finance,25,245.71,1 Year,29,10,114397,2,0.444,17,0
17cd90ab,E-commerce,35,854.18,2 Year,1,13,34130,0,0.24,1,0
0683f859,Finance,2035,20608.29,Month-to-Month,24,1094,77514,1,0.61,12,0
cdb492cc,Manufacturing,14,704.82,Month-to-Month,3,5,563,1,0.817,1,0
4b956437,E-commerce,45,1257.31,Month-to-Month,37,11,218820,0,0.592,14,0
e9e5114f,E-commerce,24,528.32,2 Year,115,12,125809,0,0.978,8,0
6969e25e,Finance,115,1201.88,2 Year,19,48,92052,0,0.444,7,0
82e5b37c,Healthcare,24,288.65,Month-to-Month,28,8,44308,1,0.645,7,0
1e96696c,Healthcare,9,50.0,2 Year,7,3,39280,4,0.578,5,0
97f6de11,E-commerce,40,148.11,1 Year,14,18,8133,0,0.746,0,0
3acfb91d,Healthcare,34,791.06,Month-to-Month,47,16,2773,2,0.76,8,0
908a3615,E-commerce,22,50.0,2 Year,5,7,14777,4,0.838,0,0
63f45c6b,Technology,24,1047.39,1 Year,8,10,8183,3,0.575,24,0
aae51275,Technology,322,3144.14,Month-to-Month,15,136,41142,3,0.852,2,0
bc5d09bc,E-commerce,33,1761.04,Month-to-Month,30,10,20214,1,0.669,10,0
abe242ec,Finance,9,50.0,Month-to-Month,12,3,24539,2,0.872,8,0
2a5ee410,Technology,27,395.09,1 Year,64,9,1337,3,0.9,9,0
3dfbd7e9,Technology,59,414.08,Month-to-Month,3,30,39772,1,0.604,3,0
594afb2b,Finance,7,50.0,1 Year,12,2,53379,1,0.465,5,0
e9a6ba04,Technology,625,6781.9,1 Year,30,344,20353,3,0.641,13,0
25e50020,Finance,200,1447.22,Month-to-Month,7,82,7035,0,0.798,4,0
59731010,Technology,466,4321.96,1 Year,26,105,60823,2,0.299,3,0
03afde42,Manufacturing,98,1273.16,2 Year,5,17,6904,1,0.501,0,0
be6b6fae,Healthcare,5,422.48,Month-to-Month,2,1,84874,3,0.737,6,0
9721f5fc,Technology,546,4764.06,1 Year,4,291,39485,4,0.082,11,0
e0420d98,E-commerce,14,430.84,2 Year,64,7,13553,1,0.393,3,0
b698d700,Manufacturing,16,224.45,Month-to-Month,20,6,114497,4,0.477,20,0
1b6bc7f0,E-commerce,69,231.14,Month-to-Month,39,22,7644,3,0.583,1,0
f26104df,Technology,431,3915.56,1 Year,10,154,45962,0,0.536,4,0
99d4d3c5,Healthcare,265,1633.27,1 Year,22,111,48052,0,0.539,13,0
9a6b1dc8,Finance,212,2978.72,Month-to-Month,17,107,1901,2,0.334,34,1
6fb33a32,Healthcare,34,847.71,Month-to-Month,70,15,47043,3,0.954,4,0
dd32d56e,Manufacturing,33,50.0,1 Year,34,16,59243,2,0.478,13,0
e07893c3,Technology,91,1309.45,Month-to-Month,32,42,120470,2,0.219,11,0
d9cc1164,Technology,44,152.99,1 Year,2,21,61710,0,0.827,27,0
fb847204,Manufacturing,207,2527.41,1 Year,20,35,33124,4,0.445,6,0
4687d18c,Healthcare,189,1641.96,Month-to-Month,16,58,95968,2,0.358,8,0
809289d2,Finance,132,1138.32,Month-to-Month,64,38,21831,3,0.736,1,0
2ad8c1ad,Healthcare,5,50.0,1 Year,8,1,96728,3,0.496,3,0
84ef5d75,Finance,66,331.32,1 Year,8,26,92885,3,0.634,10,0
304d3d32,Finance,46,1159.64,2 Year,13,11,46274,4,0.473,8,0
b604398f,E-commerce,70,1149.26,Month-to-Month,7,21,21127,2,0.507,5,0
91e0e6f2,Finance,17,224.97,1 Year,4,6,44727,2,0.401,12,0
943aee2e,Healthcare,7,582.28,Month-to-Month,47,1,118168,2,0.357,2,0
fd73c637,Finance,109,276.46,2 Year,20,38,50604,0,1.0,12,0
c2ced93c,Healthcare,31,50.0,Month-to-Month,48,14,91633,3,0.434,2,0
89dce075,Manufacturing,129,1527.28,1 Year,43,35,21127,2,0.307,6,0
057bbd06,Technology,19,557.77,Month-to-Month,8,9,17287,2,0.826,1,0
db431607,Manufacturing,456,4699.7,Month-to-Month,20,145,14775,3,0.653,7,0
d395dd71,E-commerce,245,1508.65,Month-to-Month,3,104,33789,3,0.603,17,1
099bef6d,Finance,85,318.83,Month-to-Month,60,24,28279,2,0.502,6,0
7bed6af7,Technology,39,598.3,Month-to-Month,13,17,96283,2,0.519,3,0
b04275df,Finance,196,3173.24,Month-to-Month,13,72,5973,2,0.541,1,0
c59956a6,Finance,98,1588.96,Month-to-Month,9,43,40377,2,0.827,4,0
372a22ae,Finance,78,1568.65,Month-to-Month,15,26,25825,0,0.55,19,0
9bbfa654,Healthcare,260,2769.86,1 Year,7,118,138685,3,0.829,4,0
c80f8f3b,Finance,463,4796.25,1 Year,12,224,77650,2,0.589,2,0
7583dbe7,Finance,8,50.0,Month-to-Month,39,3,28400,2,0.559,21,0
842507ed,E-commerce,11,585.91,Month-to-Month,44,3,51167,3,0.396,26,1
92684169,Healthcare,16,123.41,Month-to-Month,9,6,68440,3,1.0,30,1
4b999313,Finance,5,396.37,Month-to-Month,16,1,3689,2,0.603,7,0
0c6ac24a,Technology,49,505.34,Month-to-Month,50,20,55999,3,0.6,8,0
925cea76,Healthcare,134,1479.56,Month-to-Month,2,61,7511,1,0.972,3,0
782b8caf,Finance,52,476.14,2 Year,53,28,10471,5,0.683,4,0
8ebf3f23,Technology,24,352.31,2 Year,6,12,30921,3,0.705,7,0
1d6ef422,Finance,295,3450.04,Month-to-Month,28,89,194251,4,0.612,1,0
a2ba06a3,Healthcare,67,50.0,1 Year,21,28,151991,0,0.445,32,0
ef14be8e,E-commerce,91,163.54,Month-to-Month,20,35,116277,3,0.843,11,0
a922749e,Finance,308,3292.93,Month-to-Month,48,160,1746,2,0.317,0,0
33f3af68,E-commerce,45,1170.29,2 Year,3,14,95810,3,0.405,2,0
6f11ca05,Technology,1200,12846.37,Month-to-Month,11,585,74842,2,0.445,3,0
2346cd9d,Healthcare,27,50.0,1 Year,19,8,34535,2,0.65,0,0
b73e1154,E-commerce,1093,10728.56,1 Year,41,425,19683,2,0.597,41,0
ccf81521,E-commerce,12,50.0,1 Year,6,3,70445,0,0.227,3,0
bb3f4b12,Healthcare,118,904.69,Month-to-Month,39,24,5660,0,1.0,0,0
778f581a,E-commerce,20,761.42,1 Year,13,6,52554,3,0.752,20,0
8705c0a7,Finance,292,2913.55,Month-to-Month,6,109,55718,2,0.502,1,0
314e3230,E-commerce,26,73.06,Month-to-Month,35,14,40337,0,0.687,6,0
d773b564,Healthcare,84,1112.54,2 Year,3,24,105096,4,0.689,4,0
16af4340,E-commerce,20,50.0,1 Year,18,6,20013,0,0.534,0,0
42b0ea5a,Finance,222,3016.49,2 Year,2,56,32519,1,0.679,0,0
bbeb132b,Technology,20,203.64,Month-to-Month,11,10,71077,2,0.681,3,0
3230b830,Healthcare,682,6619.1,Month-to-Month,23,241,63060,1,0.818,4,0
bcf1259c,E-commerce,12,413.42,1 Year,20,4,41329,2,0.614,13,0
4777a9da,E-commerce,7,539.64,Month-to-Month,13,2,15881,1,0.664,12,0
1d570171,Technology,227,3067.99,1 Year,14,46,17424,3,0.558,6,0
58e7aced,E-commerce,22,115.02,2 Year,7,5,67586,0,0.513,2,0
ef68b45f,E-commerce,54,1083.03,2 Year,15,16,288,3,0.446,18,0
a2a39489,Technology,33,380.61,1 Year,74,15,52883,5,0.439,10,0
c02b2a80,Technology,7,50.0,Month-to-Month,46,1,14269,3,0.507,4,0
5e323226,Finance,48,91.59,2 Year,4,21,55888,0,0.553,20,0
5f6cb9fa,E-commerce,364,3091.51,1 Year,1,158,10347,1,0.801,17,1
c6e20db4,Technology,245,2079.15,2 Year,66,53,23615,0,0.524,0,0
1df87f7e,Manufacturing,77,1327.85,1 Year,18,28,70083,1,0.533,20,0
1cfdc811,Technology,289,3243.35,2 Year,19,149,70365,3,0.542,7,0
a0b7a08d,Finance,11,50.0,Month-to-Month,37,3,11766,4,0.59,25,0
269a969c,Finance,33,50.0,1 Year,10,11,23602,1,0.94,14,0
660d2249,E-commerce,98,423.85,Month-to-Month,16,66,34908,2,0.524,1,0
5b8ef1d5,Technology,44,51.63,1 Year,84,19,44258,2,0.712,4,0
4469f7ad,E-commerce,37,218.37,1 Year,27,13,67824,2,0.67,3,0
93df587b,E-commerce,9,676.43,Month-to-Month,5,3,1196,2,0.612,12,0
0d0cc66e,Technology,5,50.0,1 Year,4,2,6126,2,0.408,7,0
162819cb,Finance,186,2700.25,Month-to-Month,6,87,8582,1,0.705,3,0
b8a2f27e,Technology,78,50.0,Month-to-Month,35,14,10576,4,0.215,14,0
50961712,E-commerce,211,1935.68,Month-to-Month,9,37,1537,4,0.396,10,0
d2ad7d6d,Finance,28,672.77,Month-to-Month,1,8,126581,1,0.492,15,1
03421bfe,E-commerce,18,603.6,Month-to-Month,70,6,8848,1,0.555,13,0
d343dcf0,Technology,55,382.14,Month-to-Month,5,22,3824,4,0.617,9,1
0c8715b9,Healthcare,196,2460.88,Month-to-Month,1,45,31906,2,0.878,1,0
131798a3,Finance,38,786.1,Month-to-Month,7,14,141666,0,0.726,2,0
1bad22a2,Manufacturing,181,1468.94,Month-to-Month,7,71,166750,2,0.634,15,1
71d13ebb,Finance,12,277.46,1 Year,14,3,56412,2,0.533,19,0
40401a93,E-commerce,42,771.81,1 Year,61,14,9821,1,0.535,6,0
fc4a8cd8,E-commerce,49,184.73,2 Year,51,16,190,0,0.373,43,0
36a3b9a9,E-commerce,343,4277.16,Month-to-Month,15,153,20400,0,0.179,3,0
4a1c5f0c,E-commerce,74,322.32,2 Year,13,29,6702,4,0.345,13,0
ec467c9d,Finance,749,7562.05,Month-to-Month,20,214,70344,3,0.834,11,0
dfbae877,E-commerce,7,50.0,Month-to-Month,7,3,173859,1,0.458,13,0
f85e88f7,Finance,66,711.68,Month-to-Month,2,17,4371,3,0.495,5,1
aa4c2bac,E-commerce,71,176.46,Month-to-Month,68,16,25286,1,0.804,2,0
01d4b705,Healthcare,138,1232.94,Month-to-Month,5,51,116379,1,0.072,5,0
cf80d46b,E-commerce,16,50.0,1 Year,6,5,65151,4,0.483,2,0
ce582a92,Finance,683,7229.91,2 Year,16,278,101926,2,0.38,1,0
5951106b,Finance,55,728.14,2 Year,17,15,128183,8,0.659,11,0
c025b302,Finance,10,643.71,1 Year,1,4,26603,0,0.711,42,0
5f79e266,Finance,53,356.1,1 Year,4,30,59153,1,0.715,10,0
0b82fd36,Technology,34,906.92,Month-to-Month,12,13,61779,4,0.902,1,0
83caba3f,Finance,3550,35519.64,2 Year,28,1532,49823,0,0.711,7,0
cf736849,Manufacturing,263,2686.58,1 Year,7,49,19709,3,0.65,9,0
87b051dd,Manufacturing,58,1637.03,Month-to-Month,14,20,89239,3,1.0,13,0
1408ed1c,E-commerce,46,217.66,1 Year,20,15,73244,1,0.174,14,0
667489c0,Healthcare,227,2883.73,Month-to-Month,53,71,29458,3,1.0,2,0
e2970a13,Finance,244,2679.84,1 Year,10,81,27319,3,0.948,3,0
160b2f83,Technology,5,50.0,2 Year,4,1,542,2,0.57,7,0
bc8129ba,Finance,143,772.15,1 Year,17,36,92717,4,0.459,0,0
d0674582,Healthcare,56,50.0,2 Year,33,19,16702,0,0.468,2,0
41bc6bd5,E-commerce,7,635.34,2 Year,3,2,31819,3,0.542,31,0
e3783947,Technology,204,2907.2,Month-to-Month,14,97,26492,2,0.839,4,0
34f21ecc,Technology,1586,15905.72,Month-to-Month,1,686,56681,1,0.107,13,1
eeb071ad,Finance,125,1321.94,Month-to-Month,1,54,24723,3,1.0,6,0
a7cc86b4,E-commerce,284,3228.23,2 Year,16,141,9906,6,0.6,70,0
4824130b,Finance,817,8206.65,Month-to-Month,9,259,101481,2,0.835,23,0
edd5c04f,Finance,15,699.85,1 Year,45,6,10139,2,0.354,3,0
aeb7cf1e,Technology,5,195.81,Month-to-Month,23,2,1442,2,0.745,16,0
a273512b,Finance,146,1527.77,1 Year,15,45,10922,3,0.677,8,0
5e3de9ab,Finance,37,50.0,Month-to-Month,13,7,30361,2,0.713,3,0
b0a7486e,Healthcare,6,50.0,Month-to-Month,17,1,27515,1,0.462,7,0
b82860b6,Technology,48,50.0,Month-to-Month,1,23,79560,5,0.523,4,1
496e4ed5,Technology,162,2237.06,1 Year,54,49,10841,0,0.353,1,0
8d470dd3,E-commerce,43,356.7,Month-to-Month,120,15,74718,1,0.753,6,0
2517adb9,Technology,16,50.0,2 Year,5,5,5066,3,0.869,5,0
aa359726,Finance,39,50.0,Month-to-Month,4,14,32090,1,0.656,3,0
aace88ae,E-commerce,53,209.94,1 Year,4,15,100246,4,0.064,9,0
6ddfb47e,Finance,5,50.0,2 Year,26,1,26630,0,0.871,1,0
92c658a9,Healthcare,44,50.0,1 Year,26,15,165222,4,0.624,36,0
b4d62c82,E-commerce,7,236.42,Month-to-Month,46,2,49853,3,0.069,2,0
9e14e4a4,Manufacturing,146,1521.12,2 Year,34,74,70663,1,0.259,9,0
87576f23,Healthcare,5,50.0,Month-to-Month,15,2,35652,0,0.389,5,0
0eed1d67,Finance,249,1841.08,Month-to-Month,23,70,28084,0,0.6,0,0
a58aa625,Finance,29,50.0,Month-to-Month,28,9,4423,4,0.396,2,0
76a5c8f9,Finance,24,1145.26,Month-to-Month,18,11,6388,1,0.422,8,0
99475434,Manufacturing,84,1586.36,1 Year,16,30,42397,0,0.783,4,0
7efab4f5,E-commerce,14,50.0,1 Year,25,4,47548,1,0.837,18,0
78ffa86a,E-commerce,82,50.0,Month-to-Month,20,33,209174,1,0.79,11,0
8fdef3e4,Technology,18,244.02,Month-to-Month,25,5,97506,2,0.273,1,0
45ff62c9,Finance,23,253.47,Month-to-Month,23,10,93051,4,0.789,27,0
03ff210b,E-commerce,100,1158.46,Month-to-Month,31,43,16885,5,0.504,2,0
cec11422,E-commerce,9,460.69,Month-to-Month,25,2,26532,1,0.993,0,0
5645f5dc,E-commerce,8,305.85,Month-to-Month,18,4,5386,2,0.652,6,0
269521c9,Manufacturing,79,231.78,1 Year,28,30,43558,2,0.843,5,0
ef428f01,Technology,52,667.02,1 Year,15,6,3603,0,0.711,6,0
ac93df3f,Finance,70,1126.91,Month-to-Month,7,30,29604,1,0.687,0,0
46bfa6bd,Technology,89,528.0,2 Year,1,12,41758,2,0.526,3,0
591d692e,Finance,59,739.98,Month-to-Month,20,29,12950,0,0.841,25,1
339f22d5,Healthcare,135,1073.61,1 Year,22,54,74681,0,0.786,15,0
410f2639,Finance,63,1628.08,Month-to-Month,86,24,56173,3,0.534,1,0
2edfc617,Finance,5,50.0,1 Year,11,1,8000,4,0.512,3,0
a0b9484e,E-commerce,5,627.97,Month-to-Month,13,2,205769,0,0.458,13,0
c5d9b25a,E-commerce,984,9004.59,1 Year,6,337,39049,2,0.764,19,0
6e144f81,Manufacturing,54,1436.53,Month-to-Month,2,21,1338,2,0.647,1,0
bd16e481,E-commerce,227,1699.23,Month-to-Month,36,91,21547,2,0.658,9,0
c4c504e2,E-commerce,32,414.84,1 Year,7,3,193907,2,0.528,5,0
a9221b73,Healthcare,50,50.0,1 Year,23,22,116297,2,0.892,6,0
571f63d3,Healthcare,27,50.0,Month-to-Month,28,12,8194,4,0.302,15,0
f20ac9b8,E-commerce,2205,22498.87,Month-to-Month,16,963,96553,3,0.756,8,0
b0b0e176,E-commerce,79,1304.08,Month-to-Month,51,33,48170,0,0.796,8,0
15a7a7d7,Technology,24,359.68,Month-to-Month,15,13,1098,1,0.537,4,0
4c96adf9,Finance,5,420.54,Month-to-Month,9,1,70823,1,0.31,3,0
88861cc8,Healthcare,1054,11062.44,Month-to-Month,55,411,26622,1,0.677,13,0
e3d7c368,E-commerce,42,77.91,1 Year,48,13,25220,6,0.839,24,0
bca58966,Finance,166,960.52,1 Year,5,33,24128,2,0.954,0,0
eaa895d4,Healthcare,197,1963.15,1 Year,1,86,45386,1,0.731,6,0
bbe89592,Technology,27,50.0,1 Year,3,9,62625,3,0.477,8,0
e0d499a4,Healthcare,149,1684.31,1 Year,9,29,52155,5,0.739,3,0
5d7f77af,E-commerce,22,494.01,Month-to-Month,87,8,13837,3,0.7,0,0
7981d613,Finance,12,50.0,2 Year,20,4,61345,2,0.664,1,0
93557f8d,Finance,313,3482.05,1 Year,12,115,7281,1,0.423,12,0
bcd91ede,Finance,43,757.07,Month-to-Month,53,17,177614,1,0.72,2,0
cfed7f6b,Technology,118,1541.66,2 Year,15,27,32085,2,0.694,5,0
05fc5159,Finance,101,806.1,Month-to-Month,10,49,4789,2,1.0,0,0
37a1bb05,Technology,142,1809.96,1 Year,69,61,42974,0,0.618,1,0
8ed637ac,Healthcare,5,310.0,Month-to-Month,46,2,43016,0,0.939,16,0
9daa166d,Technology,22,540.09,2 Year,45,7,1979,1,0.878,7,0
cc643656,Finance,33,1168.89,1 Year,18,14,546,3,0.61,1,0
b7035542,E-commerce,15,313.89,1 Year,38,3,277367,2,0.847,0,0
97863d88,E-commerce,103,726.52,1 Year,5,31,24721,1,0.443,25,0
10c47ea7,Manufacturing,323,2674.77,1 Year,21,82,14082,2,0.562,4,0
5b37c458,Finance,410,4663.97,Month-to-Month,100,171,39673,1,0.493,14,0
133f4ab9,Healthcare,32,498.65,2 Year,9,8,418,1,0.568,5,0
61abb600,Healthcare,84,1675.01,Month-to-Month,38,29,648,3,0.199,1,0
9e16be6b,Technology,106,50.0,2 Year,17,41,5983,0,0.96,7,0
65c75777,E-commerce,138,1835.33,1 Year,1,48,81107,1,0.539,1,0
fb985f0d,Technology,14,50.0,Month-to-Month,35,3,14267,4,0.757,19,0
6ccecfe2,Finance,837,8193.24,Month-to-Month,5,465,35004,1,0.649,0,0
683d3bfb,Finance,219,1807.6,Month-to-Month,24,88,12655,3,0.546,12,0
d72eac75,Healthcare,227,2719.79,2 Year,3,126,39354,2,0.345,37,0
f711acbe,Manufacturing,332,3626.77,Month-to-Month,71,95,35545,0,0.417,21,0
5317e096,E-commerce,121,638.81,Month-to-Month,9,42,25601,3,0.553,23,1
4672a0e7,Manufacturing,11,192.46,Month-to-Month,7,4,28387,2,0.505,2,0
2e055b3a,Finance,44,793.06,Month-to-Month,4,23,52976,2,0.405,6,0
53f430a2,E-commerce,5,139.01,Month-to-Month,71,2,92306,1,0.463,2,0
70ffba17,E-commerce,101,1563.92,Month-to-Month,30,35,19239,0,0.692,11,0
1714ec79,Finance,42,274.98,2 Year,33,13,37979,2,0.775,10,0
10ec6a96,Technology,51,50.0,1 Year,17,19,96267,3,0.367,3,0
20d8fb39,Manufacturing,332,3413.36,2 Year,16,169,9191,1,0.424,5,0
da8784a9,Technology,27,360.31,1 Year,3,10,194506,1,0.643,4,0
5fe33197,Technology,37,525.59,Month-to-Month,20,15,69440,2,0.567,11,0
dd60d609,Finance,56,1113.49,2 Year,7,28,22794,1,0.527,0,0
d9fc2215,Finance,5,50.0,Month-to-Month,91,2,23514,2,0.784,25,0
21edbe01,Manufacturing,36,240.76,Month-to-Month,39,17,11492,7,0.637,1,0
61efc6ff,Healthcare,5,50.0,Month-to-Month,13,2,15592,0,0.275,3,0
5e83adfb,Technology,22,50.0,1 Year,4,11,44219,0,0.44,0,0
6e6e057c,Technology,196,1923.85,Month-to-Month,37,54,187,2,0.268,5,0
bd1b215c,E-commerce,106,1410.91,1 Year,4,66,1171,0,0.564,13,0
071216d5,Manufacturing,22,370.47,2 Year,6,11,215167,0,0.334,15,0
c66985d7,Finance,58,236.24,1 Year,6,22,13428,1,0.248,4,0
518091bd,Finance,10,50.0,Month-to-Month,20,5,88470,4,0.189,4,0
58f81784,Healthcare,54,1004.95,1 Year,38,19,47389,2,0.997,4,0
b517e3db,E-commerce,4427,44611.56,2 Year,10,1981,29527,2,0.327,2,0
2818728d,Finance,870,8423.61,Month-to-Month,3,399,65872,2,0.537,12,0
40b78866,Finance,59,281.25,Month-to-Month,15,28,2565,3,0.612,22,1
b11fe7a0,Technology,69,50.0,Month-to-Month,34,24,70545,5,0.624,5,0
c982a6e5,Manufacturing,12,50.0,Month-to-Month,7,5,97242,0,0.724,12,0
cccb189b,Finance,16,50.0,1 Year,6,5,16441,1,0.59,6,0
643a0513,Finance,93,1963.53,1 Year,71,43,17949,1,0.509,1,0
eeeeb347,Manufacturing,24,50.0,Month-to-Month,74,9,5435,3,0.644,7,0
4a5414ce,Healthcare,211,2664.49,1 Year,112,45,96860,3,0.642,3,0
9e4e1600,Healthcare,575,6659.05,1 Year,40,187,82489,1,0.61,11,0
d866b29d,Finance,89,998.1,1 Year,6,43,27687,1,0.728,5,0
3713d4d8,E-commerce,63,579.99,Month-to-Month,6,23,23718,3,0.475,11,0
78f1aa61,Finance,5,50.0,Month-to-Month,10,2,27889,0,0.56,6,0
d1238fe1,Manufacturing,167,1417.7,Month-to-Month,10,46,27266,1,0.335,14,0
72a82baf,E-commerce,9,891.98,2 Year,76,4,28072,0,0.551,58,0
1ed4a87e,E-commerce,29,465.63,1 Year,38,11,7876,0,0.472,19,0
fa92f7d7,Finance,230,2314.17,Month-to-Month,31,86,678,3,0.811,12,0
79704482,E-commerce,255,3206.06,Month-to-Month,5,71,71865,3,0.308,2,1
19435fbb,E-commerce,27,618.15,1 Year,58,11,21060,1,0.505,8,0
2eb63d1e,Technology,29,216.06,Month-to-Month,43,8,33754,0,0.495,10,0
9bb350fb,Technology,19,298.13,Month-to-Month,5,6,18367,3,0.734,13,0
7914d882,E-commerce,9,50.0,Month-to-Month,50,3,24034,4,0.345,2,0
1ded9164,Manufacturing,21,50.0,Month-to-Month,8,7,3890,1,0.601,7,0
cf379f12,Technology,5,50.0,Month-to-Month,3,2,23124,1,0.616,6,0
60d4d0b9,Technology,152,1798.74,Month-to-Month,26,21,31098,2,0.785,3,0
3c1d13dc,Healthcare,98,356.32,1 Year,26,37,89440,2,0.429,7,0
107a8ae2,Healthcare,126,1298.12,2 Year,3,45,19445,3,0.339,23,0
d51bb0a8,Finance,13,50.0,Month-to-Month,10,5,4635,4,0.695,14,0
26d21d82,E-commerce,9,50.0,Month-to-Month,119,3,71188,2,0.321,8,0
600e29b1,E-commerce,59,397.75,Month-to-Month,28,29,23551,2,0.495,13,0
b76d17e4,E-commerce,60,50.0,Month-to-Month,32,22,123469,2,0.552,15,0
0231cd96,Technology,43,51.21,1 Year,6,17,159752,3,0.723,12,0
5c6afefe,Technology,35,50.0,Month-to-Month,2,17,102728,3,0.292,19,1
a212d764,Manufacturing,710,6960.04,Month-to-Month,8,287,12850,4,0.541,15,0
c530a525,Finance,103,50.0,1 Year,7,28,14638,1,0.605,17,0
83cc1d6f,E-commerce,1049,10585.45,1 Year,7,374,79023,3,0.428,7,0
0ea400eb,Finance,366,4114.71,Month-to-Month,6,141,29539,1,0.528,6,0
3f9a804c,Finance,702,6961.35,Month-to-Month,21,165,17676,3,0.778,4,0
bcbdaa3f,Finance,10,349.4,1 Year,10,3,17400,1,0.499,6,0
68e78168,Finance,132,1063.63,Month-to-Month,42,51,43074,2,0.527,11,0
cce2031c,E-commerce,28,50.0,Month-to-Month,5,16,112704,3,0.777,3,0
590bc447,Technology,5,50.85,1 Year,15,2,48238,2,0.556,2,0
46e5ef29,Healthcare,514,5480.19,Month-to-Month,1,213,48416,0,0.868,21,1
e2fca4c5,Technology,35,50.0,2 Year,16,19,68707,1,0.272,0,0
e78577b9,E-commerce,11,50.0,1 Year,2,5,71418,3,0.545,27,1
1ea3a64f,Finance,29,166.44,Month-to-Month,92,13,120092,3,0.755,19,0
44212643,E-commerce,16,1585.7,1 Year,38,5,8843,1,0.456,10,0
cc4a6f3e,Finance,19,301.69,1 Year,17,5,208776,2,0.553,14,0
8b4e18f0,E-commerce,39,50.0,Month-to-Month,3,16,19936,3,0.853,9,0
4f2fd269,E-commerce,732,6243.57,Month-to-Month,22,426,16534,1,0.445,8,0
bd974192,Finance,20,565.25,1 Year,35,11,35645,3,0.697,10,0
4da7f6bc,Healthcare,657,7812.52,1 Year,6,306,15350,1,0.749,0,0
df433d6f,E-commerce,195,1809.51,Month-to-Month,21,64,13257,2,0.615,17,0
8b42a3e3,Manufacturing,98,809.59,Month-to-Month,41,24,170270,1,0.608,16,1
ec19d7ef,Finance,167,1885.39,2 Year,36,53,5490,0,0.395,6,0
519a7c0f,Technology,55,150.85,1 Year,39,23,229974,0,0.746,2,0
354b1c72,E-commerce,375,2477.92,1 Year,51,132,48706,3,0.349,4,0
5a4ed87c,Manufacturing,127,1788.63,1 Year,67,63,159199,1,0.678,5,0
2785f74c,Technology,5,50.0,Month-to-Month,13,1,113846,0,0.496,1,0
36f442f3,E-commerce,85,1375.06,2 Year,21,32,52262,1,0.521,9,0
b97f7830,E-commerce,176,1379.51,Month-to-Month,38,56,44560,2,0.56,1,0
5929d3af,Technology,35,410.89,1 Year,29,17,245528,3,0.7,11,0
dc3c7e44,Finance,65,1077.42,Month-to-Month,120,29,36202,2,0.912,8,0
a606851b,Finance,21,745.18,2 Year,1,6,9846,5,0.622,18,0
659346c5,Healthcare,6,176.49,1 Year,11,2,247691,1,0.456,5,0
8c7e19ac,Technology,5,141.62,1 Year,8,1,19542,3,0.312,23,1
478a1f13,Technology,5,359.85,2 Year,8,1,4573,2,0.832,10,0
259e015e,Healthcare,148,1712.08,2 Year,7,46,63096,3,0.635,0,0
27ff6540,E-commerce,5,50.0,Month-to-Month,30,1,29533,0,0.554,5,0
aa862dd7,E-commerce,20,50.0,Month-to-Month,3,7,24553,1,0.612,34,1
f5caca64,Healthcare,17,50.0,1 Year,33,6,49930,0,0.753,32,0
e945b62e,Manufacturing,35,733.25,2 Year,29,12,2715,2,0.518,8,0
3b060805,Finance,5,50.0,Month-to-Month,7,2,59903,2,0.467,10,0
2738d782,Healthcare,100,1410.1,Month-to-Month,7,32,35003,3,0.338,2,0
4a5a84d7,E-commerce,8,281.86,1 Year,24,2,33690,2,0.384,3,0
423d4cc4,Technology,298,2478.79,Month-to-Month,35,95,115146,6,0.531,5,0
b696e206,Healthcare,21,149.89,1 Year,51,5,88955,5,0.815,5,0
990eb4d2,E-commerce,47,242.59,Month-to-Month,46,15,37920,2,0.498,12,0
7ec031df,E-commerce,54,235.39,1 Year,81,24,43177,2,0.652,0,0
409bfb33,Healthcare,78,1237.64,2 Year,21,17,82243,4,0.825,0,0
9657f395,Finance,57,1825.37,Month-to-Month,58,20,26490,2,0.676,7,0
c5ad0618,E-commerce,28,838.1,Month-to-Month,40,13,55620,1,0.995,8,0
c934bb8a,Finance,91,896.52,1 Year,55,46,38910,0,0.614,4,0
2a84504f,Manufacturing,109,1719.75,Month-to-Month,1,36,34620,1,0.569,13,0
1e635475,Technology,17,1026.45,1 Year,82,10,209063,2,0.524,1,0
52e2137d,Manufacturing,103,333.81,Month-to-Month,16,30,883,2,0.998,47,0
c8220437,Finance,326,3872.43,1 Year,39,122,26775,2,0.844,4,0
c32ed17a,Manufacturing,157,1954.84,2 Year,4,44,133090,3,0.308,4,0
10186410,E-commerce,221,2804.06,Month-to-Month,13,97,131657,1,1.0,4,0
566b530f,Finance,70,1106.64,2 Year,8,47,68859,1,0.7,18,0
db9d1c79,Healthcare,13,50.0,Month-to-Month,9,7,44812,1,0.626,2,0
08a2ebde,Healthcare,16,1176.44,1 Year,4,7,58695,4,0.704,6,0
0ccec479,E-commerce,88,1049.8,Month-to-Month,40,29,14579,2,0.408,3,0
e33d8369,E-commerce,224,2022.84,Month-to-Month,1,85,33510,0,0.639,0,0
a3ba19f8,Finance,3564,35892.99,1 Year,9,1823,38400,2,0.538,4,0
8042aff5,E-commerce,238,2866.2,Month-to-Month,5,113,3292,1,0.528,0,0
21f55eee,Finance,9,137.38,Month-to-Month,22,3,100578,2,0.792,35,1
f63c1cad,E-commerce,17,366.57,Month-to-Month,8,7,30503,0,0.547,1,0
ea5cf7b5,Finance,1665,16694.18,1 Year,8,841,114583,2,0.62,41,0
9de3f1d6,Technology,39,59.96,Month-to-Month,17,20,24711,1,0.666,6,0
fc5d0c64,Technology,58,169.09,Month-to-Month,26,14,26285,3,0.789,1,0
a46a7b1f,E-commerce,12,50.0,1 Year,4,5,13999,0,0.854,3,0
a389d7af,Finance,571,6469.01,Month-to-Month,5,261,51686,1,0.603,4,0
bc294491,Finance,115,1038.29,Month-to-Month,7,39,39758,1,0.524,11,0
528845f4,Technology,17,50.0,1 Year,88,8,122074,1,0.981,12,0
8c34dac6,Finance,12,318.27,1 Year,13,4,28039,4,0.084,2,0
04b79773,Finance,86,1047.91,1 Year,22,45,52216,2,0.773,2,0
8d5fe76f,Healthcare,58,50.0,1 Year,7,21,61475,2,0.571,24,0
4127c22e,E-commerce,190,1483.8,Month-to-Month,17,80,19272,3,0.714,6,0
3125e95c,E-commerce,124,801.86,1 Year,2,52,106358,1,0.608,4,0
bb112db8,Technology,36,50.0,Month-to-Month,1,20,23970,2,0.856,9,0
c866e277,Finance,24,846.39,Month-to-Month,16,11,50717,2,0.684,7,0
07b39b1e,Finance,42,345.56,Month-to-Month,13,14,47834,2,0.316,22,1
88386d04,Technology,23,50.0,2 Year,4,8,27357,2,0.307,1,0
c26b5286,Technology,44,1001.19,1 Year,28,16,10126,1,0.557,6,0
a6b30342,Finance,55,797.67,2 Year,119,22,44885,1,0.722,2,0
0e388b05,E-commerce,14,50.0,2 Year,13,4,23542,2,0.861,1,0
dccdb2dd,Finance,140,1091.69,2 Year,24,54,23828,1,0.466,3,0
ca8f0b6b,Manufacturing,31,470.98,Month-to-Month,80,16,33954,2,0.158,0,0
713cc3d8,Healthcare,15,50.0,1 Year,43,7,56542,2,0.686,9,0
5338b354,Manufacturing,32,1334.78,Month-to-Month,15,7,65396,1,0.608,19,1
1d8b7079,E-commerce,78,836.44,1 Year,33,17,27849,2,0.629,3,0
2f762732,E-commerce,61,233.31,Month-to-Month,4,20,6384,2,0.38,10,1
51a71cd8,Healthcare,102,458.53,Month-to-Month,18,22,78442,4,0.839,1,0
66ce2e05,E-commerce,210,2563.76,1 Year,8,57,55344,2,0.437,2,0
5bfa05a5,E-commerce,386,3536.07,2 Year,5,167,80645,2,0.662,11,0
e3820b10,Finance,83,1019.96,1 Year,14,32,18981,1,0.655,25,0
a59e289d,E-commerce,10,50.0,Month-to-Month,4,2,119910,4,0.71,0,0
491c338b,Manufacturing,36,395.1,2 Year,29,18,15240,3,0.451,10,0
4e59d83f,E-commerce,12,50.0,Month-to-Month,15,4,17107,2,0.415,12,0
1c294fea,Technology,695,6792.3,2 Year,19,241,38434,5,0.771,9,0
5bb543ac,Healthcare,1076,10361.86,2 Year,4,539,296516,4,0.711,5,0
6dc0f10a,E-commerce,144,1952.81,1 Year,4,63,11291,1,0.667,44,0
a226e47a,Healthcare,197,1724.5,1 Year,22,77,91163,3,0.825,3,0
34c901fa,E-commerce,79,718.27,1 Year,101,27,117,1,0.668,6,0
2fa54a0c,Manufacturing,94,892.43,1 Year,3,42,13559,2,0.526,11,0
7e4fab91,E-commerce,5,856.14,Month-to-Month,9,1,21243,3,0.704,0,0
e426b919,Healthcare,48,925.15,1 Year,49,18,52292,4,0.69,4,0
f05c6b36,Finance,14,535.34,Month-to-Month,2,3,6038,1,0.695,4,1
57ff2cbf,E-commerce,83,50.0,1 Year,51,42,6888,3,0.423,0,0
0514e12b,E-commerce,49,161.8,1 Year,18,27,7912,1,0.404,0,0
a8178693,Technology,1012,10714.31,Month-to-Month,13,426,54317,4,0.776,44,1
f6828e64,Technology,215,1564.53,2 Year,9,75,6088,2,0.57,1,0
57ffa212,E-commerce,83,872.01,Month-to-Month,9,40,25393,2,0.211,2,0
083adeb6,Finance,36,50.0,Month-to-Month,9,16,8520,2,0.326,1,0
4b386f77,Finance,674,6257.55,Month-to-Month,52,239,24069,2,0.336,7,0
f4a0b829,Healthcare,52,1360.39,Month-to-Month,31,26,62595,2,0.813,13,0
2d91a67f,Finance,89,1249.64,Month-to-Month,27,31,16267,1,0.59,0,0
dcc65890,E-commerce,58,1071.57,Month-to-Month,39,15,48070,1,0.607,8,0
bedb4b99,E-commerce,29,681.87,Month-to-Month,8,11,14284,3,0.529,4,0
f5f6d316,E-commerce,57,500.36,Month-to-Month,24,28,66889,0,0.388,6,0
76b3c8c6,Healthcare,5,50.0,Month-to-Month,15,2,75043,2,0.752,3,0
45367d9f,Finance,5,50.0,1 Year,37,1,18581,2,0.73,19,0
e944583c,Finance,92,824.09,1 Year,9,33,1203,1,0.459,6,0
15aa5f22,Finance,573,6618.14,Month-to-Month,25,297,6910,2,0.88,1,0
9e904cd4,Technology,92,251.82,2 Year,52,39,33760,1,0.749,15,0
b21877e1,Healthcare,18,50.0,Month-to-Month,13,7,24067,0,0.429,13,1
79e976fb,E-commerce,6,50.0,1 Year,2,2,21198,2,0.543,6,0
e9232b65,Finance,177,2298.31,2 Year,18,89,43292,2,0.526,12,0
2abc349d,Technology,23,1156.89,Month-to-Month,11,11,8807,1,0.662,9,0
4fdaf205,E-commerce,143,1584.39,Month-to-Month,27,37,30502,2,0.314,1,0
70083a75,Finance,97,1165.51,1 Year,73,47,11369,1,0.459,72,0
571c313d,E-commerce,111,1155.66,Month-to-Month,16,50,198323,2,0.759,14,0
84f3f002,Technology,57,788.74,Month-to-Month,16,31,2492,2,0.283,10,0
7a039062,Manufacturing,97,1356.58,1 Year,26,38,795,1,0.56,17,0
c40cc8e5,Finance,45,662.82,1 Year,3,23,41526,1,0.355,26,1
e543ca79,Technology,21,459.42,Month-to-Month,8,9,3233,4,0.783,8,0
1e6feeed,Manufacturing,12,507.71,1 Year,61,3,83297,1,0.669,8,0
ea6eb3eb,Manufacturing,5,50.0,1 Year,27,2,85627,1,0.306,0,0
8eeac57b,E-commerce,41,411.0,Month-to-Month,1,19,28304,0,0.392,5,1
2af72664,E-commerce,533,5482.6,Month-to-Month,6,178,91122,1,0.603,7,0
32fc099f,E-commerce,163,1838.07,1 Year,28,69,67451,2,0.139,2,0
b81b9629,Technology,76,674.56,Month-to-Month,35,46,7275,1,0.38,4,0
6fdb6530,E-commerce,18,260.38,1 Year,44,6,98163,2,0.435,4,0
ef23f96c,E-commerce,243,2070.05,Month-to-Month,9,114,103684,1,0.857,4,0
70f1d09a,E-commerce,45,50.0,Month-to-Month,65,13,19483,2,0.485,31,0
157fff31,Technology,579,6281.57,Month-to-Month,20,198,74581,3,0.732,8,0
e6108027,Technology,12,50.0,2 Year,29,5,113827,5,0.505,3,0
014aa76d,Healthcare,17,89.77,2 Year,22,7,68450,1,0.749,3,0
ec9f8aa6,Technology,15,50.0,1 Year,4,5,4936,1,0.29,18,1
0279cd4e,E-commerce,5,843.5,1 Year,80,2,4971,2,0.455,10,0
d066a96f,Technology,13,90.18,Month-to-Month,4,4,201968,2,0.578,19,1
1c4e5736,E-commerce,63,474.77,1 Year,8,24,38973,1,0.636,10,0
fcf88ddf,Finance,18,553.93,Month-to-Month,41,8,51703,2,0.665,24,1
c93c493c,Manufacturing,5,1128.24,1 Year,24,1,121668,4,0.639,5,0
2f252e08,Finance,273,2932.84,2 Year,44,123,373,1,0.701,18,0
b07eb4a3,Technology,5,50.0,Month-to-Month,18,2,27816,5,0.598,1,0
eb5c015b,E-commerce,132,1668.3,1 Year,12,51,41781,0,0.635,11,0
1939235a,E-commerce,57,50.0,1 Year,62,18,107,2,0.397,4,0
841cc428,Finance,1307,13093.21,Month-to-Month,1,481,48963,3,0.276,7,0
bc051b0f,E-commerce,243,3426.98,1 Year,47,32,95169,1,0.376,13,0
d80c0366,Finance,25,328.87,1 Year,7,12,2823,1,0.263,8,0
67411ed2,Healthcare,19,243.89,1 Year,46,8,81539,1,0.645,13,0
e30b073c,Finance,520,5210.32,Month-to-Month,4,198,189778,3,0.788,0,0
82da90eb,Healthcare,5,50.0,Month-to-Month,21,1,126466,1,0.41,5,0
5594428b,Manufacturing,72,877.25,2 Year,53,36,38502,1,0.802,30,0
fc48b0f6,Manufacturing,44,827.64,1 Year,16,15,98470,0,0.69,14,0
4843229f,Finance,32,154.09,1 Year,33,14,73622,0,0.489,6,0
a06b1eeb,Technology,92,50.0,Month-to-Month,40,36,85095,3,0.53,12,0
c27fc150,Finance,72,952.81,Month-to-Month,33,17,25379,1,0.823,0,0
5959e3fc,E-commerce,108,2146.56,2 Year,63,56,32277,1,0.135,3,0
c290d104,Technology,67,481.87,Month-to-Month,15,34,13664,0,0.822,23,1
bc7125eb,Manufacturing,102,284.42,2 Year,5,48,2647,3,0.779,6,0
da727820,E-commerce,62,958.71,Month-to-Month,2,26,45469,1,0.482,30,1
40527d95,Technology,20,1071.92,Month-to-Month,7,5,18522,3,0.581,3,0
46fa9273,Finance,54,804.69,Month-to-Month,4,26,34928,1,0.925,17,1
1c5367f5,Manufacturing,18,1042.35,1 Year,20,11,164427,1,0.338,0,0
0a3a4826,Healthcare,16,556.83,1 Year,5,6,3261,2,0.564,0,0
8f667237,E-commerce,32,673.43,2 Year,1,13,103370,2,0.729,1,0
f9c44ad2,E-commerce,45,191.0,Month-to-Month,1,13,4537,2,0.642,3,0
23a3d449,E-commerce,57,712.7,Month-to-Month,43,10,53004,1,0.61,0,0
ab847409,Healthcare,215,2135.26,1 Year,22,78,21023,2,0.963,2,0
94d55524,Manufacturing,25,218.13,1 Year,11,13,5276,2,0.378,20,0
7ab9c7d1,Finance,73,603.07,Month-to-Month,54,39,70722,1,0.387,24,0
6af69085,E-commerce,65,762.81,Month-to-Month,2,25,59963,0,0.097,1,1
07df48db,Finance,21,50.0,Month-to-Month,95,9,51118,0,0.384,3,0
4ea184b1,Finance,60,1005.86,1 Year,23,16,167452,1,0.467,9,0
83034caa,E-commerce,245,2011.13,Month-to-Month,5,100,1198,3,0.664,10,0
75f61c41,E-commerce,72,594.86,1 Year,28,25,28516,5,0.792,0,0
a990d75a,Finance,76,925.28,Month-to-Month,35,30,41352,6,0.407,24,1
58cccec0,Finance,18,50.0,2 Year,14,6,22135,1,0.571,5,0
7844e158,E-commerce,1046,9476.77,Month-to-Month,48,387,55357,2,0.879,5,0
a00ca413,Technology,20,50.0,Month-to-Month,4,9,114732,1,0.563,0,1
12bab546,Technology,5,50.0,1 Year,8,2,59698,5,0.704,7,0
0ac36aad,Healthcare,198,2336.16,1 Year,3,75,42125,2,0.824,8,0
0ce22589,Finance,45,50.0,Month-to-Month,6,24,66940,4,0.414,6,0
1161b880,Healthcare,34,1082.58,2 Year,7,9,5805,1,0.373,21,0
a3bc786b,Healthcare,24,237.1,1 Year,60,9,49711,1,0.924,1,0
c20916d9,E-commerce,904,9069.59,Month-to-Month,2,244,26148,1,0.716,2,0
76848857,E-commerce,92,50.0,1 Year,14,33,19194,3,0.335,4,0
e08136d0,Finance,124,1312.43,1 Year,19,58,35373,1,0.389,9,0
cbdbeb2b,Finance,69,649.91,1 Year,55,35,81669,0,0.56,5,0
8aad83e7,Healthcare,81,160.46,2 Year,120,26,26599,5,0.879,19,0
425cb1a9,Technology,444,4483.63,1 Year,34,197,60608,1,0.796,2,0
2ce5aa90,Manufacturing,37,171.04,Month-to-Month,85,19,44445,2,0.813,2,0
2b7d0f4e,Healthcare,6,50.0,1 Year,38,3,123939,0,0.513,22,0
74e09065,Finance,200,2012.94,1 Year,80,85,29425,8,0.598,6,0
bdf0b145,Technology,115,914.27,1 Year,30,39,85717,4,0.44,10,0
42dd70e4,Manufacturing,64,763.23,Month-to-Month,2,21,92250,2,0.517,4,0
14bd0831,E-commerce,110,1056.72,2 Year,13,34,31197,1,0.375,4,0
3de36bd8,Healthcare,31,546.38,1 Year,25,12,33529,3,0.426,1,0
abaecec1,Healthcare,56,295.66,1 Year,11,17,20279,3,0.455,21,0
79f9c275,E-commerce,44,50.0,Month-to-Month,8,20,34214,5,0.571,17,0
4f88443f,Finance,22,50.0,1 Year,21,9,14334,2,0.684,7,0
6603b36f,Healthcare,324,3961.33,Month-to-Month,66,135,97690,3,0.933,0,0
7eaba6d9,E-commerce,6,537.98,2 Year,1,1,14378,0,0.527,2,0
bb0d073e,Healthcare,1884,19446.69,Month-to-Month,36,758,14894,5,0.718,2,0
b35b2590,Technology,203,2671.36,1 Year,31,71,113004,1,0.564,7,0
815d7d84,Finance,5,50.0,Month-to-Month,80,3,37981,4,0.793,1,0
a5c787e1,Healthcare,39,537.91,1 Year,65,10,5554,1,0.349,5,0
57e47a30,E-commerce,42,457.92,1 Year,35,15,21211,0,0.493,2,0
de614d9e,Finance,98,1309.77,Month-to-Month,18,42,61104,3,0.733,3,0
90c838e7,Manufacturing,12,50.0,Month-to-Month,6,3,26027,1,0.716,3,0
3e63aa50,E-commerce,57,616.49,2 Year,19,33,27510,0,0.72,2,0
49eab5b1,Finance,45,486.14,1 Year,35,26,34526,4,0.882,3,0
5b09ee71,Technology,18,446.13,Month-to-Month,55,5,12583,2,0.253,1,0
d8e62c19,Finance,14,467.86,2 Year,38,4,27587,3,0.349,14,0
df6ff2d4,Manufacturing,216,2206.84,1 Year,6,132,12125,2,0.712,36,0
1553b925,Finance,5,112.0,Month-to-Month,22,2,21596,2,0.763,15,1
3ce521d9,E-commerce,111,1222.95,1 Year,10,40,38003,4,0.731,4,0
2285e623,Healthcare,180,2623.28,Month-to-Month,1,79,59163,2,1.0,14,0
b1c453f0,E-commerce,39,50.0,Month-to-Month,6,10,50245,0,0.417,0,0
3e973a87,Technology,59,105.16,2 Year,3,36,42845,2,0.674,4,0
53954de6,Technology,312,3456.84,Month-to-Month,45,127,45259,1,0.586,5,0
5c240a14,Finance,18,314.89,Month-to-Month,8,8,35762,2,0.724,0,0
bc074e83,Finance,22,351.37,1 Year,9,6,47675,1,0.675,29,0
2b98e80d,Technology,25,583.75,2 Year,78,7,23541,3,0.496,6,0
8775dfce,Manufacturing,313,3237.0,Month-to-Month,12,139,114853,2,0.678,44,1
e5d2f916,Healthcare,379,3510.36,Month-to-Month,1,224,44648,0,0.617,3,0
b80cf4f3,E-commerce,6,374.4,1 Year,9,2,137907,2,0.626,38,0
7701c80c,Finance,246,2470.44,1 Year,4,74,25924,3,0.827,9,0
1b6075b0,Technology,186,1636.21,2 Year,3,80,25086,1,1.0,5,0
abcb5210,Healthcare,561,5955.18,Month-to-Month,2,316,167648,0,0.217,17,1
6d145d09,Finance,97,1295.52,1 Year,22,32,65292,2,0.858,7,0
30250984,Technology,51,617.38,Month-to-Month,6,19,36567,2,0.728,17,1
a8c6109b,Healthcare,304,3898.56,1 Year,11,147,63382,5,0.452,7,0
e1c7aceb,E-commerce,155,2213.41,Month-to-Month,48,76,25268,4,0.527,5,0
4503e6c0,E-commerce,1583,16330.93,2 Year,14,588,71108,3,0.776,9,0
ecbf88bc,Finance,229,3573.18,Month-to-Month,60,116,11759,3,0.61,14,0
0da4b9d2,Finance,68,606.77,1 Year,17,30,150674,1,0.59,0,0
4b85d5a0,E-commerce,9,50.0,Month-to-Month,13,3,30888,2,0.463,5,0
5b8c35e8,Finance,22,650.18,1 Year,34,10,4875,3,0.448,1,0
f6203b73,E-commerce,6,50.0,1 Year,2,2,93220,2,0.407,29,1
60a17d66,Technology,39,395.96,Month-to-Month,3,11,112385,3,0.498,35,1
4f744404,Technology,219,1697.04,Month-to-Month,26,120,65458,1,0.574,24,0
9c962d8c,Finance,54,843.33,Month-to-Month,17,23,49672,0,0.671,7,0
b11f6bb7,Healthcare,252,1784.5,Month-to-Month,38,135,131846,3,0.435,14,0
3a67db80,Finance,90,851.78,Month-to-Month,60,36,48650,0,0.751,25,0
a05aa435,Finance,29,282.32,1 Year,12,12,78370,2,0.418,20,0
8cfffa64,E-commerce,62,401.98,1 Year,22,27,31861,1,0.754,7,0
ae1b4eaf,E-commerce,110,221.39,1 Year,17,50,64951,2,0.427,1,0
11ac2f5f,Healthcare,67,50.0,Month-to-Month,96,37,344515,0,1.0,24,0
3f2df4ce,Healthcare,68,306.91,Month-to-Month,43,30,24104,4,0.73,17,0
d7a2ebbb,Finance,17,439.53,1 Year,59,6,63667,1,0.768,5,0
c0862d4b,E-commerce,28,424.46,Month-to-Month,8,14,8060,1,0.566,6,0
306bbb10,Finance,1615,16141.78,Month-to-Month,36,715,50406,1,0.721,45,0
2a89b550,E-commerce,344,2997.71,Month-to-Month,8,239,19495,0,0.35,9,0
29d30926,Finance,5,220.57,Month-to-Month,6,2,100719,1,0.405,1,0
aeca4e5a,Technology,5,50.0,Month-to-Month,70,2,22286,0,0.539,1,0
1640f274,Technology,61,50.0,1 Year,1,29,29452,1,0.904,0,0
c03c7b99,Finance,208,1958.46,Month-to-Month,81,40,196383,0,0.801,8,0
dd1ff56e,Finance,25,50.0,2 Year,4,8,12127,0,0.153,0,0
46a2f727,E-commerce,252,3026.59,2 Year,42,89,41592,1,0.403,16,0
4d89927b,Finance,59,668.99,1 Year,8,14,99666,1,0.583,3,0
08d7a029,E-commerce,42,1245.37,Month-to-Month,11,15,18904,2,0.851,4,0
5290adec,Technology,169,1415.89,Month-to-Month,6,44,769,2,0.649,14,0
563dfb63,E-commerce,24,483.39,Month-to-Month,22,6,113332,1,0.093,1,0
2e585135,Technology,35,223.86,Month-to-Month,11,14,48330,4,0.365,7,0
0558064d,Finance,149,2180.86,2 Year,26,88,13095,1,0.744,4,0
bbf89bce,Finance,52,417.97,Month-to-Month,1,13,16171,4,0.641,1,0
bff0929c,Technology,956,9987.2,1 Year,2,266,80368,1,0.627,3,0
4be8df00,Finance,154,1001.19,1 Year,3,53,51374,2,0.822,9,0
ce41f625,E-commerce,140,1192.39,2 Year,14,53,65950,0,0.531,10,0
f450e4cb,Finance,50,457.98,1 Year,41,12,43045,2,0.74,1,0
d0042625,Healthcare,202,2651.71,1 Year,53,66,78042,2,0.928,27,0
b04aed86,Manufacturing,33,50.0,2 Year,7,10,86037,1,0.645,2,0
1e10864a,Finance,83,663.68,Month-to-Month,21,35,24461,0,0.421,10,0
5ed41954,Manufacturing,13,50.0,Month-to-Month,36,5,115612,1,0.515,3,0
eac8f0b5,Manufacturing,259,1551.51,Month-to-Month,9,99,35180,3,0.419,12,0
0a186dee,Technology,84,607.98,Month-to-Month,13,30,8727,3,0.152,16,1
cfec05a1,E-commerce,1068,9909.67,Month-to-Month,18,351,12325,0,0.442,0,0
ed1d9209,E-commerce,1975,18584.67,Month-to-Month,4,800,66180,2,0.727,15,1
d4678dda,Technology,171,1578.84,Month-to-Month,1,51,23687,0,0.602,1,0
19edeedd,Finance,60,451.93,1 Year,4,33,15220,3,0.872,7,0
a844c444,E-commerce,13,50.0,Month-to-Month,24,3,46414,0,0.629,4,0
c4009a50,E-commerce,212,2246.43,2 Year,2,70,76225,2,0.777,3,0
866335f0,E-commerce,74,300.3,Month-to-Month,6,36,5783,2,0.248,1,0
460d2730,E-commerce,122,2115.43,1 Year,10,43,29812,3,0.512,11,0
13c0d871,Finance,731,7293.35,Month-to-Month,2,341,73804,3,0.546,3,1
562bb3e7,E-commerce,15,793.22,1 Year,6,8,116977,0,0.435,7,0
fc939269,Technology,13,50.0,Month-to-Month,59,6,682,2,0.905,0,0
a297cd91,Finance,38,50.0,Month-to-Month,1,10,53368,2,0.214,9,0
1f041da7,Manufacturing,187,2213.16,2 Year,26,53,45487,4,0.577,11,0
96b2367d,E-commerce,125,1136.72,2 Year,12,47,36463,2,0.827,0,0
8d7ddbf6,Technology,14,50.0,Month-to-Month,27,6,8729,1,0.753,7,0
6a09bdcb,E-commerce,169,770.69,2 Year,22,87,67698,3,0.524,12,0
63c0caba,Technology,9,456.6,Month-to-Month,7,2,24944,4,0.42,1,0
4093f470,Healthcare,15,475.8,Month-to-Month,46,5,13369,1,0.818,0,0
8a0d25f8,Technology,45,571.66,1 Year,17,16,94864,3,0.496,2,0
fca0e38c,Healthcare,23,50.0,Month-to-Month,42,8,18338,2,0.434,4,0
c6a7fca5,Technology,207,1513.45,Month-to-Month,13,113,11058,3,0.8,5,0
05829abd,Manufacturing,83,803.51,Month-to-Month,101,32,18701,2,0.661,0,0
d657205c,Finance,771,7052.34,Month-to-Month,36,320,9986,3,0.53,38,1
04935808,Finance,37,50.0,Month-to-Month,82,18,75090,4,0.665,11,0
4da837f2,Technology,45,1080.63,Month-to-Month,18,25,10048,2,0.689,1,0
cb8013e9,Finance,335,2424.58,2 Year,16,132,63056,1,0.589,15,0
1d20cec4,Technology,47,808.76,Month-to-Month,34,24,8866,3,0.631,3,0
716a21eb,Healthcare,513,5877.1,Month-to-Month,51,298,12828,1,0.167,4,0
4c203bce,Healthcare,122,1628.13,1 Year,80,47,20967,5,0.579,0,0
7f6170c6,Manufacturing,5,249.11,Month-to-Month,10,1,149847,1,0.472,5,0
3d0220c8,E-commerce,319,2958.21,Month-to-Month,39,197,122563,2,0.44,0,0
26d8aaad,Technology,214,1817.06,2 Year,6,109,4447,2,0.463,11,0
139f8924,Finance,227,1145.93,2 Year,19,91,20460,1,0.501,4,0
eec52dfd,E-commerce,5,68.5,Month-to-Month,5,2,21258,3,0.541,3,0
57c19a23,E-commerce,20,50.0,2 Year,11,5,11885,1,0.633,10,0
02b9c528,E-commerce,22,50.0,2 Year,65,11,28601,2,0.453,11,0
88cd369b,E-commerce,15,139.96,1 Year,4,3,68915,5,0.704,10,0
de128761,E-commerce,744,7471.18,1 Year,25,377,5231,4,0.747,15,0
32715c4d,E-commerce,53,212.22,Month-to-Month,22,17,55683,0,0.745,10,0
3029eda5,Finance,51,1316.54,Month-to-Month,4,11,15106,1,0.787,29,1
70444f84,Technology,124,1605.3,1 Year,10,24,51422,3,0.486,8,0
bb8076e3,Finance,128,1728.14,2 Year,20,45,57268,1,0.546,21,0
9b37fed4,E-commerce,5,50.0,1 Year,5,2,65122,2,0.649,32,1
68bc2656,Finance,20,455.62,Month-to-Month,39,5,98919,1,0.515,1,0
7fe9f887,E-commerce,6,50.0,Month-to-Month,86,1,114939,2,0.368,11,0
eba4f96d,Technology,99,1323.13,1 Year,6,34,71174,1,0.5,10,0
b2b7c654,Finance,35,247.8,1 Year,5,16,32802,4,0.927,20,0
c7abe3ca,Healthcare,55,50.0,Month-to-Month,15,27,2259,1,0.451,4,0
ac5e11de,Healthcare,5,50.0,1 Year,34,2,138316,1,0.441,5,0
fddb0c08,E-commerce,34,193.97,1 Year,8,16,45980,3,0.491,0,0
cd6f1e04,Technology,290,4061.53,Month-to-Month,1,135,38239,3,0.711,14,0
ac2364ba,Healthcare,452,4737.7,Month-to-Month,19,161,13688,2,0.67,3,0
f1541b6e,Technology,160,2389.86,Month-to-Month,76,78,57638,1,0.741,26,0
08e67e44,Finance,7,635.64,2 Year,12,1,262295,5,1.0,10,0
5b7d0400,E-commerce,361,3628.89,Month-to-Month,14,161,20026,1,0.764,4,0
5a8eadd9,Manufacturing,161,1388.14,1 Year,84,45,80367,1,0.78,17,0
703ad183,Finance,45,50.0,1 Year,29,18,17203,1,1.0,17,0
90cf4679,E-commerce,5,50.0,Month-to-Month,31,2,33445,0,0.698,1,0
49f5fb84,Healthcare,228,2611.38,Month-to-Month,20,96,11994,3,0.522,7,0
4e9416fc,Healthcare,22,68.93,1 Year,89,8,35952,2,0.539,0,0
cab5155e,Finance,91,1097.91,1 Year,29,38,30744,1,0.811,4,0
d928074a,Healthcare,60,50.0,Month-to-Month,55,27,1984,1,0.35,11,0
a35b2c9b,E-commerce,548,5706.76,Month-to-Month,29,336,24047,2,0.211,4,0
d01240fd,E-commerce,45,998.24,1 Year,32,20,3238,1,0.436,1,0
219fd178,E-commerce,53,50.0,1 Year,9,18,29948,3,0.764,8,0
9380dfb4,Finance,582,6005.78,Month-to-Month,9,220,196031,2,0.719,32,1
2df92fc5,Finance,20,871.77,1 Year,37,6,17334,4,0.568,5,0
38c51130,E-commerce,185,2690.04,2 Year,9,51,36246,5,0.814,25,0
2e603e02,Manufacturing,40,148.25,Month-to-Month,20,6,6974,1,0.722,23,1
e4b9a99f,Healthcare,12,509.97,1 Year,7,4,8360,2,0.669,11,0
bb7d770c,Technology,54,1254.89,1 Year,41,14,21961,3,0.597,0,0
59ce17f9,E-commerce,154,1740.69,Month-to-Month,3,63,33641,1,0.779,10,0
369c25e2,E-commerce,415,4792.54,1 Year,43,144,60434,1,0.751,8,0
4c3ad00c,E-commerce,498,4962.07,2 Year,23,145,30504,5,0.545,8,0
640be9bd,Healthcare,35,547.16,2 Year,5,6,1234,1,0.763,4,0
c5a81e7f,Healthcare,12,50.0,Month-to-Month,19,4,15801,4,0.469,13,0
b02cee48,E-commerce,33,247.7,2 Year,8,7,1254,2,0.647,21,0
34d2f68d,Finance,9,306.86,Month-to-Month,10,4,125016,0,0.68,11,0
c9f35f32,Manufacturing,39,50.0,Month-to-Month,11,16,1473,3,0.533,1,0
662ee973,E-commerce,32,208.21,Month-to-Month,2,12,2543,2,0.627,15,1
ecbb2c0a,Healthcare,162,2000.44,2 Year,103,88,17710,2,0.722,1,0
f6649df3,Technology,5,1076.28,Month-to-Month,1,2,50028,0,0.384,16,1
29b94ed7,Finance,18,50.0,2 Year,27,7,22154,5,0.637,9,0
516f2e30,E-commerce,18,1168.29,Month-to-Month,12,8,3177,0,1.0,4,0
aa5f9629,E-commerce,323,3100.06,1 Year,25,112,90471,3,0.435,8,0
93818731,Manufacturing,10,582.45,Month-to-Month,11,3,60235,2,0.806,17,1
5d6dd46f,Technology,76,1340.55,Month-to-Month,27,30,25239,4,0.581,7,0
d2d2c60e,E-commerce,45,1232.25,2 Year,32,11,56490,2,0.837,6,0
e9f23ae7,E-commerce,261,2246.02,Month-to-Month,29,150,16050,1,0.455,2,0
a44c0b04,Manufacturing,133,1217.36,Month-to-Month,3,55,37524,4,0.601,4,0
53815397,Finance,65,623.2,2 Year,26,24,106225,3,1.0,7,0
4969dbeb,Healthcare,23,51.28,2 Year,8,13,5696,1,0.565,1,0
1e055000,Finance,5,709.38,Month-to-Month,1,1,93831,2,0.727,12,0
b2afc918,Finance,79,751.59,1 Year,13,43,77687,5,0.719,22,0
1aa59634,E-commerce,120,390.73,1 Year,14,57,148895,1,0.194,15,1
8f896550,E-commerce,5,50.0,Month-to-Month,16,2,36054,1,0.689,6,0
35f07828,E-commerce,8,50.0,Month-to-Month,30,3,16073,4,0.352,0,0
bf4a8e6c,Healthcare,79,675.83,Month-to-Month,9,32,21778,2,0.727,6,0
5b7d754f,Technology,90,1236.27,Month-to-Month,10,32,51056,2,0.624,1,0
ab0ff377,Finance,12,50.0,Month-to-Month,2,5,7587,1,0.377,13,1
5253b5fe,E-commerce,23,50.0,Month-to-Month,28,10,21667,0,0.362,1,0
baed5622,E-commerce,5,50.0,Month-to-Month,21,1,64810,2,0.585,1,0
3c6d0513,Finance,430,4370.37,Month-to-Month,11,149,42636,1,1.0,7,0
22191adf,Healthcare,7,328.04,Month-to-Month,30,2,3240,2,0.925,2,0
5699b251,Healthcare,123,1633.63,Month-to-Month,19,45,34343,2,0.672,2,0
ab4e72a5,Technology,51,1637.76,1 Year,16,27,37139,2,0.703,32,0
d3c66d12,Manufacturing,377,3831.75,2 Year,18,181,60333,2,0.72,3,0
9ea19fdc,E-commerce,16,527.9,Month-to-Month,25,7,535,4,0.493,25,1
745ebeae,Healthcare,59,50.0,Month-to-Month,26,24,27966,0,0.461,2,0
59f459ea,E-commerce,5,50.0,1 Year,9,1,108848,5,0.77,22,0
461fdae6,Technology,5,50.0,2 Year,4,2,1273,1,0.48,2,0
4a67769f,Technology,133,821.34,Month-to-Month,5,25,55799,2,0.888,1,0
4b72076c,Healthcare,5,50.0,Month-to-Month,25,2,12627,2,0.329,3,0
f7ccc150,Healthcare,38,326.26,Month-to-Month,50,12,24509,4,0.42,5,0
cb1d64b8,Technology,248,2227.67,1 Year,13,77,107756,3,0.883,2,0
77641fc6,Finance,167,2970.92,2 Year,5,59,22512,3,0.543,9,0
22abdd50,Finance,20,456.14,1 Year,34,7,39422,1,0.575,6,0
a0aabaaf,Healthcare,5,1050.51,1 Year,43,1,4695,1,0.729,7,0
c4788182,E-commerce,117,1916.33,1 Year,52,56,19630,1,0.832,10,0
8e213f73,Technology,408,3760.38,Month-to-Month,23,156,7637,0,0.722,6,0
7e0a7735,Manufacturing,20,218.78,1 Year,48,7,41226,2,0.657,0,0
24c01ce6,E-commerce,16,50.0,Month-to-Month,1,4,30789,1,0.76,4,0
5c72954b,E-commerce,24,159.09,Month-to-Month,3,6,15365,1,0.682,7,0
44b2bbea,Healthcare,128,791.78,Month-to-Month,3,54,394191,4,0.817,1,0
8477ef29,E-commerce,344,3219.23,1 Year,30,159,8318,2,1.0,6,0
92779004,Finance,8,259.76,1 Year,2,2,87286,1,0.701,1,0
84ded053,E-commerce,5,216.56,1 Year,17,2,1820,3,0.428,4,0
7bf9e375,Finance,1826,18386.7,Month-to-Month,16,473,93812,2,0.808,18,1
43a8f4a3,Finance,41,380.16,Month-to-Month,9,18,32408,5,0.571,0,0
ef54fe30,Healthcare,79,1220.37,Month-to-Month,50,24,88068,1,0.667,0,0
78ccd695,Finance,19,61.48,Month-to-Month,5,5,68755,2,0.673,5,0
6cd0cbad,Healthcare,113,1825.78,Month-to-Month,11,36,42505,1,0.484,24,1
d901153c,Finance,230,1376.2,Month-to-Month,36,90,23226,0,0.526,9,0
bd878a4e,Manufacturing,85,1178.41,1 Year,1,37,54757,4,0.138,11,0
989c5ae2,E-commerce,743,7674.19,1 Year,27,324,89352,0,0.58,8,0
676987fb,E-commerce,33,50.0,Month-to-Month,41,12,34989,5,0.712,14,0
62e43364,Technology,36,182.38,1 Year,65,16,26795,6,0.603,5,0
9ed1e973,Manufacturing,77,1002.4,Month-to-Month,51,43,7709,2,0.508,13,0
09256ec1,E-commerce,109,1547.97,Month-to-Month,10,42,113287,0,0.675,27,0
3e99a256,Technology,76,50.0,2 Year,22,31,15551,0,0.411,4,0
775427aa,Finance,7,384.12,1 Year,2,2,6592,3,0.388,5,0
484d27ca,Finance,87,641.17,Month-to-Month,8,31,3425,2,0.705,1,0
b3d73392,E-commerce,31,872.64,2 Year,3,16,69471,3,0.716,1,0
0e47bf62,E-commerce,22,50.0,1 Year,10,11,56195,3,0.702,13,0
03cd97e4,E-commerce,57,1792.65,Month-to-Month,50,21,6417,0,0.54,8,0
ae64fe41,Finance,12,50.0,1 Year,11,5,37766,0,0.819,12,0
4f63488b,Healthcare,9,804.98,Month-to-Month,20,4,8284,1,0.375,1,0
b8e76471,E-commerce,5,50.0,1 Year,14,1,24190,2,0.541,14,0
4710536b,Healthcare,750,7090.67,1 Year,15,202,76362,1,0.75,3,0
3a64d4ad,E-commerce,125,1382.56,2 Year,84,58,12927,0,0.772,9,0
2be39882,E-commerce,45,964.56,Month-to-Month,9,22,1405,2,0.446,18,1
9f1a1182,Technology,20,50.0,Month-to-Month,24,9,10742,1,1.0,9,0
fa49fb78,Technology,5,400.79,2 Year,14,1,25582,4,0.574,1,0
6e498e1c,Technology,18,173.91,Month-to-Month,2,9,13832,2,0.618,6,0
dff2e4e5,E-commerce,159,1878.52,2 Year,17,68,64046,1,0.796,2,0
f8c92c58,Technology,224,2245.49,Month-to-Month,41,63,77837,1,0.91,8,0
fab2b315,E-commerce,143,1144.07,Month-to-Month,3,34,13754,2,0.612,0,0
caf6eeb6,Finance,69,133.44,Month-to-Month,2,25,15641,2,0.835,40,0
18cab4c0,Healthcare,385,4186.32,1 Year,5,162,41057,3,0.509,9,0
f8e72f11,Finance,33,663.64,Month-to-Month,35,12,69820,1,0.934,4,0
0b001e52,E-commerce,278,3111.14,Month-to-Month,31,166,160161,3,0.608,4,0
1a4ae6c8,E-commerce,30,513.8,Month-to-Month,20,13,17873,5,0.663,8,0
7d356c9d,Technology,14,612.35,Month-to-Month,16,4,120995,0,0.531,11,0
93b5aab1,Finance,12,823.03,1 Year,53,2,10029,2,0.643,2,0
5649a92a,Healthcare,11,50.0,Month-to-Month,35,4,2096,0,0.454,8,0
f285154c,Manufacturing,146,289.1,Month-to-Month,41,72,78629,1,0.588,19,1
f2cb8fbc,Healthcare,17,1028.97,Month-to-Month,41,9,32563,2,0.603,16,0
73d41423,E-commerce,11,50.0,1 Year,25,4,3998,3,0.389,2,0
f52a24de,E-commerce,159,1046.88,Month-to-Month,15,90,3688,0,0.486,4,0
6d5a6669,E-commerce,89,746.19,Month-to-Month,49,23,685,4,0.18,15,0
4261eb54,Healthcare,231,1483.01,Month-to-Month,63,84,18287,2,0.352,3,0
0cb45fc3,Healthcare,117,979.21,Month-to-Month,1,34,66469,2,0.597,14,1
4b882b43,Healthcare,17,50.0,2 Year,2,8,54728,2,0.792,12,0
5ea373aa,E-commerce,61,493.33,2 Year,77,16,400487,1,0.529,2,0
e63df139,E-commerce,65,789.92,Month-to-Month,8,28,45061,2,0.594,11,0
56f9673d,Finance,13,50.0,1 Year,50,3,5853,2,0.832,18,0
e48f777b,E-commerce,10,50.0,1 Year,12,5,191986,1,0.767,23,0
c6bbc42b,Technology,19,319.0,2 Year,4,6,59040,4,0.764,2,0
a4408ac7,Healthcare,1158,12102.15,2 Year,3,506,23423,2,0.624,57,0
b28da616,E-commerce,29,1091.48,Month-to-Month,5,6,14184,1,0.502,6,0
bed3c99a,E-commerce,346,3350.73,2 Year,7,86,12562,2,0.679,2,0
e8aed7c6,Finance,27,1182.44,2 Year,17,8,156443,1,0.857,12,0
2b0e27fd,Finance,207,2508.35,1 Year,30,100,27186,1,0.961,12,0
c4c142ae,E-commerce,211,1494.0,1 Year,104,98,33355,3,1.0,9,0
8b151d87,Technology,227,1639.4,1 Year,14,115,90639,0,0.906,1,0
a12a284a,Technology,97,681.36,Month-to-Month,18,24,166023,1,0.609,0,0
e8204ed1,E-commerce,430,5022.3,1 Year,18,193,220,1,0.36,13,0
4d4ec953,Technology,96,709.32,1 Year,19,33,231489,6,0.72,4,0
4db9af97,Finance,713,6183.82,Month-to-Month,18,227,3923,2,0.819,1,0
53ae6abd,E-commerce,5,50.0,2 Year,1,1,90649,4,0.089,26,0
a3274adb,E-commerce,92,50.0,2 Year,1,35,150106,2,0.304,26,1
2dd4ace2,Finance,83,302.51,Month-to-Month,3,38,41175,3,0.509,10,1
452998f9,Technology,13,50.0,1 Year,3,6,40116,2,0.446,2,0
4fd7252d,E-commerce,130,1374.83,Month-to-Month,30,58,55283,4,0.278,41,1
084bb652,Finance,5,562.08,1 Year,6,2,21757,1,0.676,2,0
02f2a2df,Manufacturing,20,547.07,Month-to-Month,55,11,9064,3,0.848,0,0
0ade5dc2,Healthcare,5,50.0,1 Year,64,2,3436,2,0.562,22,0
078b4c45,Finance,565,5464.14,Month-to-Month,90,213,106474,1,0.268,2,0
11234341,Healthcare,38,418.19,2 Year,68,17,39629,7,0.641,9,0
1e719641,Technology,1408,13948.9,1 Year,8,803,59220,2,0.378,2,0
2955b3c7,Technology,182,1685.35,Month-to-Month,18,56,20177,1,0.398,5,0
dce1eb99,Finance,106,198.63,1 Year,5,37,82255,1,0.792,5,0
d50900f7,E-commerce,22,50.0,2 Year,40,11,21533,1,0.84,4,0
10c100c0,Finance,11,50.0,Month-to-Month,53,4,1510,0,0.542,3,0
8984af7e,Technology,119,50.0,Month-to-Month,46,56,20541,2,0.746,0,0
a1e3e097,E-commerce,49,810.32,2 Year,14,25,94964,2,0.385,2,0
fd56e512,E-commerce,7,50.0,1 Year,35,1,104328,4,0.706,51,0
7b47e2f7,Manufacturing,5,393.42,2 Year,3,1,136452,4,0.523,0,0
017725b3,Finance,12,419.46,Month-to-Month,1,6,34605,2,0.335,0,1
b767b129,Healthcare,838,8108.15,2 Year,34,324,156857,1,0.419,0,0
ec8e3c34,E-commerce,1510,15600.27,1 Year,14,299,34575,3,0.682,7,0
2468de7c,Manufacturing,74,1111.6,2 Year,120,25,8356,1,0.304,0,0
213769ab,Finance,68,525.52,1 Year,3,32,34861,3,0.544,7,0
475322b9,Healthcare,32,109.12,Month-to-Month,47,16,101480,5,0.814,3,0
9474234c,Finance,13,678.62,1 Year,16,5,77016,2,0.501,21,0
7d32558c,E-commerce,429,4406.01,Month-to-Month,43,192,28462,1,0.292,4,0
6d55b5ec,Finance,907,9592.35,1 Year,41,329,11947,5,0.545,17,0
29d09eeb,E-commerce,14,50.0,1 Year,60,6,43508,1,0.736,12,0
392f7d43,Manufacturing,48,529.24,1 Year,9,26,133846,5,0.34,34,0
ea506a32,E-commerce,27,50.0,Month-to-Month,72,12,9769,2,0.837,5,0
8d4c0e16,Finance,29,277.11,1 Year,4,11,87734,0,0.753,30,0
331e49ca,E-commerce,323,3586.91,Month-to-Month,3,143,7968,2,0.67,10,1
074bef16,Healthcare,7,939.57,Month-to-Month,14,3,126037,1,0.715,4,0
ecb0265c,Technology,109,620.92,Month-to-Month,43,43,59087,1,0.625,6,0
40ebae51,E-commerce,162,1357.15,1 Year,16,77,5780,3,0.667,13,0
72dcabc0,Finance,44,392.23,2 Year,43,19,11308,4,0.614,21,0
f6ca19eb,E-commerce,208,1592.73,1 Year,32,112,130811,2,0.777,5,0
d8f151d3,E-commerce,68,1169.28,2 Year,6,31,35419,2,0.859,28,0
844561ce,E-commerce,338,3344.95,Month-to-Month,72,118,30210,0,0.436,6,0
0e806094,Healthcare,5,110.98,2 Year,2,2,3001,0,0.46,14,0
d936c7d0,Technology,32,630.09,2 Year,55,14,4389,1,0.522,23,0
1ca33ba3,Manufacturing,49,454.14,1 Year,9,18,58825,0,0.478,2,0
98f5019a,E-commerce,5,50.0,Month-to-Month,17,1,75014,2,0.827,2,0
5b1cae43,Manufacturing,10,68.49,Month-to-Month,14,4,100872,2,0.3,11,0
c1baf55f,Finance,16,50.0,Month-to-Month,5,9,34939,2,0.709,10,0
6216f169,E-commerce,226,2313.99,1 Year,11,28,19917,4,0.877,17,0
9aedec59,E-commerce,18,678.47,Month-to-Month,6,2,49111,2,0.484,7,0
d0a9c5c6,E-commerce,16,50.0,Month-to-Month,6,7,48232,1,0.894,12,0
718fe8df,E-commerce,186,1093.81,Month-to-Month,5,78,1764,2,0.831,1,0
0e1ea6b0,Finance,5,74.62,Month-to-Month,17,2,139682,1,0.53,7,0
8bc7821f,Healthcare,5,50.0,Month-to-Month,39,1,51439,2,0.764,0,0
8e42aa51,Finance,31,325.87,Month-to-Month,21,5,324,0,0.435,11,0
d84680a5,Finance,6,220.2,1 Year,54,1,160488,2,0.38,35,0
8ad06024,Technology,6,50.0,Month-to-Month,25,3,152510,3,0.507,1,0
8088814a,Finance,129,1634.92,1 Year,29,45,145864,1,0.87,1,0
f574c5a5,Healthcare,203,1445.17,1 Year,27,72,109865,2,0.508,6,0
58ab7b43,E-commerce,178,1768.83,Month-to-Month,15,24,10206,2,0.608,5,0
88f6ee89,E-commerce,288,2550.31,Month-to-Month,29,63,188990,4,0.399,5,0
9398e3cb,Technology,351,3234.02,1 Year,2,179,71760,0,0.773,3,0
b8510030,E-commerce,5,896.98,2 Year,48,1,51187,1,0.766,1,0
922f80a7,Finance,107,1229.63,Month-to-Month,37,53,142947,4,0.459,25,0
ddd18f3d,Technology,24,692.34,1 Year,7,7,23989,3,0.137,4,0
fcd7c3a8,E-commerce,17,245.47,1 Year,36,4,133950,2,0.528,5,0
4751384a,Healthcare,126,1570.01,2 Year,1,47,46530,2,0.689,5,0
ba3fa1dd,E-commerce,5,258.69,2 Year,6,1,43291,5,0.597,1,0
a66534be,Manufacturing,5,177.23,Month-to-Month,2,1,51916,2,0.616,2,1
14b0d3b1,Finance,141,1963.58,Month-to-Month,37,45,70153,3,0.67,0,0
890252fe,Finance,113,1208.25,1 Year,34,43,29432,0,0.498,6,0
b7d985bf,Healthcare,67,1812.57,Month-to-Month,41,23,197135,1,0.349,8,0
9c8f7b69,Finance,14,620.27,Month-to-Month,1,4,4634,1,0.748,2,0
9e30a1b7,E-commerce,166,1090.23,1 Year,17,96,122568,2,0.423,5,0
9a0eb9aa,E-commerce,151,1421.73,1 Year,30,67,53562,2,0.36,11,0
cff91fdc,Healthcare,62,818.54,1 Year,5,25,120350,2,0.7,3,0
9d533c80,Manufacturing,9,112.25,Month-to-Month,26,3,23003,1,0.379,4,0
feed6ced,Technology,28,623.44,2 Year,3,13,88304,1,0.436,12,0
05ea1e62,E-commerce,191,2308.51,Month-to-Month,5,86,47854,0,0.916,9,0
6febe51a,Technology,399,3310.21,Month-to-Month,16,118,88925,3,0.918,7,0
b717cc2e,Healthcare,33,970.54,1 Year,26,8,19653,4,0.838,20,0
3700c260,E-commerce,37,121.59,2 Year,4,6,124627,0,0.752,0,0
443bb00c,E-commerce,42,122.05,1 Year,5,24,129009,4,0.831,7,0
d78c38da,Technology,82,520.44,1 Year,6,29,32201,1,0.993,12,0
f6e939e8,Technology,22,624.29,1 Year,7,10,25567,1,0.819,3,0
833bbf53,Finance,5,50.0,Month-to-Month,7,2,42806,3,0.65,3,0
3fb94ae1,Manufacturing,326,2928.22,1 Year,13,160,11168,0,0.775,6,0
0149ed99,Healthcare,805,7838.02,Month-to-Month,26,316,34279,2,0.507,4,0
7638942c,Technology,21,50.0,2 Year,14,5,113564,1,0.629,5,0
12a2821b,Manufacturing,11,50.0,Month-to-Month,36,3,22720,4,0.638,11,0
42280357,Finance,44,50.0,Month-to-Month,31,16,66599,1,0.572,4,0
99d3678b,Technology,41,275.42,1 Year,4,9,48791,2,0.537,0,0
94b09889,Healthcare,243,2762.1,Month-to-Month,2,76,15149,1,0.858,0,1
a3478970,E-commerce,59,866.94,Month-to-Month,51,16,37939,3,0.409,7,0
35fba592,E-commerce,16,788.38,Month-to-Month,2,5,95727,1,0.63,27,1
a99fa33a,E-commerce,7,586.99,Month-to-Month,4,2,40474,3,0.342,3,0
27168987,Manufacturing,200,1735.7,2 Year,1,82,59675,1,0.198,0,0
384af8d5,E-commerce,134,1349.54,Month-to-Month,24,65,74669,4,0.839,16,0
8691fe0b,E-commerce,267,2653.72,1 Year,21,100,2533,4,0.857,14,0
9d812458,Technology,12,50.0,1 Year,105,2,2630,1,0.503,20,0
50c8bdb2,Manufacturing,860,7991.37,1 Year,53,167,6106,5,0.61,6,0
199fe381,Healthcare,5,50.0,1 Year,13,2,8896,6,0.542,0,0
68b0aeb2,Manufacturing,158,1493.55,1 Year,12,52,83417,1,0.542,1,0
533150d7,Healthcare,5,306.16,Month-to-Month,9,1,28598,1,0.502,32,1
460335af,Technology,16,391.82,1 Year,4,6,10244,3,0.692,19,1
a3043fe4,Finance,567,4784.65,Month-to-Month,4,308,37943,1,0.524,9,1
2a86a339,Healthcare,190,2159.3,1 Year,4,42,72056,3,0.683,0,0
c0381b45,E-commerce,24,329.29,Month-to-Month,3,7,7544,5,0.934,0,1
73c093e2,E-commerce,25,561.69,Month-to-Month,7,9,21110,2,0.678,2,0
521cbcb5,Finance,63,1163.43,1 Year,9,18,10806,5,0.625,10,0
8b8973a9,Healthcare,118,1108.56,Month-to-Month,79,29,51975,4,0.486,36,0
cdf35849,E-commerce,356,4182.79,2 Year,21,189,7357,3,0.597,8,0
7d3e4530,Manufacturing,27,50.0,Month-to-Month,106,7,75956,1,0.266,18,1
45a63420,Finance,5,50.0,2 Year,12,1,11648,1,0.908,14,0
57a85e89,Finance,69,904.39,Month-to-Month,15,19,3019,1,0.408,3,1
b08adcf9,E-commerce,27,85.62,Month-to-Month,10,13,120882,2,0.216,8,0
1a7e8d97,Healthcare,7,200.82,Month-to-Month,5,2,20264,2,0.579,12,1
164c1dd2,Technology,85,1846.49,Month-to-Month,4,22,34932,1,0.671,3,0
6afec921,Technology,39,586.75,Month-to-Month,70,12,5323,0,0.865,9,0
0087bbd0,E-commerce,86,966.08,Month-to-Month,104,33,32644,0,0.649,1,0
cb725800,Finance,14,50.0,Month-to-Month,2,6,12587,2,0.785,16,1
241a7a87,Technology,113,280.01,Month-to-Month,4,54,91747,2,0.786,3,0
779cb254,E-commerce,7,50.0,Month-to-Month,14,2,62545,1,0.766,3,0
61ae64d5,Technology,15,683.44,Month-to-Month,5,5,54429,2,0.373,13,1
7d307806,E-commerce,37,208.53,1 Year,11,22,75993,1,0.702,15,0
57af7bb1,Technology,744,7640.73,Month-to-Month,4,371,17387,1,0.323,13,0
277ba482,E-commerce,177,2483.25,2 Year,15,66,30224,2,0.999,4,0
3683e15e,E-commerce,274,3440.76,1 Year,8,46,4527,2,0.74,25,0
6bbfb968,Manufacturing,457,4784.41,1 Year,11,161,3509,2,0.475,9,0
be8bc26d,E-commerce,10000,100000.0,Month-to-Month,3,2673,19956,3,0.675,4,0
b20be4da,E-commerce,58,50.0,1 Year,14,18,86508,0,0.398,4,0
44ccdf13,Finance,459,4274.9,Month-to-Month,99,139,45523,2,0.289,0,0
cae67292,E-commerce,249,2349.62,2 Year,10,93,27626,2,0.775,1,0
d233a84f,E-commerce,243,2003.83,2 Year,51,98,170547,1,0.404,10,0
914b21c3,Finance,781,7934.23,1 Year,45,255,29185,4,0.564,3,0
722fb2b2,Healthcare,29,1245.82,1 Year,73,7,31638,0,0.641,2,0
02cf3316,E-commerce,25,1008.88,1 Year,38,9,244840,3,0.564,0,0
981c2f3f,Technology,88,1001.94,Month-to-Month,26,30,7041,1,0.394,18,1
81b3107b,E-commerce,41,799.72,1 Year,47,8,14759,1,0.612,3,0
6938d666,Finance,88,515.7,Month-to-Month,2,40,30193,1,0.63,3,0
d306fcbe,E-commerce,569,6422.04,1 Year,15,186,42348,3,0.774,51,0
7cc329e3,Healthcare,26,50.0,Month-to-Month,109,9,8013,4,1.0,6,0
9b03695f,E-commerce,34,796.41,Month-to-Month,36,12,19936,1,0.205,7,0
0251d71e,Finance,70,947.79,1 Year,79,27,12439,0,0.44,0,0
d2fc39cf,Finance,38,50.0,Month-to-Month,37,15,94821,3,0.645,7,0
bcc0e36c,Finance,5,50.0,1 Year,50,1,89975,1,0.802,5,0
77424e7a,Finance,22,50.0,1 Year,30,9,13711,0,0.669,20,0
de2b258b,Healthcare,153,984.18,2 Year,35,55,28539,3,0.825,7,0
4bf8a6b7,Finance,471,3914.47,Month-to-Month,18,239,52726,1,0.304,20,1
3c96e96a,E-commerce,9,473.76,1 Year,62,4,2468,1,0.536,14,0
42ea4786,E-commerce,9,692.67,2 Year,42,4,107539,1,0.892,0,0
586d34aa,Finance,57,50.0,Month-to-Month,45,17,35772,4,0.428,36,0
ca6407d3,Technology,5,969.15,1 Year,27,2,12843,1,0.02,0,0
be32353b,Healthcare,28,274.0,Month-to-Month,9,11,25271,2,0.437,0,0
d96ebdf7,E-commerce,5,194.93,Month-to-Month,1,2,115971,3,0.687,3,0
45153e86,Healthcare,425,3513.79,Month-to-Month,66,198,1254,3,0.586,5,0
b4f75dd4,Healthcare,17,830.41,1 Year,22,7,7703,4,0.343,2,0
fb366d0d,E-commerce,651,6610.13,Month-to-Month,9,189,10705,2,0.456,6,0
205b096b,E-commerce,290,3469.41,Month-to-Month,4,143,3099,2,0.334,34,1
6665b1f9,Technology,20,810.43,Month-to-Month,43,8,12761,2,0.357,8,0
ba500056,E-commerce,10,767.44,Month-to-Month,44,2,84956,1,0.424,1,0
a51b6f16,Manufacturing,40,75.86,1 Year,41,14,37441,1,0.621,24,0
fe0c3176,Healthcare,46,356.02,Month-to-Month,25,12,46498,3,0.122,1,0
beb3ea43,Healthcare,91,604.15,Month-to-Month,11,23,8473,2,0.873,6,0
50bca5c1,Healthcare,17,617.55,Month-to-Month,9,8,16308,3,0.579,6,0
77362964,Finance,167,1836.44,1 Year,1,42,124740,1,0.379,13,0
fa55e6b4,E-commerce,81,1344.57,2 Year,44,21,11813,1,0.405,11,0
a08630aa,E-commerce,32,876.37,1 Year,3,19,118620,6,0.473,9,1
6c6f4433,Healthcare,18,50.0,2 Year,24,6,54415,1,0.601,10,0
7692428a,Manufacturing,41,1085.39,Month-to-Month,17,19,34935,1,0.63,14,0
23bdc31b,Technology,16,635.43,1 Year,18,8,9554,2,0.561,1,0
bd5cbb73,Finance,59,405.39,1 Year,63,28,55981,2,0.449,37,0
680cefa9,Healthcare,62,794.9,1 Year,1,25,108752,2,0.598,7,0
ce8659df,Finance,80,738.17,2 Year,36,31,8704,2,0.185,12,0
5cfcc01b,Healthcare,772,8028.03,Month-to-Month,2,350,309,3,0.357,8,1
b1212147,Healthcare,44,254.3,Month-to-Month,1,16,67365,3,0.465,20,1
33031117,E-commerce,246,2699.46,2 Year,14,115,45872,1,0.332,8,0
fba78167,Finance,77,803.65,Month-to-Month,2,28,34967,1,0.556,1,0
8364d061,Finance,38,163.9,Month-to-Month,38,14,30444,1,0.332,20,1
8e0dc3a3,Manufacturing,45,545.07,Month-to-Month,19,26,34417,2,0.943,1,0
df244b83,E-commerce,49,1843.23,Month-to-Month,1,17,23466,0,0.308,7,0
1f81bf4b,Manufacturing,83,487.23,Month-to-Month,1,33,4295,2,0.902,2,0
99ede95a,Healthcare,12,50.0,2 Year,23,5,74743,3,0.199,1,0
2b0f52f2,Finance,6,50.0,Month-to-Month,40,2,31539,4,1.0,1,0
8f414b03,E-commerce,145,1168.39,1 Year,14,62,87135,4,0.717,20,0
1dfac2c9,Healthcare,210,2507.89,Month-to-Month,20,57,201486,3,0.758,4,0
b10359e4,Healthcare,167,2027.94,Month-to-Month,39,69,9422,2,0.327,4,0
f388d146,E-commerce,68,677.07,Month-to-Month,23,28,78868,0,0.535,11,0
748853c9,E-commerce,172,2233.15,1 Year,7,88,189752,1,0.549,17,0
1e92ed61,E-commerce,159,1986.72,Month-to-Month,23,75,64446,3,0.58,17,0
481ce726,E-commerce,177,1688.83,1 Year,24,92,14116,2,0.855,10,0
32b06835,E-commerce,15,50.0,1 Year,32,4,113402,5,0.738,12,0
ee19c860,Healthcare,10,514.89,Month-to-Month,24,3,78805,1,0.567,9,0
6b5a66a3,Finance,30,384.83,Month-to-Month,84,12,29829,4,0.8,17,0
a0284f57,Finance,53,541.11,Month-to-Month,6,27,42497,6,0.837,4,0
531746ca,Healthcare,37,136.98,1 Year,73,14,63992,3,0.486,2,0
3af777a1,Manufacturing,5,422.32,2 Year,19,1,6649,2,0.481,2,0
5fd6db54,E-commerce,722,7394.25,1 Year,27,173,130853,2,1.0,9,0
828fe9d5,Technology,36,241.59,Month-to-Month,3,15,218878,0,0.552,2,0
0537df2f,Finance,70,87.27,2 Year,12,27,20063,0,0.471,1,0
2c2d4616,Finance,353,4063.96,Month-to-Month,36,125,62778,1,0.569,33,1
aa708714,Finance,5,352.45,Month-to-Month,30,2,27348,2,0.815,4,0
700be788,Healthcare,25,377.7,1 Year,1,9,1406,2,0.744,22,0
d36d5cbc,Finance,30,50.0,Month-to-Month,19,12,159365,0,0.575,12,0
4db260e1,Technology,32,301.05,2 Year,3,15,7676,0,0.722,4,0
d630e88c,E-commerce,42,299.4,Month-to-Month,120,26,3895,3,0.65,1,0
24bd7a24,E-commerce,478,4470.75,Month-to-Month,55,169,90758,1,0.572,18,1
9352a3ce,E-commerce,149,1867.12,Month-to-Month,1,46,1722,1,0.54,22,1
f878fc57,Manufacturing,229,2647.43,1 Year,47,68,58219,1,0.63,2,0
9f31c39d,Healthcare,58,798.41,1 Year,61,25,133017,0,0.517,9,0
8fc5851a,Finance,6,578.95,2 Year,11,1,26059,4,0.614,8,0
0f450335,Finance,5,50.0,1 Year,31,1,3539,2,0.59,26,0
e6a9c1ff,Technology,5,50.0,1 Year,15,1,12313,3,0.31,10,0
b3c6af1d,Manufacturing,93,967.4,Month-to-Month,26,51,148138,4,0.494,3,0
69a6ed0f,Finance,57,259.0,Month-to-Month,10,29,31310,2,0.548,12,0
12a48dff,Technology,39,753.58,1 Year,10,9,38974,2,0.972,7,0
28216c8d,Technology,31,50.0,2 Year,14,17,8483,4,0.568,4,0
9375fc79,Finance,1116,11809.19,1 Year,4,310,125062,3,0.655,9,0
3361947c,Finance,15,50.0,Month-to-Month,43,6,36400,2,1.0,32,0
918c0cb0,E-commerce,219,3255.99,1 Year,11,69,37630,1,0.284,17,0
dcf6061e,Manufacturing,54,1554.65,Month-to-Month,13,19,42906,3,0.293,13,0
942eba4c,Finance,49,442.62,Month-to-Month,54,14,72916,2,0.444,0,0
d61d4d11,Technology,318,3753.09,1 Year,17,180,11342,4,0.533,1,0
95edfea9,Finance,489,4689.79,1 Year,19,188,142650,2,0.554,9,0
f1eca3d4,Technology,38,886.64,Month-to-Month,76,16,9643,1,0.498,0,0
087a8b52,E-commerce,181,1722.01,1 Year,53,52,10995,1,0.353,10,0
7776bf23,E-commerce,94,297.28,Month-to-Month,5,24,624,1,0.795,3,0
74d96823,Technology,55,50.0,Month-to-Month,16,19,994,4,0.509,1,0
518e98ba,Technology,74,605.64,1 Year,86,33,28004,1,0.837,0,0
6f741961,Technology,19,329.53,Month-to-Month,12,7,10104,2,0.397,2,0
94e403b5,Healthcare,34,1005.16,1 Year,12,16,11906,0,0.992,11,0
a99ddf68,E-commerce,22,238.31,1 Year,6,9,220844,1,0.267,5,0
f6ba2af1,Healthcare,211,2611.46,2 Year,3,84,132475,1,0.597,0,0
e77ccfb5,E-commerce,47,243.03,2 Year,33,21,19463,3,0.4,0,0
878ca3ce,E-commerce,7,50.0,Month-to-Month,36,2,21015,3,0.607,8,0
be5712b5,E-commerce,18,707.02,Month-to-Month,84,8,17272,3,0.404,18,0
a7369b48,E-commerce,5,50.0,1 Year,36,2,106951,2,0.171,9,0
21c876bf,Manufacturing,26,266.49,Month-to-Month,7,12,5172,3,0.444,4,0
e69f510d,Healthcare,57,370.02,1 Year,1,26,43863,2,0.919,5,0
f62524f4,E-commerce,44,1120.31,Month-to-Month,102,23,10308,1,0.4,5,0
f5743ddb,Finance,1064,10375.88,1 Year,10,513,70972,2,0.702,22,0
39a2bd94,Healthcare,129,1548.29,Month-to-Month,9,74,49896,3,0.601,1,0
38da618c,Finance,120,1660.76,Month-to-Month,57,41,24538,2,0.509,4,0
f7636ea2,Manufacturing,5,50.0,2 Year,22,2,5163,1,1.0,3,0
d0f12313,Technology,31,240.31,Month-to-Month,6,8,72923,2,0.537,8,0
faaaf47a,Manufacturing,26,50.0,1 Year,53,12,4008,2,0.634,11,0
6b5d0671,Manufacturing,16,633.15,1 Year,120,6,15992,2,0.617,7,0
5efe1eb6,Finance,16,497.54,Month-to-Month,3,7,14627,2,0.915,47,1
2aa0422a,Finance,5,50.0,1 Year,48,2,43199,2,0.3,2,0
118f1753,E-commerce,8,50.0,Month-to-Month,12,3,36049,0,1.0,0,0
d078a147,E-commerce,202,2539.07,1 Year,18,72,16407,3,0.904,12,0
1a2d37f1,E-commerce,44,406.17,1 Year,60,12,28138,3,0.68,2,0
e9904145,Finance,25,50.0,Month-to-Month,88,11,28667,4,0.724,35,0
683a44ca,E-commerce,54,50.0,Month-to-Month,8,20,42614,4,0.554,16,0
259df745,E-commerce,314,3358.82,1 Year,6,146,114256,2,0.63,9,0
313a4a15,Finance,54,50.0,1 Year,3,18,7653,1,0.684,12,0
142a4a12,E-commerce,122,2149.82,1 Year,20,37,40787,2,0.418,16,0
d3e89dea,E-commerce,15,50.0,Month-to-Month,1,5,927,2,0.904,11,0
eb9280ca,E-commerce,21,209.82,1 Year,13,9,59902,1,0.645,3,0
c8ad4f46,Finance,92,999.56,Month-to-Month,2,37,51137,1,0.628,7,1
b1973755,Technology,933,8965.31,1 Year,13,297,59211,1,0.427,3,0
1b3de83b,Healthcare,466,3540.09,Month-to-Month,1,270,32212,3,0.834,12,0
32b0d88d,Finance,130,1395.45,Month-to-Month,44,50,10342,3,0.591,0,0
9226fc99,Technology,68,303.38,1 Year,6,11,29717,1,0.495,4,0
7c14f17f,E-commerce,446,4518.27,Month-to-Month,10,219,1194,1,0.383,1,0
2558adc6,Finance,179,1728.83,2 Year,49,71,24017,2,0.568,29,0
0c939277,E-commerce,5,181.65,1 Year,33,1,91185,2,0.366,12,0
3527882a,E-commerce,11,890.94,2 Year,6,4,20668,3,0.669,7,0
d6ad68b8,Technology,90,626.91,Month-to-Month,2,34,44794,0,0.755,2,0
1bc47aac,Technology,5,50.0,Month-to-Month,31,2,15130,4,0.521,0,0
05747d26,E-commerce,14,50.0,1 Year,12,6,7206,3,0.647,14,0
8eb0fe83,E-commerce,19,92.41,Month-to-Month,35,8,36794,1,0.844,6,0
439fbcdd,Healthcare,37,574.93,Month-to-Month,15,13,1820,1,0.565,0,0
8bc3fcda,Finance,35,108.25,1 Year,11,20,117421,2,0.579,8,0
9d9255df,E-commerce,35,558.22,1 Year,15,16,75069,0,0.601,0,0
70f64688,E-commerce,188,1791.25,Month-to-Month,34,93,308746,1,0.512,5,0
43d6b7cd,E-commerce,36,50.0,1 Year,56,15,249429,3,0.53,5,0
55b8b3a2,Finance,30,455.99,Month-to-Month,2,14,65279,5,0.446,19,1
e5c8a74e,Healthcare,7,50.0,1 Year,18,3,74959,3,0.686,43,0
83f0e4f6,E-commerce,253,2591.38,Month-to-Month,1,91,37548,2,0.586,1,0
54fe3aed,Finance,19,50.0,Month-to-Month,16,8,12329,2,0.72,12,0
867c2779,Technology,10,50.0,1 Year,52,6,82619,2,0.804,20,0
31d7a566,Healthcare,75,828.71,1 Year,11,31,15714,1,0.39,5,0
fc0182dd,E-commerce,17,54.7,Month-to-Month,65,8,52488,0,0.433,3,0
1f7ed0fe,Manufacturing,24,1102.14,1 Year,24,12,65629,0,0.738,0,0
519c8e26,Finance,80,1199.37,Month-to-Month,66,36,41539,2,0.549,8,0
068d456e,E-commerce,33,602.5,2 Year,34,18,54343,2,0.616,1,0
7a771e90,Healthcare,1750,17411.26,1 Year,3,319,17329,2,0.617,0,0
8f9efe99,E-commerce,48,50.0,1 Year,7,10,71463,1,0.41,0,0
1284cea6,E-commerce,137,966.2,Month-to-Month,13,78,143718,3,0.701,32,0
16a322d3,E-commerce,5,50.0,Month-to-Month,5,1,33082,4,0.65,19,1
d158be5f,E-commerce,15,50.0,Month-to-Month,17,6,6447,2,0.398,32,1
1d80a5b7,Technology,10,83.32,Month-to-Month,16,5,48342,3,0.567,28,1
99242528,Finance,13,458.04,Month-to-Month,76,5,20882,1,0.578,9,0
eb13b2d1,Healthcare,101,1146.57,Month-to-Month,14,57,27159,1,0.75,9,0
24a6228f,Technology,258,3159.6,1 Year,37,93,8221,3,0.835,18,0
43f1ffad,E-commerce,91,754.05,Month-to-Month,69,42,49146,1,0.598,29,0
9dcd02eb,Technology,38,508.58,2 Year,51,15,77381,1,0.264,8,0
e3b2ba87,E-commerce,21,381.92,Month-to-Month,6,11,72715,2,0.745,1,0
0009ffbd,Technology,290,3022.86,2 Year,17,108,254823,1,1.0,1,0
e6015ca3,E-commerce,1220,12840.95,2 Year,11,370,11925,0,0.744,10,0
c77b089c,Technology,66,1061.89,Month-to-Month,13,23,122753,1,0.545,0,0
932e606b,Manufacturing,223,1570.3,2 Year,11,79,65953,5,0.68,9,0
d9eba4b0,E-commerce,91,852.83,2 Year,43,30,61462,2,0.76,33,0
ad124fbf,Finance,169,1683.01,Month-to-Month,15,55,57562,2,0.623,0,0
b19d41c1,Finance,9,1165.77,2 Year,18,4,38648,2,0.863,2,0
6ef43832,Finance,26,95.1,Month-to-Month,98,14,23793,3,0.374,28,1
b5ffbadb,Finance,98,488.76,Month-to-Month,2,43,143539,1,0.519,6,0
9209bb16,Finance,336,3579.16,1 Year,17,112,8189,1,0.692,3,0
3ed40e41,E-commerce,16,408.49,Month-to-Month,36,5,9678,3,0.74,2,0
b3015bca,E-commerce,5,50.0,Month-to-Month,4,1,842,2,0.491,19,1
18d48063,E-commerce,25,139.87,2 Year,23,10,67235,2,0.509,5,0
83303e99,E-commerce,248,2954.45,2 Year,7,82,112208,1,0.467,10,0
033c61f3,Healthcare,5,50.0,1 Year,49,2,10292,2,0.451,3,0
eabac8d7,Healthcare,9,50.0,1 Year,10,2,1751,5,0.704,7,0
cd12af42,Finance,68,418.93,2 Year,10,23,13992,4,0.592,15,0
c6b1bb35,E-commerce,45,996.95,Month-to-Month,22,17,107565,3,0.859,4,0
053ec9e3,Finance,133,1472.75,2 Year,5,59,815,4,0.381,5,0
ecd22beb,Finance,8,50.0,Month-to-Month,9,4,5332,4,0.569,5,0
58158387,E-commerce,33,50.0,2 Year,13,8,1265,1,0.747,9,0
9a1c93b0,Technology,327,4206.71,1 Year,11,120,143366,4,0.669,3,0
8933cb8d,Healthcare,9,631.61,2 Year,18,2,7280,3,0.38,5,0
f4997e76,E-commerce,500,5420.78,2 Year,22,239,115338,4,0.83,7,0
7a8f6bff,E-commerce,11,116.12,2 Year,21,3,32069,4,0.619,4,0
ab6ce4d4,Technology,195,2704.24,1 Year,26,75,25114,1,0.983,0,0
7c10af15,Manufacturing,31,50.0,2 Year,9,11,27800,4,0.574,3,0
0238c980,Healthcare,9,466.48,1 Year,4,3,27121,2,0.832,16,1
88424f03,Finance,25,50.0,Month-to-Month,35,9,20907,1,0.528,3,0
f66401c1,Technology,123,1105.55,1 Year,46,37,83247,0,0.553,17,0
b9b104bf,E-commerce,54,902.89,Month-to-Month,8,22,35463,1,0.699,5,0
ea78d5d3,E-commerce,292,2848.22,2 Year,13,93,235419,3,0.26,20,0
d79321c9,E-commerce,470,4482.65,Month-to-Month,17,226,36466,4,0.196,4,0
0f84dabd,E-commerce,9,50.0,2 Year,19,3,85317,1,0.465,3,0
41930476,Manufacturing,8,50.0,Month-to-Month,26,2,68343,2,0.34,2,0
efbc0437,Manufacturing,7,451.6,Month-to-Month,2,4,25633,2,0.149,3,1
ff572838,Technology,14,50.0,2 Year,31,7,77708,2,0.749,2,0
0b383250,Finance,286,3789.2,Month-to-Month,2,184,8419,3,0.442,13,1
4d57a9d8,Technology,126,1116.19,Month-to-Month,16,46,11366,3,0.531,40,1
2f8b6e4f,Healthcare,24,894.72,1 Year,43,7,48231,2,0.628,5,0
6ee754d6,Finance,53,50.0,Month-to-Month,15,25,62164,4,0.701,4,0
efb06bad,Technology,448,4845.74,1 Year,4,228,51617,0,0.657,10,0
dbb95b48,Finance,955,10044.28,1 Year,101,400,35610,1,0.64,5,0
0e2f699a,Finance,80,1451.78,2 Year,53,15,7402,4,0.694,0,0
c594f74f,Healthcare,5,50.0,Month-to-Month,36,1,23321,2,0.5,4,0
d143e6fb,Technology,85,498.64,Month-to-Month,13,37,46429,1,0.457,16,1
9219aee4,E-commerce,221,2498.25,1 Year,5,73,12813,0,0.137,0,0
ad645fac,E-commerce,76,834.22,Month-to-Month,69,20,50782,0,0.728,2,0
1d719266,Finance,162,1766.68,Month-to-Month,19,60,13346,2,0.463,36,1
7bc318f9,Technology,93,749.86,Month-to-Month,46,7,5149,1,0.997,3,0
1e5448fa,Technology,8,855.4,1 Year,11,2,19603,2,0.748,19,0
060e6a4d,Finance,14,1444.23,2 Year,10,5,15924,4,0.79,22,0
5d0522a4,E-commerce,33,381.99,Month-to-Month,102,14,83154,1,0.741,11,0
0c6176fe,Finance,269,2916.71,Month-to-Month,18,122,33045,3,0.706,6,0
5a04bb74,Manufacturing,17,198.12,1 Year,4,7,3309,1,0.695,31,0
8b4edbc0,E-commerce,108,1722.03,Month-to-Month,6,52,84523,3,0.714,33,0
26bd99a5,Manufacturing,86,1274.56,1 Year,16,32,15645,2,0.635,10,0
c71e2abf,Finance,589,5356.81,Month-to-Month,2,149,41951,1,0.477,13,1
8db0232c,Technology,51,203.65,Month-to-Month,15,20,38992,4,0.364,21,1
ed73e754,Technology,5,50.0,Month-to-Month,14,1,178046,2,0.685,1,0
57a6c9aa,E-commerce,144,2787.41,Month-to-Month,37,38,14714,3,0.858,8,0
4334c476,Manufacturing,1348,13797.66,2 Year,11,617,7843,0,0.575,19,0
2be13e01,Finance,158,1282.16,2 Year,98,40,14948,3,0.63,24,0
a181305a,Healthcare,16,50.0,1 Year,5,7,42955,0,0.336,79,0
8042c13a,E-commerce,10,502.62,1 Year,22,2,12265,1,0.509,13,0
3b30acf5,Technology,13,582.46,Month-to-Month,3,4,20811,3,0.354,2,0
7b50e0c0,E-commerce,1102,11419.05,1 Year,32,378,53655,3,0.368,10,0
5a3e382a,Finance,33,117.22,1 Year,120,16,6192,4,0.62,45,0
65186ab7,E-commerce,20,352.92,Month-to-Month,42,9,145298,3,0.588,8,0
33f47a69,Finance,43,485.46,Month-to-Month,20,13,38002,1,0.758,4,0
dc652373,E-commerce,33,50.0,Month-to-Month,16,12,33043,0,0.753,3,0
5ecf6185,E-commerce,573,5266.75,Month-to-Month,44,305,22552,1,0.425,4,0
a27d63e0,Technology,11,315.98,1 Year,66,6,14095,2,0.213,13,0
7e8831a8,Finance,320,3298.23,2 Year,109,84,33024,2,0.41,2,0
1a8913ad,E-commerce,65,926.68,1 Year,13,34,33303,0,0.458,10,0
8ab2a9b8,Finance,333,3725.51,Month-to-Month,113,174,2887,2,0.71,9,0
852fbf96,Finance,586,6609.69,Month-to-Month,5,244,93992,6,0.722,3,1
5a9bbe83,Technology,62,232.05,Month-to-Month,8,24,85952,2,0.591,7,0
63f5b853,Manufacturing,34,655.12,1 Year,3,11,29692,1,0.748,20,0
ca12d975,Finance,60,974.6,Month-to-Month,8,16,20530,3,1.0,15,1
b8ede47c,Technology,47,313.93,Month-to-Month,36,20,34550,4,0.576,8,0
3b04f40d,Technology,5,110.93,1 Year,47,1,12515,1,0.553,11,0
80657d3a,Technology,560,5456.72,Month-to-Month,37,248,42,2,0.432,0,0
25e2d8ac,Finance,78,1834.3,Month-to-Month,24,34,21871,2,0.664,0,0
862f98a7,Manufacturing,9,142.43,Month-to-Month,18,5,908,3,0.827,4,0
92f3ce8d,Finance,5,275.75,Month-to-Month,30,2,2077,2,0.5,4,0
18519f1a,Finance,5,50.0,1 Year,12,2,1495,2,0.522,3,0
54cbee0c,Healthcare,173,1490.18,Month-to-Month,45,32,106037,4,0.496,10,0
6812b021,E-commerce,21,50.0,Month-to-Month,28,9,7751,2,0.37,9,0
93cb0e93,Healthcare,27,819.93,Month-to-Month,29,15,14674,1,0.627,11,0
f4f39a6a,Finance,113,1514.22,Month-to-Month,19,40,33693,1,0.634,2,0
a0bdb4e5,Finance,25,99.45,2 Year,52,15,37677,2,0.592,0,0
77778b37,Technology,123,779.82,Month-to-Month,7,55,6509,4,0.968,34,0
98fa2e6b,Technology,62,709.95,Month-to-Month,12,26,120127,4,0.68,14,0
89536f84,Finance,48,231.15,1 Year,37,14,13138,1,0.377,6,0
c459cc72,Technology,5,50.0,Month-to-Month,17,2,142875,0,0.726,0,0
df9947bc,Technology,15,50.0,1 Year,53,4,14844,2,0.532,2,0
ea97da2c,Technology,134,1448.53,Month-to-Month,11,46,129,0,0.534,0,0
74aba6e0,Healthcare,19,308.5,2 Year,12,4,178530,2,0.565,6,0
eab9f2ee,E-commerce,332,3867.36,2 Year,53,162,33054,1,0.543,2,0
52fa4ca2,Manufacturing,1843,18354.63,1 Year,15,845,105495,0,0.654,7,0
2980e518,E-commerce,146,1293.22,1 Year,18,58,66277,1,1.0,0,0
090e9e7a,Finance,512,4341.62,Month-to-Month,10,242,9862,1,0.526,12,0
e3c079f1,E-commerce,160,2150.48,2 Year,8,74,93303,2,0.618,1,0
cf86e8c8,E-commerce,24,686.41,Month-to-Month,26,8,2621,2,0.647,3,0
a0c265ea,E-commerce,73,744.37,Month-to-Month,4,23,35418,6,0.497,10,1
1014e77a,Healthcare,1118,10515.38,Month-to-Month,51,255,14659,2,0.52,1,0
80961420,Finance,24,50.0,Month-to-Month,37,9,22438,3,0.799,38,0
7832a558,Technology,11,50.0,1 Year,6,2,70740,0,0.498,2,0
a9e1b166,Technology,9,572.61,Month-to-Month,29,3,57503,0,0.422,0,0
1225791c,Healthcare,39,535.17,1 Year,23,14,28998,3,0.957,11,0
f6299694,Manufacturing,12,50.0,Month-to-Month,5,4,2350,4,0.359,4,0
5b49f27a,Finance,672,6922.11,2 Year,8,339,2036,3,0.777,34,0
76e21cad,E-commerce,75,330.43,1 Year,13,22,60567,3,0.56,0,0
5cc27313,Technology,234,2078.89,1 Year,29,50,148629,3,0.357,4,0
dfbcb0f4,Technology,34,825.87,1 Year,25,12,93953,0,0.525,8,0
3430b55c,Manufacturing,9,472.75,2 Year,19,2,6515,2,0.555,7,0
df62fb44,Finance,7,616.55,Month-to-Month,36,2,6461,2,0.274,6,0
c17d64a0,Technology,13,118.43,Month-to-Month,35,4,47148,1,0.686,4,0
77ec84b8,Healthcare,91,1351.51,1 Year,24,40,53590,4,0.665,18,0
34ab222a,Technology,119,896.93,1 Year,38,36,47919,2,0.53,1,0
00a0babd,Technology,134,1211.22,Month-to-Month,10,40,108312,1,0.695,6,0
302ea555,E-commerce,5,50.0,Month-to-Month,52,2,13133,1,0.641,8,0
0c5b0531,Finance,54,551.93,Month-to-Month,23,21,9454,2,0.859,21,0
a833e1e3,Technology,11,50.0,Month-to-Month,42,3,122767,0,0.384,3,0
6c3e1c05,Finance,99,877.5,2 Year,19,30,64033,2,0.541,3,0
ce260b06,Healthcare,112,1845.83,Month-to-Month,6,40,62192,4,0.8,16,0
afa4fb16,Technology,9,50.0,1 Year,19,2,20426,6,0.708,3,0
5b2b3b2f,E-commerce,233,1665.34,1 Year,12,86,49425,2,0.14,0,0
eaa8d786,Technology,1822,17595.66,Month-to-Month,29,682,64859,5,0.266,7,0
e828d733,Finance,190,3230.93,Month-to-Month,16,58,45849,1,0.6,14,0
b1263bd0,Finance,42,652.43,Month-to-Month,44,19,66632,3,0.928,1,0
d9eb19da,Technology,33,194.87,1 Year,28,9,44586,0,0.514,14,0
9598cea6,E-commerce,39,424.16,Month-to-Month,28,20,200957,0,0.73,4,0
914b810f,Finance,17,283.82,Month-to-Month,6,6,33864,3,0.617,29,1
5eb93968,Technology,79,469.78,Month-to-Month,100,26,627,2,0.716,0,0
99d54a3e,E-commerce,9,50.0,Month-to-Month,45,4,8917,1,0.814,3,0
cba912c3,E-commerce,5,50.0,Month-to-Month,38,2,166432,5,0.789,2,0
aabded37,E-commerce,75,387.62,Month-to-Month,10,35,31698,3,0.782,22,1
a05840e0,Technology,56,361.53,Month-to-Month,19,11,6421,1,0.477,3,0
ac7e6d4c,Technology,23,406.55,1 Year,4,10,8469,5,0.57,3,0
618a6aa9,Technology,7,50.0,Month-to-Month,19,2,1468,1,0.704,12,0
b73559f5,Healthcare,84,2144.97,1 Year,4,33,12831,0,0.696,29,0
e94acaae,Technology,12,496.58,1 Year,20,4,215794,1,0.719,8,0
4b733aec,E-commerce,44,50.0,2 Year,26,23,19935,3,0.246,28,0
e6074229,E-commerce,770,6461.05,Month-to-Month,12,164,14400,2,0.839,10,0
0ab0de45,Finance,145,1106.25,Month-to-Month,17,81,55073,2,0.259,2,0
de27f40b,Technology,7,412.18,2 Year,51,3,56073,5,0.45,13,0
c9bebf84,Technology,8,325.23,2 Year,3,3,171841,3,0.639,3,0
e1aa7717,Healthcare,68,624.58,Month-to-Month,38,17,65392,1,0.594,3,0
71e25a2c,E-commerce,6,50.0,Month-to-Month,5,1,5824,2,0.884,16,1
ce61bbb8,Technology,5,50.0,2 Year,1,1,212019,1,0.366,2,0
3161e82d,Healthcare,121,1008.71,Month-to-Month,5,56,69362,0,0.527,4,0
6cbd5fde,Manufacturing,88,373.81,2 Year,35,35,15002,2,0.206,43,0
0c49784e,E-commerce,107,870.56,2 Year,13,48,15136,2,0.626,1,0
a0699e7b,E-commerce,81,1475.48,Month-to-Month,50,20,160940,1,0.558,10,0
a181e6f5,Finance,49,104.38,2 Year,18,19,10699,0,0.352,5,0
8a18c481,Finance,20,505.44,Month-to-Month,1,10,12911,1,0.862,3,0
1ed495ed,Manufacturing,118,1561.71,1 Year,31,64,22230,2,0.816,1,0
870d3592,Finance,541,4870.2,Month-to-Month,3,148,56889,1,0.614,7,0
74713c4f,Technology,25,50.0,Month-to-Month,38,9,28081,3,0.828,8,0
182d0745,Finance,11,644.47,1 Year,5,4,18644,1,0.582,11,0
12552ad4,Healthcare,9,50.0,Month-to-Month,11,3,15573,1,0.743,15,0
45494a6e,Healthcare,14,111.26,2 Year,35,6,6682,1,0.773,5,0
62fe53a3,E-commerce,73,1749.99,Month-to-Month,75,50,39511,2,0.386,7,0
1069f096,Manufacturing,5,539.92,Month-to-Month,12,1,15969,4,0.686,0,0
c146a1bc,Finance,105,1092.62,Month-to-Month,43,46,20134,0,0.634,5,0
88eb15d0,Finance,143,1850.37,2 Year,6,61,391,0,0.395,1,0
225c5319,Finance,5,50.0,Month-to-Month,40,2,37883,0,0.345,0,0
05717792,E-commerce,12,629.12,2 Year,26,6,59606,0,0.7,0,0
0f91f6de,E-commerce,61,50.0,Month-to-Month,6,26,131231,1,0.544,0,0
032700c3,Technology,44,370.37,Month-to-Month,9,8,10977,2,0.307,4,0
ccdbbb51,E-commerce,119,146.83,2 Year,4,30,125889,2,0.716,4,0
897e91c3,E-commerce,44,520.68,Month-to-Month,12,12,22402,1,0.787,2,0
187ff319,Healthcare,364,3521.91,Month-to-Month,6,118,81073,3,0.366,6,0
94a780cc,Manufacturing,33,1010.36,2 Year,25,12,113555,1,0.6,0,0
2e92b04b,Finance,12,475.91,1 Year,120,4,162679,3,0.904,3,0
a7e5e490,Healthcare,11,50.0,1 Year,1,2,19685,1,0.418,0,0
eb98ef81,E-commerce,164,1436.89,2 Year,19,39,15085,3,0.941,0,0
90f1fc7f,E-commerce,57,760.35,1 Year,21,10,28952,2,0.535,8,0
478032fd,E-commerce,141,1123.72,2 Year,59,34,40445,3,0.586,12,0
64b59eda,E-commerce,136,1343.81,1 Year,17,67,58663,1,0.321,2,0
72b17b38,Technology,5,708.35,1 Year,19,1,58862,1,0.328,11,0
d240ff32,Finance,9,50.0,Month-to-Month,16,2,6201,3,0.469,9,0
3da7faa7,Technology,11,50.0,2 Year,8,2,47313,1,0.777,14,0
8f6f36a8,E-commerce,16,50.0,1 Year,2,4,9188,2,1.0,2,0
284f9816,E-commerce,29,1869.04,Month-to-Month,13,13,62130,4,1.0,6,0
bda6a7e7,E-commerce,244,2744.12,1 Year,2,109,187709,0,0.575,2,0
0955d375,Finance,329,3856.03,Month-to-Month,20,123,73679,1,0.529,20,1
2f9a28a5,Technology,35,734.06,1 Year,9,13,59328,3,0.403,10,0
24560a64,E-commerce,37,787.7,2 Year,19,8,4032,1,0.823,0,0
05b4226e,Finance,18,416.79,Month-to-Month,4,5,10205,2,0.455,4,0
eaa18f12,E-commerce,62,802.63,2 Year,65,28,21943,2,0.553,0,0
9a5a2830,Manufacturing,73,50.0,Month-to-Month,54,24,135510,3,0.699,41,0
289e2a2c,E-commerce,183,2008.93,Month-to-Month,6,102,20090,2,0.69,17,0
ab191657,Manufacturing,180,1745.83,Month-to-Month,11,93,84039,3,0.478,4,0
c21ac1d9,Finance,5,322.73,Month-to-Month,23,1,5476,1,0.581,4,0
40769304,Healthcare,43,394.57,1 Year,3,16,54235,1,0.483,4,0
b299b71e,Finance,435,4731.58,2 Year,11,270,75504,1,0.434,10,0
3f3c4ed7,E-commerce,28,749.97,Month-to-Month,7,13,39145,3,0.395,4,0
89c97e67,Finance,301,1553.92,Month-to-Month,60,122,72802,2,0.306,2,0
1c9f79cb,Healthcare,34,123.05,1 Year,46,14,64307,2,0.672,3,0
f46a6b05,Manufacturing,70,50.0,1 Year,21,29,32406,4,0.552,15,0
56843bef,Technology,9,209.47,2 Year,18,3,100316,0,0.373,1,0
4151acaa,Technology,10,50.0,Month-to-Month,65,2,20899,2,0.354,5,0
ec9435dc,Finance,162,2297.91,2 Year,65,58,27704,1,0.351,5,0
3c781e63,Healthcare,204,2143.62,Month-to-Month,84,52,38811,2,0.478,8,0
6d232298,Healthcare,56,317.24,Month-to-Month,4,26,7003,2,0.825,0,0
5c83f918,Technology,8,549.29,2 Year,5,3,36213,0,0.464,0,0
79c0ab1b,Manufacturing,58,420.9,Month-to-Month,28,27,19586,2,0.712,11,0
3b0749bf,E-commerce,359,3341.0,1 Year,19,97,14830,2,0.912,7,0
579cba59,Healthcare,745,7646.81,1 Year,1,403,42999,1,0.634,1,0
4708287e,E-commerce,33,1136.49,Month-to-Month,2,17,19994,2,0.447,4,0
b9142fef,Finance,5,476.78,1 Year,53,1,96726,3,0.582,7,0
e12815b4,Finance,192,2203.47,1 Year,49,67,26379,2,0.591,4,0
60692687,E-commerce,36,1735.47,Month-to-Month,11,12,26639,3,0.946,1,0
e604821c,Technology,224,1873.79,1 Year,54,57,200708,1,0.254,1,0
5b3cfe8d,Healthcare,83,452.64,2 Year,22,31,20891,3,0.823,2,0
ee917b2d,Healthcare,14,212.78,Month-to-Month,40,6,7048,4,0.251,0,0
d2212582,Manufacturing,59,1347.51,2 Year,14,20,104609,2,0.762,13,0
69dcc2f3,Finance,388,3409.16,Month-to-Month,3,88,124444,0,0.518,11,1
27de1784,Healthcare,43,1307.29,Month-to-Month,14,20,12838,0,0.965,21,1
3acf5f17,Finance,11,50.0,1 Year,15,3,106886,0,0.735,1,0
70510ef5,Healthcare,5,50.0,Month-to-Month,20,1,34115,4,0.715,9,0
e9923659,Finance,17,256.73,2 Year,3,9,2220,1,0.412,12,0
6cc40e17,Technology,29,50.0,2 Year,115,12,39795,7,0.961,9,0
3b812b68,Finance,186,1549.38,2 Year,7,59,94448,1,1.0,4,0
d717b66a,E-commerce,10,498.32,1 Year,6,2,25262,0,1.0,3,0
31dab80e,E-commerce,561,6330.78,2 Year,18,278,40036,2,0.399,1,0
6a78b095,E-commerce,7,50.0,1 Year,19,3,7576,4,0.562,35,0
bd3e1607,Technology,1803,18120.12,1 Year,14,629,92320,2,0.362,1,0
dd7efe04,Technology,726,7203.35,2 Year,36,198,5652,7,0.478,11,0
4541b9dd,Healthcare,67,723.7,Month-to-Month,18,29,4959,4,0.657,21,0
5ef2472d,Technology,5,50.0,1 Year,23,2,135571,3,0.746,23,0
150715f5,E-commerce,50,50.0,Month-to-Month,31,18,103364,3,0.707,25,0
b0dbb31a,Manufacturing,30,1071.15,2 Year,1,8,42768,1,0.256,10,0
bd072914,E-commerce,8,659.66,Month-to-Month,21,3,5611,4,0.593,1,0
bd0b55d9,Manufacturing,84,788.01,Month-to-Month,52,37,39481,2,0.704,7,0
67aa998d,Technology,15,50.0,Month-to-Month,1,5,126626,3,0.79,5,0
bf4a8df2,Finance,18,50.0,Month-to-Month,13,7,47383,3,0.686,11,0
5de03ce9,E-commerce,40,50.0,Month-to-Month,63,17,11047,0,0.698,6,0
6c984005,Manufacturing,23,406.91,1 Year,11,11,118133,2,0.552,17,0
0b48d31f,Technology,1233,12720.16,Month-to-Month,15,441,100293,3,0.654,5,0
96f49451,Healthcare,24,308.95,1 Year,96,6,39547,2,1.0,14,0
6b6232e0,Technology,105,1006.83,Month-to-Month,6,41,95609,4,0.841,30,0
befc5953,Finance,67,736.69,Month-to-Month,2,38,2900,4,0.673,12,0
0378e35a,Healthcare,92,493.39,2 Year,48,20,30918,0,0.746,14,0
af709e27,E-commerce,103,780.22,Month-to-Month,49,17,9806,1,0.615,12,0
eec7f78e,Finance,204,1956.83,Month-to-Month,16,79,90866,3,0.614,18,0
0624702c,Technology,81,1158.34,2 Year,18,29,177353,1,0.79,3,0
c642da2f,Finance,76,1449.43,Month-to-Month,44,28,133465,2,0.48,48,0
487c2bc8,Technology,59,475.43,Month-to-Month,33,22,34993,3,0.574,15,0
fea6086d,Healthcare,44,50.0,Month-to-Month,8,22,35769,1,0.326,14,0
647c8aa3,Finance,13,147.82,Month-to-Month,1,5,119422,4,0.755,0,0
04e02495,Finance,49,1495.75,Month-to-Month,16,23,63961,4,0.814,4,0
01e53982,Finance,78,301.1,2 Year,48,11,3876,1,0.721,2,0
4332172d,Healthcare,99,1432.92,Month-to-Month,55,34,6867,2,0.553,1,0
6b86ac2c,Finance,71,1377.98,Month-to-Month,76,22,151539,0,0.591,24,0
946076e9,E-commerce,38,199.99,2 Year,51,6,22776,2,0.629,9,0
85119f48,Finance,50,149.64,Month-to-Month,21,20,10373,1,0.819,22,0
b792eb72,E-commerce,23,517.48,Month-to-Month,15,8,66502,3,0.807,7,0
7a7b4abe,Finance,87,1046.61,1 Year,36,30,105883,2,0.313,24,0
729e8bfd,Technology,39,737.39,Month-to-Month,33,15,11568,2,0.424,26,0
2449ead8,Manufacturing,71,1746.85,Month-to-Month,19,29,14479,3,0.687,10,0
438c766d,E-commerce,244,2523.52,1 Year,3,122,115099,1,0.332,6,0
a7d5ecd6,Finance,18,50.0,2 Year,63,8,662,2,0.784,2,0
ce0e9851,Healthcare,133,1363.32,Month-to-Month,15,57,119271,1,0.545,24,0
85ceb019,Manufacturing,57,690.78,1 Year,11,35,2002,2,0.741,15,0
1c75fd64,Healthcare,1132,11953.58,Month-to-Month,24,372,5013,1,0.607,4,0
3e3edf43,Finance,39,291.62,Month-to-Month,27,10,99124,2,0.58,11,0
1508ddde,Finance,154,1335.47,Month-to-Month,6,79,14278,2,0.383,9,0
e6ec7922,Finance,55,50.0,Month-to-Month,44,32,12724,3,0.491,1,0
15ce0208,Finance,6,333.71,Month-to-Month,9,2,92936,1,0.577,26,1
643bb932,Technology,25,1924.1,2 Year,5,13,39065,1,0.57,0,0
6fcdda00,Healthcare,204,1928.7,2 Year,13,70,21586,1,0.745,17,0
ff444a30,E-commerce,28,505.98,1 Year,32,12,62628,2,0.471,7,0
2c7ff58b,Healthcare,5,50.0,Month-to-Month,81,2,82969,1,0.594,17,0
854231a6,Healthcare,52,50.0,1 Year,40,17,99304,1,0.901,8,0
858d9dca,Manufacturing,10,317.12,1 Year,68,5,6354,1,0.764,1,0
640c1b2c,Finance,66,674.09,Month-to-Month,4,39,43678,4,0.621,6,0
31c412af,Technology,559,4397.22,Month-to-Month,2,166,56694,3,0.308,21,1
e4a09976,E-commerce,173,2535.01,Month-to-Month,20,72,6191,1,0.325,2,1
9818be7b,Healthcare,547,5677.98,Month-to-Month,9,268,47096,1,0.727,1,0
1f65b9db,Manufacturing,23,266.95,Month-to-Month,43,4,1622,3,0.748,5,0
7e4fe3a4,Finance,44,229.01,2 Year,27,17,20894,3,0.211,16,0
c003a65a,Technology,11,312.65,Month-to-Month,85,2,9438,2,0.74,12,0
57daa9a1,Finance,19,415.7,Month-to-Month,8,8,41186,3,0.488,57,1
eb2fd710,Technology,13,330.66,2 Year,16,5,10603,0,0.519,21,0
7026844b,Healthcare,7,604.0,1 Year,17,2,77828,3,0.778,1,0
6944456f,E-commerce,423,4877.64,1 Year,7,102,6456,3,0.746,15,0
a42067fa,Technology,5,1052.8,Month-to-Month,22,1,70905,5,0.58,12,0
c9197860,Manufacturing,426,3841.58,1 Year,15,192,5207,2,0.738,2,0
5e8cd1aa,Manufacturing,353,3243.29,Month-to-Month,15,139,29205,0,0.527,15,1
9b8f0cad,Technology,115,1330.59,Month-to-Month,11,59,59954,2,0.442,2,0
51d8ae92,Technology,10,50.0,1 Year,1,5,8805,2,0.852,6,0
1859de4a,Finance,5,50.0,1 Year,18,2,69785,5,0.865,3,0
e4f1a0a2,Finance,23,467.61,Month-to-Month,10,7,153319,6,0.471,6,0
83819f9b,Finance,139,1840.42,1 Year,1,59,23372,0,0.493,3,0
d350ec80,Finance,54,1177.96,1 Year,9,16,9,2,0.778,10,0
943ec4a8,Finance,11,50.0,1 Year,8,3,32392,3,0.461,16,0
0ae634e0,E-commerce,305,3281.58,Month-to-Month,12,158,116364,3,0.76,0,0
2f0bfc70,Finance,683,6951.38,2 Year,4,192,54682,3,0.395,5,0
0fec5d90,E-commerce,38,388.83,Month-to-Month,18,10,60749,1,0.543,1,0
5ed5ca56,Finance,64,232.0,Month-to-Month,29,26,78623,1,0.796,0,0
0b549616,Finance,5,50.0,Month-to-Month,24,1,119409,3,0.406,40,0
ad62b293,E-commerce,29,623.34,2 Year,40,11,6665,2,0.482,11,0
ce53d563,Technology,117,753.59,2 Year,15,73,44605,2,0.675,6,0
831acee8,Technology,92,50.0,Month-to-Month,18,27,110242,1,0.24,5,0
443d8de8,E-commerce,25,234.12,1 Year,40,11,74780,1,0.615,18,0
cc1a627a,Finance,36,1087.62,Month-to-Month,14,14,14313,0,0.832,8,0
7ad01b6b,E-commerce,27,50.0,Month-to-Month,30,13,103814,3,0.773,13,0
459b1105,Healthcare,35,205.83,2 Year,14,11,17414,1,0.59,25,0
1c49013f,Finance,103,1367.61,Month-to-Month,13,38,26456,1,0.604,21,1
df2f7411,E-commerce,5,50.0,Month-to-Month,35,2,10267,0,0.898,0,0
779a3936,Healthcare,48,373.33,1 Year,5,12,108239,3,0.874,6,0
bfe808ed,Finance,92,350.27,2 Year,10,20,4881,4,0.581,10,0
8f329653,Manufacturing,23,50.0,Month-to-Month,7,9,256715,1,0.474,6,0
efeeea53,Manufacturing,26,58.79,Month-to-Month,11,13,19925,5,0.771,3,0
17abb907,Finance,27,50.0,Month-to-Month,7,9,62033,1,0.826,24,0
43a54501,Healthcare,26,50.0,Month-to-Month,21,9,6889,2,0.876,22,1
2d9b359a,Finance,55,520.38,Month-to-Month,39,28,33458,0,0.717,18,0
8e88b242,Finance,66,1773.57,2 Year,38,25,2047,4,0.529,27,0
0b237f37,Manufacturing,5,428.87,Month-to-Month,11,2,105350,1,0.266,13,0
c446a395,Healthcare,145,1955.27,1 Year,108,96,29568,3,0.988,4,0
b9031594,Technology,35,748.63,2 Year,22,11,67886,0,0.921,6,0
3363be48,Healthcare,991,9561.24,1 Year,13,378,112459,3,0.447,17,0
e4188396,Manufacturing,9,245.42,Month-to-Month,44,3,3553,2,0.638,24,0
2c3120be,Finance,14,688.85,1 Year,32,7,35814,1,0.556,11,0
21b966cd,Technology,40,814.17,2 Year,34,15,10507,2,0.613,8,0
5ff4971d,Finance,101,1107.28,Month-to-Month,6,47,3575,2,0.52,22,1
eb503605,E-commerce,5,310.02,Month-to-Month,16,2,48647,2,0.738,13,0
42e4743a,Finance,15,1381.44,Month-to-Month,48,5,6057,1,0.373,24,1
502ebc17,Healthcare,132,1739.72,1 Year,17,47,33857,1,0.521,21,0
ee97d620,Manufacturing,13,50.0,Month-to-Month,28,4,10964,0,0.775,3,0
62271d44,Manufacturing,426,4222.98,1 Year,22,300,11014,3,0.205,1,0
b13b4d42,Technology,27,50.0,1 Year,45,6,37011,2,0.662,12,0
d1025d4c,E-commerce,14,1313.52,Month-to-Month,9,3,40527,1,0.49,27,1
f27028e9,Technology,136,2161.93,1 Year,21,57,174,4,0.923,24,0
3e8a890d,Healthcare,608,6121.61,Month-to-Month,4,255,34734,2,0.666,25,1
f965562f,Finance,101,2100.41,1 Year,29,44,55395,0,0.443,20,0
b2373f1e,Finance,361,3926.2,1 Year,32,112,56739,1,0.89,5,0
00da0cd1,E-commerce,675,6534.58,1 Year,2,200,94816,3,0.604,27,1
00171551,Finance,13,583.23,Month-to-Month,28,4,112833,5,0.626,10,0
9fb16fd9,Healthcare,223,2429.32,1 Year,13,109,48757,1,0.777,17,0
599750f4,E-commerce,5,468.93,Month-to-Month,4,1,32872,1,0.479,3,0
e91325fe,Technology,103,345.45,Month-to-Month,14,42,11414,4,0.889,6,0
87039898,Finance,49,84.84,Month-to-Month,6,17,6777,4,0.715,1,0
7045a60b,Healthcare,352,4264.24,Month-to-Month,13,87,46965,4,0.472,1,0
3a302066,Finance,316,4006.57,Month-to-Month,12,85,146481,0,0.514,16,1
743c0fe1,Finance,128,1987.56,Month-to-Month,33,62,16301,1,0.349,28,1
cbf770a6,Finance,85,1959.32,Month-to-Month,36,28,5237,4,0.662,7,0
fecff947,E-commerce,117,1458.68,1 Year,23,61,27570,1,0.564,6,0
0dacd118,E-commerce,59,843.54,Month-to-Month,1,23,24,3,0.663,28,1
48c810af,E-commerce,49,50.0,Month-to-Month,65,12,40324,1,0.26,17,1
1126b848,Finance,475,4459.73,Month-to-Month,28,212,2537,3,0.495,2,0
3f36ab89,Technology,569,4695.87,1 Year,1,182,133657,3,0.404,0,0
046046f6,Finance,44,279.26,1 Year,42,15,101985,2,0.699,29,0
8f331b3b,E-commerce,77,50.0,2 Year,6,39,6102,0,0.48,7,0
d1e9db8f,Technology,61,1150.48,1 Year,21,16,7943,5,0.694,10,0
050dbd0f,Finance,5,244.2,Month-to-Month,16,1,153358,5,0.493,7,0
53234913,Healthcare,32,50.0,1 Year,14,9,83980,0,0.925,13,0
604aa353,Technology,601,5915.07,Month-to-Month,53,168,142386,1,0.61,22,0
0448a9da,Finance,17,1153.83,Month-to-Month,14,5,20360,5,0.783,50,0
ff205bd2,E-commerce,1302,12957.17,2 Year,2,409,5880,2,0.577,4,0
711002f8,Healthcare,316,2660.81,Month-to-Month,71,117,47775,2,0.785,7,0
05cf1e5e,E-commerce,99,97.25,1 Year,61,45,170117,2,0.445,21,0
2fcff505,Finance,126,382.18,2 Year,28,40,6961,0,0.592,5,0
9849f811,Healthcare,13,397.79,Month-to-Month,16,3,85433,3,0.507,4,0
0b1f0827,E-commerce,36,143.06,Month-to-Month,3,16,22284,2,0.974,34,1
c370175d,Finance,474,4564.5,Month-to-Month,38,153,6137,2,0.362,13,0
2042532d,Finance,21,50.0,Month-to-Month,2,12,30720,4,1.0,7,0
bf323cb7,Healthcare,268,2609.88,Month-to-Month,2,96,33543,2,0.325,15,1
36ebec0c,Healthcare,6,50.0,2 Year,19,2,456,0,0.747,3,0
1465598f,Finance,9,248.05,2 Year,5,1,32165,1,0.476,8,0
81a7b48c,Healthcare,945,8738.65,1 Year,1,268,52132,1,0.651,12,0
e19a2392,Manufacturing,53,152.08,1 Year,14,9,72336,1,0.566,12,0
14d46fbb,Healthcare,24,745.41,Month-to-Month,4,10,5187,1,0.434,2,0
41ce99a2,E-commerce,421,4398.1,1 Year,5,164,104591,0,0.616,52,1
a424058e,Healthcare,353,3872.84,Month-to-Month,2,163,9180,1,0.517,14,1
c08c7fa8,Finance,217,3245.19,Month-to-Month,6,104,53689,2,0.714,13,0
51bd2833,Manufacturing,23,200.17,Month-to-Month,31,11,40218,1,0.399,8,0
a512619f,Finance,35,360.73,1 Year,40,13,106016,2,0.694,4,0
1a55cab4,Manufacturing,87,737.84,Month-to-Month,15,35,1970,0,0.773,6,0
5f19cf9e,Finance,154,1318.29,Month-to-Month,17,70,10632,4,0.578,5,0
21a8bb40,Technology,25,50.0,1 Year,1,8,6503,2,0.335,1,0
9490caf7,E-commerce,70,742.03,1 Year,2,21,19841,2,0.946,25,0
eeb8e04f,Technology,81,987.52,Month-to-Month,8,44,20688,4,0.693,7,0
bfd5b845,E-commerce,376,3965.39,Month-to-Month,19,82,4639,1,0.456,0,0
06a8ead3,E-commerce,169,1722.18,2 Year,33,76,36110,1,0.699,5,0
a0766653,Finance,5,513.09,Month-to-Month,23,2,6178,3,0.265,5,0
2ed02f0a,Finance,39,404.72,1 Year,12,11,3862,5,0.835,0,0
9adbe9a6,Manufacturing,13,50.0,Month-to-Month,4,4,1686,3,1.0,2,0
bde13ec8,Finance,128,816.51,1 Year,37,46,132353,4,0.765,0,0
3e6d018c,Finance,218,1405.51,1 Year,11,91,25270,1,0.399,1,0
2fcd56bd,Technology,63,1360.21,2 Year,32,27,16681,2,0.202,1,0
0a5c0f64,Finance,36,50.0,Month-to-Month,18,14,32915,2,0.873,23,1
cecb20cc,Manufacturing,60,137.17,Month-to-Month,33,25,8580,0,0.571,14,0
278d8667,Technology,74,531.23,2 Year,58,34,26057,3,0.522,20,0
95bef812,E-commerce,20,60.81,Month-to-Month,61,9,10569,1,0.833,1,0
c74278b8,Technology,8,899.26,2 Year,19,4,18148,2,0.482,11,0
cdc0822b,Healthcare,5,50.0,1 Year,18,2,128993,3,0.752,23,0
4f09207e,Finance,365,4966.69,Month-to-Month,8,146,8049,2,0.605,30,1
16b76625,E-commerce,114,1171.85,2 Year,66,52,32107,0,0.649,0,0
701690d6,Finance,94,1968.51,Month-to-Month,15,41,54066,2,0.926,4,0
c75de662,Technology,364,4086.96,1 Year,4,151,125050,4,0.502,4,0
f0db7929,Manufacturing,8,260.52,1 Year,14,2,128204,2,0.484,2,0
a17a51b2,E-commerce,5,838.92,1 Year,4,2,14201,1,0.56,1,0
f66d0365,Finance,97,1531.11,1 Year,17,18,143371,1,0.359,4,0
d21dea39,Manufacturing,84,1157.34,1 Year,20,42,20127,1,0.787,12,0
be173c75,E-commerce,5,1208.8,1 Year,10,2,112652,3,0.761,13,0
62fc2d7e,E-commerce,93,680.8,Month-to-Month,2,35,4891,1,0.598,8,0
f655d9e7,Finance,29,50.0,1 Year,69,10,11054,1,0.415,15,0
ed4d6829,Manufacturing,16,50.0,Month-to-Month,36,7,4114,2,0.051,12,0
c2b58c39,E-commerce,33,1206.14,Month-to-Month,44,19,17764,2,0.433,15,0
b19dc633,Technology,5,775.38,Month-to-Month,11,2,103515,2,0.554,36,1
020d9eb3,Technology,22,50.0,Month-to-Month,35,12,8674,1,0.22,8,0
a7f2ebe9,Finance,18,50.0,2 Year,16,8,12734,0,1.0,14,0
420053b8,E-commerce,125,1147.08,1 Year,6,39,12179,2,0.683,17,0
00a1e467,Technology,43,50.0,2 Year,4,19,16058,1,0.709,24,0
a5f344a0,Finance,142,1173.03,Month-to-Month,11,62,942,3,0.57,7,0
2d195d13,Technology,5,50.0,1 Year,4,1,27569,2,0.748,25,1
4cd4d43f,Manufacturing,15,50.0,Month-to-Month,120,5,187099,2,0.54,7,0
e805e94c,E-commerce,125,2191.6,Month-to-Month,2,44,29718,1,0.568,11,0
0113479e,Technology,34,50.0,2 Year,14,13,83923,1,0.881,4,0
46a0703f,Technology,194,2646.33,Month-to-Month,15,72,42365,1,0.82,42,1
c792b39a,Technology,5,50.0,Month-to-Month,9,2,749,1,0.598,2,0
751706d7,Finance,163,1064.6,Month-to-Month,21,72,44035,2,1.0,2,0
d3b45734,Healthcare,20,454.53,1 Year,4,10,146416,1,0.584,2,0
252440e5,E-commerce,18,50.0,1 Year,37,8,40316,1,0.499,5,0
39d9df3c,E-commerce,241,2306.45,Month-to-Month,10,79,37531,0,0.625,14,0
7a2b7211,E-commerce,311,3182.45,Month-to-Month,22,190,55467,1,0.66,41,1
bf5f9612,Technology,257,2163.89,Month-to-Month,31,84,102353,3,0.362,9,0
bbf85edb,Finance,1162,10809.43,Month-to-Month,53,419,41592,1,0.697,9,0
c8f3b991,E-commerce,365,3624.37,2 Year,44,167,26080,2,1.0,7,0
f626b649,Finance,16,641.96,2 Year,23,11,1889,0,0.79,23,0
b1fa9573,Technology,67,219.2,2 Year,12,29,5886,1,0.733,4,0
483f26b1,E-commerce,31,386.98,2 Year,17,10,52308,2,0.696,2,0
26de9fe0,Finance,1145,12202.75,2 Year,36,270,48239,2,0.4,2,0
7aa9fa24,Finance,286,2815.12,2 Year,51,65,13657,0,0.401,19,0
a5ac794d,Technology,41,453.05,2 Year,3,16,63456,3,0.633,1,0
85ee82cc,E-commerce,203,2057.61,2 Year,12,92,16401,3,0.514,6,0
eb63c5b0,Finance,8,50.0,Month-to-Month,36,2,18190,2,0.311,3,0
734e5d88,Manufacturing,79,293.32,Month-to-Month,14,33,3168,1,0.53,2,0
4aa8c18c,Technology,13,50.0,1 Year,10,3,39956,2,0.69,8,0
8003c09f,Manufacturing,5,234.09,1 Year,13,1,16962,2,0.716,19,0
a2a36236,E-commerce,177,2148.94,1 Year,23,81,85446,3,0.433,3,0
bdfa3dea,E-commerce,213,2532.54,1 Year,120,69,80839,2,0.591,1,0
f1f7f150,Technology,108,890.73,1 Year,17,57,6873,1,0.683,9,0
b8012e32,E-commerce,41,956.65,Month-to-Month,6,14,8717,3,0.346,13,0
b84ed4d0,Technology,8,233.68,Month-to-Month,5,4,19356,5,0.446,8,0
fa452c13,Finance,9,125.37,2 Year,2,5,43476,1,0.597,1,0
d6c1de50,E-commerce,12,50.0,1 Year,20,3,20966,2,0.418,0,0
4a250018,Healthcare,38,50.0,Month-to-Month,19,24,21558,1,0.534,0,0
21b042e7,Finance,274,1979.45,2 Year,6,109,7544,0,1.0,25,0
8e57f305,Healthcare,267,2983.54,Month-to-Month,29,89,20443,3,0.299,8,0
1c5de6c3,Healthcare,5,97.52,Month-to-Month,33,1,31782,1,0.885,4,0
50628bf1,Manufacturing,19,50.0,Month-to-Month,8,6,209058,0,0.668,2,0
a7d81cd5,Finance,18,332.18,2 Year,11,9,90997,0,0.355,12,0
8b34f445,E-commerce,5,50.0,1 Year,112,2,78747,4,0.736,14,0
99733078,Technology,127,748.12,Month-to-Month,12,67,41028,7,0.609,16,1
04725050,E-commerce,37,50.0,2 Year,35,9,22321,1,0.841,0,0
9634e8ae,Finance,46,730.07,2 Year,15,19,97226,1,0.732,14,0
c160e64f,Technology,411,4809.72,1 Year,38,100,21341,1,0.639,1,0
ac183785,E-commerce,62,327.0,2 Year,36,31,44922,1,0.539,15,0
a60a45b0,Technology,28,941.23,1 Year,27,9,14864,2,0.834,1,0
9ca3cfb2,Technology,128,1303.7,1 Year,47,57,74896,1,0.522,2,0
1505fbc7,Manufacturing,267,2788.07,Month-to-Month,68,93,36132,0,0.32,15,0
bb1e6e6b,E-commerce,85,818.1,Month-to-Month,21,19,112770,1,0.221,9,0
32c0daf4,Finance,153,1431.34,Month-to-Month,7,74,42070,2,0.353,0,0
e1bfeacf,E-commerce,43,649.65,2 Year,13,21,8974,2,0.761,1,0
9db3c69f,Healthcare,48,850.16,Month-to-Month,35,19,247720,0,0.527,2,0
48715393,Technology,64,197.69,Month-to-Month,26,12,34854,3,0.446,18,0
eda896a4,Healthcare,17,75.35,Month-to-Month,5,8,14431,3,0.513,9,0
22ab31b4,Finance,23,1064.64,Month-to-Month,2,7,19970,2,0.766,2,0
b7a56ab1,Technology,431,4398.59,Month-to-Month,28,194,6461,0,0.727,2,0
2247e2b6,E-commerce,1109,11233.35,2 Year,7,389,3840,1,0.632,6,0
ba3e2059,Finance,594,6523.63,2 Year,17,214,29943,0,0.48,0,0
47e793be,E-commerce,7,50.0,2 Year,33,3,151695,12,0.522,5,0
977fafa8,Technology,6,50.0,1 Year,20,1,6561,6,0.574,15,1
bb6a6c6a,Finance,9,498.42,2 Year,3,3,116510,2,0.421,5,0
87009bee,Technology,66,1279.45,Month-to-Month,5,29,79662,3,0.578,15,1
6c460646,Healthcare,5,50.0,1 Year,6,3,82104,2,0.411,9,0
d06e5f42,Technology,22,50.0,Month-to-Month,8,8,61885,1,0.673,5,0
4be1c0ea,Technology,450,4000.82,2 Year,21,217,44804,2,0.696,22,0
8d37d140,Finance,238,2318.09,Month-to-Month,17,67,6470,4,0.823,5,0
5c1eeee1,E-commerce,25,50.0,1 Year,6,14,42860,5,0.652,13,0
caac2550,Finance,28,612.05,1 Year,2,8,21691,1,0.646,16,1
87c3b930,Technology,127,1356.21,1 Year,5,49,5563,4,0.433,24,1
1bf296e9,E-commerce,222,2664.6,Month-to-Month,100,100,81438,0,0.59,3,0
a15d4c43,E-commerce,24,716.5,1 Year,16,7,39543,1,0.395,2,0
a0671b77,Finance,38,719.54,1 Year,49,19,68315,2,0.259,5,0
09385028,Finance,23,62.1,Month-to-Month,46,7,32649,3,0.547,20,1
c8810999,Healthcare,7,122.14,1 Year,18,3,40116,0,0.499,3,0
6c4afbdb,Finance,39,159.56,2 Year,30,19,62299,3,0.722,3,0
60fd6463,E-commerce,35,50.0,2 Year,6,16,14180,2,0.408,0,0
67a9e63f,Technology,8,556.89,Month-to-Month,28,3,93881,3,1.0,12,0
5c25acdf,E-commerce,143,1387.97,Month-to-Month,8,93,27318,1,0.504,12,0
20e0b3ea,E-commerce,112,368.69,Month-to-Month,43,49,61633,1,0.586,17,0
a046d0d6,Manufacturing,155,1818.47,1 Year,3,63,19732,1,0.487,6,0
ce0d8a63,Technology,17,58.03,2 Year,36,7,60612,3,0.756,22,0
3d38e702,Manufacturing,5,50.0,2 Year,3,2,2224,0,0.557,0,0
b7aea8d7,E-commerce,110,413.14,2 Year,52,69,132438,3,0.404,8,0
0ceeee86,Finance,20,50.0,1 Year,9,7,77298,2,0.233,6,0
9a5f4080,Healthcare,14,245.26,1 Year,26,4,54652,1,0.715,22,0
bceb505c,Technology,8,474.01,Month-to-Month,17,4,19569,2,0.73,23,0
99256aaf,Healthcare,36,736.88,Month-to-Month,11,9,92444,1,0.669,37,0
c9035bee,Finance,581,6111.43,2 Year,25,247,72983,2,0.557,4,0
250d6a97,E-commerce,25,232.82,1 Year,71,10,30173,1,0.536,4,0
233d18d9,E-commerce,10,961.12,Month-to-Month,2,3,10998,4,0.756,2,0
750fa1aa,E-commerce,145,1799.94,Month-to-Month,61,57,9649,1,0.58,13,0
59f9a7eb,Finance,70,811.05,Month-to-Month,23,16,33490,6,0.825,17,1
7895ece7,Finance,5,333.29,1 Year,40,1,76487,4,0.58,19,0
15d41ac7,E-commerce,147,1270.48,2 Year,12,72,62669,2,0.573,46,0
6590bb97,Manufacturing,1329,13261.38,Month-to-Month,16,260,34017,2,0.674,8,0
798a8eb0,Technology,5,50.0,Month-to-Month,49,1,11434,2,0.878,2,0
7e1c8a04,Manufacturing,8,50.0,1 Year,13,2,13671,0,0.835,9,0
f23cf015,Technology,5,929.94,Month-to-Month,19,1,2968,2,0.59,4,0
808b5a89,E-commerce,48,554.19,Month-to-Month,1,27,9727,2,0.525,4,0
3d125447,Finance,241,2463.37,Month-to-Month,5,71,642,2,0.358,12,0
32675e79,E-commerce,63,1129.3,Month-to-Month,25,28,56118,3,0.738,2,0
a96a44de,E-commerce,440,4578.91,1 Year,31,155,44365,0,0.243,7,0
9bee9261,E-commerce,189,1496.76,2 Year,21,59,220960,2,0.941,1,0
589b6230,E-commerce,701,7021.83,1 Year,4,263,71936,1,0.769,22,1
8885b2e3,E-commerce,311,2542.39,1 Year,15,113,14134,4,0.451,0,0
a743ec09,Finance,29,381.81,Month-to-Month,11,11,61531,5,0.846,26,0
6d87c62d,E-commerce,60,181.13,1 Year,17,19,612,3,0.71,78,0
e868db93,Finance,14,604.15,1 Year,50,4,214001,1,0.694,2,0
364b70c3,Technology,38,124.88,Month-to-Month,36,19,47652,2,0.547,0,0
a94de0f6,Finance,59,177.65,1 Year,3,23,6372,4,0.711,0,0
08f0efbd,Healthcare,48,423.58,Month-to-Month,54,18,34509,3,0.317,1,0
92fb880a,E-commerce,408,4262.7,1 Year,16,126,141185,3,0.613,24,0
205dc5e1,E-commerce,33,50.0,1 Year,33,18,94756,2,0.464,13,0
0f0978ba,E-commerce,13,50.0,1 Year,4,5,17756,0,0.542,0,0
bec30b0a,Finance,14,192.58,2 Year,27,2,25221,1,0.462,32,0
7b7eb0ff,E-commerce,145,2119.18,2 Year,7,61,96056,3,0.472,10,0
3c30ed4d,Finance,6,50.0,2 Year,14,1,115135,2,0.858,26,0
95eaafae,Manufacturing,40,707.58,2 Year,1,19,123018,0,0.313,12,0
9ed17e4c,Manufacturing,399,3798.22,Month-to-Month,4,201,147719,3,0.682,4,0
4430ffa9,E-commerce,84,592.69,Month-to-Month,3,41,34711,1,0.374,0,0
b1619a2c,Finance,48,139.44,Month-to-Month,7,16,98851,1,0.864,0,0
6c0de6b5,Technology,51,328.05,Month-to-Month,3,19,21306,1,0.686,9,0
13013729,Healthcare,11,420.41,Month-to-Month,29,4,91040,0,0.319,6,0
11075362,E-commerce,15,50.0,2 Year,1,7,21344,5,0.667,8,0
942e4bc3,Finance,40,1229.3,1 Year,24,11,46865,3,0.461,33,1
cd2fa373,Manufacturing,82,1131.93,1 Year,4,33,31599,2,0.645,23,1
449c0976,Healthcare,226,2358.99,Month-to-Month,70,132,111717,1,0.334,4,0
9f4b3010,E-commerce,62,536.97,1 Year,65,21,3441,2,0.846,3,0
52ee0fcb,Technology,415,4744.93,2 Year,7,164,148594,2,0.201,3,0
10869773,E-commerce,606,6728.01,Month-to-Month,23,400,31003,3,0.438,28,1
4cc6a043,Healthcare,179,1209.31,2 Year,1,67,32830,4,0.384,23,0
9b191d31,Manufacturing,342,3069.05,Month-to-Month,65,84,87959,2,0.676,27,1
e85b4f76,E-commerce,12,437.32,2 Year,18,4,54857,3,0.501,2,0
38eb95f0,E-commerce,9,558.34,Month-to-Month,2,5,153641,5,0.563,6,0
1269775b,Finance,118,1029.83,1 Year,11,59,39550,3,0.472,4,0
bca354cb,E-commerce,7,50.0,2 Year,2,2,40896,2,0.326,3,0
0b5729c0,E-commerce,35,389.31,1 Year,12,15,178249,0,0.554,1,0
0d4db17d,Healthcare,173,2468.35,1 Year,27,66,130482,3,0.339,18,0
76c45cc3,Healthcare,454,4560.52,1 Year,16,218,11703,7,0.234,3,0
bc61cc12,Technology,37,50.0,Month-to-Month,12,12,18332,2,0.725,4,0
b08651e0,Finance,20,254.79,Month-to-Month,4,8,49086,2,0.352,9,1
340a7fd5,Finance,88,1271.37,Month-to-Month,7,52,140152,1,0.891,26,0
79678d8f,E-commerce,10,50.0,Month-to-Month,3,1,41431,1,0.884,12,0
9a104382,Technology,42,1049.08,2 Year,40,19,65992,4,0.777,10,0
cf3c54b0,Healthcare,53,962.92,2 Year,4,28,4935,3,0.373,1,0
83516ff0,E-commerce,52,489.12,Month-to-Month,22,12,36972,3,1.0,9,0
48be27e9,Healthcare,62,641.57,2 Year,11,20,7985,2,0.13,3,0
0dd1a854,Healthcare,15,50.0,Month-to-Month,7,5,15097,2,0.423,10,0
f8adb695,Healthcare,18,785.11,Month-to-Month,25,5,9094,1,0.767,3,0
8013716d,Technology,17,50.0,1 Year,15,5,9070,1,0.751,0,0
f6f220bb,Healthcare,5,50.0,Month-to-Month,13,1,239620,4,0.455,18,1
05c3d132,Healthcare,91,635.07,Month-to-Month,22,44,17708,1,0.443,8,0
3f1cbb11,E-commerce,208,2308.35,1 Year,17,114,41676,1,0.557,3,0
9b86339b,Technology,180,1235.65,2 Year,9,95,1014,2,0.583,4,0
190961f8,Finance,36,50.0,1 Year,20,17,82094,1,0.506,9,0
d929fb5e,E-commerce,16,133.74,Month-to-Month,27,9,57007,6,0.932,11,0
7b2ba190,Healthcare,166,1346.74,Month-to-Month,1,100,12988,1,0.463,6,1
c0e15d18,E-commerce,142,1587.62,1 Year,16,59,1836,2,0.893,7,0
e1b81720,E-commerce,75,455.06,1 Year,2,40,16050,4,0.681,1,0
2410a759,E-commerce,747,8267.52,2 Year,5,330,49521,2,0.804,1,0
1e03465e,Finance,52,866.73,2 Year,20,19,765,4,0.301,2,0
aafc3fd1,Finance,37,710.44,2 Year,49,14,3917,2,0.806,7,0
20789710,Healthcare,29,50.0,1 Year,52,14,26326,2,0.799,5,0
598b4d65,Finance,5,1252.84,Month-to-Month,2,2,9679,4,0.467,8,1
2bf40fbb,Healthcare,147,1250.49,1 Year,14,67,49957,2,0.77,1,0
1e62a6b2,Technology,46,103.09,1 Year,21,16,9597,3,0.304,34,0
d65f57ce,Manufacturing,117,1523.37,Month-to-Month,4,41,252689,0,0.505,9,0
ada2dfd3,Manufacturing,865,8747.61,1 Year,35,185,28618,3,0.833,1,0
d671e3eb,Technology,30,50.0,Month-to-Month,33,13,8027,1,0.564,4,0
f1e6e1f5,E-commerce,5,1147.92,2 Year,57,2,3835,1,0.547,39,0
11c143d7,Technology,112,1607.8,Month-to-Month,1,33,27284,2,0.881,33,1
84162a89,Finance,70,702.0,2 Year,6,31,82798,2,0.209,0,0
ad6ca5ad,E-commerce,18,1380.56,Month-to-Month,43,8,28887,1,0.564,17,0
3f8d4f40,E-commerce,99,1395.39,1 Year,27,24,7603,4,0.587,10,0
91d929e9,E-commerce,177,1764.05,Month-to-Month,54,65,33540,1,0.441,2,0
9e02c410,Technology,13,1270.72,1 Year,2,7,20576,0,0.875,17,0
4027051f,Finance,34,669.49,Month-to-Month,22,11,34844,2,0.418,10,0
2357cab8,Finance,500,5307.62,Month-to-Month,21,200,24808,2,0.42,1,0
aed0da84,Manufacturing,18,50.0,Month-to-Month,1,7,52190,1,0.106,18,1
3dc254f8,Healthcare,60,624.71,1 Year,18,23,81386,2,0.822,14,0
f9f76a64,E-commerce,5,50.0,2 Year,23,2,108777,2,0.534,0,0
ea2a4341,Manufacturing,5,769.87,1 Year,6,2,67602,3,0.534,2,0
674c2507,E-commerce,69,50.0,Month-to-Month,8,36,21927,1,0.557,3,0
e7daab42,E-commerce,344,4122.94,Month-to-Month,25,126,29751,1,0.839,6,0
54f9c8cb,Finance,7,50.0,2 Year,16,3,51328,0,0.923,2,0
b649d448,Finance,61,581.04,1 Year,47,29,12412,3,0.254,17,0
a77fec21,Technology,31,162.39,Month-to-Month,11,12,60493,3,0.507,12,0
8b59fe2a,E-commerce,228,2019.92,Month-to-Month,8,74,52461,6,0.373,0,0
ba0f2e7d,E-commerce,8,424.89,1 Year,101,3,53426,2,0.555,12,0
25d63e50,Healthcare,104,1037.41,Month-to-Month,59,35,20272,2,0.582,30,0
a1a69131,Healthcare,20,50.0,1 Year,1,6,46010,1,0.256,6,0
16353056,Manufacturing,76,837.0,1 Year,36,32,11015,0,0.674,2,0
3ea35160,Finance,60,251.96,Month-to-Month,3,22,10517,3,0.51,21,1
c00ae7bd,E-commerce,37,101.11,1 Year,1,15,73163,2,0.756,10,0
568b613f,Healthcare,111,361.37,2 Year,8,27,23866,1,0.606,5,0
c1a48a1a,E-commerce,58,354.85,Month-to-Month,8,22,39328,5,0.257,5,0
5c125840,Manufacturing,44,687.1,Month-to-Month,42,7,17318,1,0.723,3,0
a1c7de8e,E-commerce,31,328.56,1 Year,30,9,13449,0,0.332,1,0
dd5842b7,Healthcare,61,1517.53,Month-to-Month,96,23,75676,0,0.354,20,1
a98f447d,E-commerce,76,2066.41,2 Year,30,39,79037,2,0.537,40,0
8f8e1fa0,Technology,12,50.0,2 Year,14,5,90481,2,0.543,29,0
ba6d7ebb,E-commerce,32,50.0,2 Year,29,13,96360,2,0.249,1,0
31581441,Technology,11,674.91,Month-to-Month,120,3,26498,3,0.57,5,0
cc89ba4d,E-commerce,51,677.6,1 Year,30,19,82765,2,0.582,3,0
87669803,Technology,22,787.94,2 Year,35,11,21227,3,0.574,4,0
3b5ffac8,E-commerce,173,1929.42,Month-to-Month,67,50,2697,0,0.262,3,0
9f6ca799,Healthcare,149,1392.82,Month-to-Month,3,48,58452,1,0.629,26,1
60a6d279,Finance,13,50.0,Month-to-Month,30,6,11092,3,0.724,29,0
f2cd0af4,Finance,54,756.39,2 Year,46,19,30025,4,0.331,0,0
3425c4c7,Manufacturing,142,1314.44,1 Year,75,84,8948,1,0.385,7,0
1db2b9a0,Technology,41,1019.75,1 Year,6,19,24840,4,0.757,10,0
394ba30e,E-commerce,18,50.0,1 Year,17,9,108083,4,0.916,2,0
abf1de35,Finance,10,707.07,1 Year,28,2,47486,5,0.567,0,0
697a5d5c,Finance,196,1023.3,Month-to-Month,7,99,8016,3,0.51,0,0
e8af1f3c,Technology,211,2182.55,1 Year,23,66,64640,0,0.64,13,0
9dcc069b,E-commerce,39,224.48,1 Year,8,18,94142,3,0.871,4,0
549cdaa7,Finance,172,961.82,1 Year,10,62,9099,1,0.43,8,0
dfefe833,E-commerce,5,50.0,1 Year,14,2,68147,4,0.503,3,0
e8fae142,Healthcare,399,3441.24,1 Year,19,115,39828,2,0.498,16,0
406b9962,Finance,43,452.84,2 Year,15,9,46350,4,0.317,0,0
a6aaaf10,E-commerce,67,368.91,Month-to-Month,17,27,139864,2,0.771,0,0
018b7324,Healthcare,33,50.0,1 Year,9,12,1862,2,0.652,5,0
b49124f4,Manufacturing,442,5096.14,1 Year,5,137,50914,3,0.197,5,0
6cb81da0,Finance,11,50.0,2 Year,2,2,4250,2,0.598,0,0
0e7a45dd,Healthcare,498,5319.56,1 Year,6,65,77933,2,0.932,17,0
3234db3e,Finance,98,535.5,Month-to-Month,21,44,113232,2,0.655,7,0
ccc70f11,Technology,138,818.6,Month-to-Month,38,51,4525,2,0.921,18,0
2d523d41,E-commerce,33,50.0,Month-to-Month,5,11,1308,1,0.488,6,1
f3b53d96,E-commerce,7,379.96,Month-to-Month,3,2,155803,1,0.793,9,0
10c7d350,Healthcare,220,1514.27,1 Year,34,110,130541,0,0.863,0,0
a9cd49d6,Healthcare,87,1013.73,2 Year,9,37,128685,3,0.585,15,0
19c75af6,E-commerce,420,3719.62,1 Year,73,149,140408,2,0.518,0,0
d58da913,Technology,40,50.0,Month-to-Month,31,24,34667,3,0.82,3,0
9d506f9e,Technology,29,490.32,Month-to-Month,10,9,188395,2,0.708,6,0
aa52d490,Healthcare,437,5456.74,1 Year,9,113,111426,4,0.791,2,0
cbadea88,E-commerce,960,9144.49,1 Year,18,393,5138,3,0.683,0,0
2e471ed1,Manufacturing,55,909.94,2 Year,2,20,83754,3,0.584,12,0
9d229673,Finance,17,50.0,2 Year,4,8,62316,0,0.582,5,0
3adadd75,Technology,184,1602.63,2 Year,5,63,7199,0,0.529,13,0
c71873cb,Healthcare,37,905.69,Month-to-Month,36,14,66955,7,0.68,2,0
da46110c,Manufacturing,134,918.24,1 Year,18,41,33171,3,0.565,6,0
f0d5ab74,Technology,37,50.0,Month-to-Month,1,17,96147,2,0.651,4,0
ead7b18b,Manufacturing,570,5930.09,Month-to-Month,27,236,85406,3,0.441,5,0
193df5ee,E-commerce,19,987.39,Month-to-Month,14,7,142651,3,0.43,36,1
d993ac28,Finance,112,1495.0,Month-to-Month,18,43,3913,0,0.717,5,0
7a812a58,Manufacturing,26,50.0,Month-to-Month,6,10,61936,3,0.678,7,0
2d25bfcd,Finance,35,50.0,2 Year,20,8,23666,0,0.514,32,0
0b4ba4f9,Finance,29,779.8,Month-to-Month,93,14,74804,2,0.875,0,0
8205243c,Technology,165,2440.56,2 Year,2,84,46135,0,0.436,3,0
42655cf5,Technology,216,2274.36,2 Year,9,87,34217,0,0.687,2,0
742ce9c5,Manufacturing,126,970.41,2 Year,7,49,212,2,0.692,6,0
7d7ed5b5,Finance,46,1283.01,2 Year,7,13,46718,2,0.611,1,0
f721b145,Technology,67,632.7,1 Year,12,38,27269,2,0.853,6,0
a74efb6f,Technology,209,1787.1,Month-to-Month,41,114,20212,3,0.925,3,0
ec039b9b,Healthcare,220,1812.53,1 Year,59,96,224459,1,0.37,34,0
7519f96d,Finance,5,50.0,2 Year,6,2,60259,1,0.145,1,0
540def05,Finance,36,1776.79,2 Year,19,18,38813,1,0.502,6,0
f63bf6ee,Finance,39,1100.48,2 Year,25,19,101522,3,0.403,11,0
aab26e95,Manufacturing,148,1151.85,1 Year,18,46,12880,2,0.513,9,0
3ebcd5ea,E-commerce,49,1355.91,1 Year,14,18,48367,3,0.964,4,0
df1bedb7,Technology,160,1866.65,2 Year,6,71,98636,4,1.0,3,0
d2496f02,Manufacturing,10,337.05,2 Year,17,4,6595,1,0.41,5,0
471c6258,Finance,80,441.04,Month-to-Month,13,38,13465,6,0.645,0,0
63978fa2,Technology,210,1842.94,1 Year,39,97,4312,0,0.64,4,0
4b5a9b04,E-commerce,5,50.0,2 Year,35,2,244266,0,0.669,9,0
0bf6092e,Technology,2369,22707.23,Month-to-Month,4,330,43483,4,0.326,44,1
9040923c,Finance,325,3006.59,2 Year,3,168,33616,2,0.847,10,0
b15220e3,Manufacturing,54,542.24,Month-to-Month,58,26,20657,2,0.78,29,1
c4f8b467,Finance,15,804.76,Month-to-Month,19,9,29841,1,0.504,0,0
6b8d7026,Finance,41,101.73,Month-to-Month,47,14,74773,2,0.846,14,0
922e6a6e,Technology,61,1016.07,1 Year,2,13,124276,2,0.312,6,0
d560e053,Finance,105,50.0,Month-to-Month,18,40,5543,1,0.261,9,1
819f99e7,E-commerce,518,5763.52,Month-to-Month,19,230,17807,4,0.653,4,0
dcc9c701,E-commerce,26,50.0,2 Year,48,9,10482,1,0.686,3,0
25751135,Technology,126,1325.14,Month-to-Month,3,67,28589,4,0.567,4,0
635398ca,Finance,7,273.17,Month-to-Month,7,2,37802,6,0.821,9,0
bf627350,Healthcare,29,395.09,1 Year,13,11,63877,2,0.469,9,0
06bc907b,Finance,96,906.61,Month-to-Month,49,36,104236,2,0.841,8,0
b89568bb,E-commerce,153,909.24,2 Year,68,103,39058,4,0.758,5,0
174d520c,Finance,17,50.0,Month-to-Month,119,5,33546,2,0.973,15,0
04501854,Finance,28,778.22,1 Year,77,12,42871,0,0.245,15,0
871b6fc3,Finance,488,4581.31,1 Year,1,136,109646,2,0.503,12,0
9351de56,Healthcare,311,3058.35,2 Year,2,135,52283,3,0.419,1,0
a404ed84,E-commerce,74,50.0,Month-to-Month,4,22,77410,2,0.755,4,0
29f0d91e,Technology,5,479.29,Month-to-Month,11,2,63557,0,0.915,24,0
7a812ed2,Finance,2360,22940.26,2 Year,43,1158,128528,2,0.526,6,0
79c37c06,E-commerce,52,977.98,1 Year,54,22,84896,1,0.72,7,0
8e5b73d3,E-commerce,34,50.0,1 Year,5,8,20867,3,0.889,17,0
e9cbacee,E-commerce,24,747.25,Month-to-Month,24,9,96333,3,0.665,27,1
fec02645,Technology,96,965.1,1 Year,60,35,31503,3,0.74,27,0
3d32a7d5,E-commerce,97,690.62,Month-to-Month,15,46,93938,1,0.203,2,1
8ee5c5cc,E-commerce,227,3070.2,Month-to-Month,3,70,118088,1,0.913,0,0
6fefe4e7,Healthcare,13,95.57,1 Year,15,6,57801,1,0.54,7,0
3f9593da,E-commerce,34,159.09,2 Year,12,16,63449,3,1.0,11,0
257b3652,E-commerce,1148,11934.56,Month-to-Month,21,301,7605,3,0.43,14,0
22304b9b,Healthcare,76,50.0,Month-to-Month,14,28,19566,2,0.695,10,0
41e4ae39,Finance,42,50.0,Month-to-Month,1,16,40792,1,0.765,0,1
134a0eda,Manufacturing,13,708.99,1 Year,120,6,176,2,0.1,4,0
0ea4f2dd,E-commerce,116,741.85,1 Year,19,38,93956,1,0.955,0,0
37ede3d0,E-commerce,256,2992.31,Month-to-Month,16,107,23060,3,0.749,15,0
95562436,Manufacturing,202,2043.08,2 Year,75,103,64258,3,0.301,0,0
9c5536f3,Technology,37,50.0,Month-to-Month,5,15,73331,0,0.674,9,1
2e9c9b26,E-commerce,93,1233.64,Month-to-Month,6,19,39712,0,0.673,4,0
d0dbee82,Technology,670,6494.91,Month-to-Month,40,234,78086,3,0.573,6,0
fa45564c,Technology,272,2181.33,Month-to-Month,8,133,57349,1,0.481,3,0
af0de485,E-commerce,16,50.0,Month-to-Month,39,7,22302,4,0.586,13,0
f428f784,E-commerce,5,50.0,Month-to-Month,8,1,84683,1,0.772,4,0
cdc46da2,Finance,85,1051.51,1 Year,1,35,50537,1,0.764,12,0
5776998d,Manufacturing,180,1332.3,Month-to-Month,18,89,8729,0,0.602,4,0
519d7f08,E-commerce,10,82.64,Month-to-Month,6,4,74101,1,0.646,5,0
792d327e,Healthcare,53,439.14,Month-to-Month,35,24,56379,1,0.575,7,0
96878b57,Technology,36,50.0,Month-to-Month,25,21,16749,1,0.405,5,0
f6f62339,E-commerce,63,50.0,Month-to-Month,62,24,92251,5,0.589,8,0
aa925ef6,Healthcare,24,1506.86,Month-to-Month,37,10,23420,1,0.453,24,1
125a9e06,E-commerce,378,3755.73,2 Year,5,115,40230,2,0.401,4,0
1b8eedb2,E-commerce,68,1591.69,1 Year,39,22,21015,3,0.116,12,0
8507ea0e,Technology,14,722.47,1 Year,25,5,64434,1,0.518,20,0
ddf07289,Finance,216,1999.42,2 Year,27,104,43514,0,0.757,0,0
dc2adde5,Technology,8,170.48,1 Year,43,2,31771,0,0.845,8,0
008bb41f,E-commerce,374,3815.96,1 Year,21,195,1026,1,0.689,1,0
2a818bf4,Healthcare,241,3332.1,1 Year,16,70,46720,2,0.341,15,0
f9854dc4,Manufacturing,439,4804.92,1 Year,25,203,48689,1,0.569,4,0
f3625c23,E-commerce,43,50.0,2 Year,9,19,9997,3,0.369,7,0
690f3216,Finance,25,425.81,Month-to-Month,5,10,20196,2,0.982,7,0
f1b89426,E-commerce,61,1012.16,Month-to-Month,24,30,105510,3,0.523,8,0
8174ae6b,Technology,48,50.0,Month-to-Month,7,15,39832,2,0.501,38,1
46bb6209,Finance,20,447.07,2 Year,2,7,28553,1,0.785,7,0
9ec68921,Finance,23,902.74,Month-to-Month,1,6,137413,4,0.592,13,0
858ebdcc,Healthcare,31,50.0,2 Year,23,12,83551,0,0.814,37,0
487fb6b3,Finance,9,50.0,Month-to-Month,11,3,5127,2,0.375,14,1
f5d7bc5e,Technology,150,2080.24,Month-to-Month,34,72,97924,1,0.618,17,0
7c1ddb6f,E-commerce,50,322.88,Month-to-Month,12,21,8110,2,0.701,0,0
1f1e97e7,Finance,34,50.0,1 Year,16,15,9606,1,0.076,2,0
621632f2,Finance,10,541.14,1 Year,13,3,3916,2,0.463,11,0
988425df,Finance,9,378.43,Month-to-Month,26,3,32826,1,0.477,23,0
51529d7a,Manufacturing,996,10007.2,1 Year,11,578,51738,3,0.611,0,0
f86907b9,Finance,21,772.29,Month-to-Month,80,5,70063,3,0.538,16,1
362e8165,Manufacturing,136,1957.82,1 Year,67,29,1354,1,0.659,2,0
75c07c4e,E-commerce,69,648.59,1 Year,46,31,9792,2,0.553,5,0
83ebde27,Finance,5,1037.16,2 Year,61,1,48540,1,0.829,18,0
3fd600ef,Technology,803,8821.69,2 Year,15,210,37283,2,1.0,1,0
0ee3a6aa,E-commerce,152,527.85,Month-to-Month,19,68,2635,2,0.3,10,0
da17002c,Technology,17,50.0,Month-to-Month,33,5,136984,2,0.605,17,0
c571c0f9,Manufacturing,52,50.0,2 Year,29,28,71046,3,0.817,9,0
7441490f,Healthcare,9,50.0,Month-to-Month,54,3,22220,2,0.459,0,0
3cd9a27e,Healthcare,844,7834.39,Month-to-Month,31,320,38436,1,0.656,10,0
787c2295,Technology,13,50.0,Month-to-Month,120,4,23440,0,0.524,2,0
d42cb729,Finance,24,785.28,Month-to-Month,11,10,30375,1,0.399,1,0
d43929aa,Finance,18,50.0,1 Year,43,4,45339,3,0.397,4,0
4a48dfd6,Healthcare,61,674.87,Month-to-Month,29,9,25413,1,0.106,14,1
1dac1aff,Healthcare,426,4321.84,2 Year,29,104,48473,2,0.633,1,0
77c35615,Technology,799,7948.81,1 Year,10,410,31288,4,0.646,6,0
be7a009f,Healthcare,30,365.39,1 Year,37,9,53539,1,0.41,21,0
08df2e2c,E-commerce,96,50.0,Month-to-Month,56,24,15205,3,0.544,6,0
1cf60e66,E-commerce,61,205.22,Month-to-Month,6,23,9388,1,0.312,3,0
9c59018a,E-commerce,12,891.5,1 Year,24,7,683,4,0.707,3,0
f96464ea,Healthcare,2066,20061.56,1 Year,12,1051,46062,1,0.52,44,0
10c33379,Technology,421,5043.31,1 Year,110,134,197593,5,0.754,1,0
6a75f416,Healthcare,72,50.0,Month-to-Month,16,22,27269,3,0.536,5,0
cbb8e741,Technology,585,5086.48,1 Year,7,187,11952,2,0.402,13,0
1107fa40,Technology,336,2884.11,1 Year,12,103,659,1,0.493,3,0
8d7ea221,E-commerce,61,1174.54,1 Year,26,27,35952,3,0.902,18,0
736a4c25,E-commerce,89,616.94,1 Year,2,32,246025,0,1.0,9,0
9a56126d,E-commerce,527,5442.7,2 Year,23,152,206061,2,0.299,6,0
5a73ad6e,Finance,13,166.82,1 Year,65,3,5343,4,0.781,25,0
82216363,Technology,672,6692.77,Month-to-Month,46,423,84751,3,0.378,4,0
7bde0302,Technology,38,1017.06,1 Year,2,18,9516,2,0.448,33,1
bb9870f6,Finance,537,5755.76,1 Year,120,168,82866,1,0.642,0,0
3f3bb19b,E-commerce,54,50.0,Month-to-Month,29,28,96053,4,0.698,0,0
84c66dfb,Manufacturing,90,762.21,Month-to-Month,5,25,388,4,0.454,0,1
46dbd3e0,Manufacturing,51,1381.72,1 Year,1,19,13541,3,0.722,0,0
276088ce,E-commerce,24,399.78,1 Year,5,9,2910,3,0.837,2,0
8d79a017,E-commerce,36,50.0,2 Year,44,15,34548,1,0.746,5,0
b901b1e1,Finance,432,3601.48,2 Year,1,132,1353,3,0.407,16,0
7d2bba32,Manufacturing,5,495.07,Month-to-Month,7,2,49186,1,0.511,4,0
7047570a,Healthcare,8,431.22,1 Year,34,1,40859,1,0.775,1,0
7cca3d33,E-commerce,18,50.0,1 Year,22,6,23852,3,0.91,0,0
c5159a00,Finance,10,473.82,Month-to-Month,37,5,30976,1,0.346,8,0
ca07952e,Finance,525,6049.7,Month-to-Month,33,263,230735,3,0.661,2,0
d7eca5cb,E-commerce,360,4328.93,Month-to-Month,2,118,9175,1,0.747,4,0
f236561c,Manufacturing,132,2122.14,Month-to-Month,54,32,65659,2,0.321,2,0
662d4d97,Healthcare,20,477.74,2 Year,7,3,51825,2,0.804,5,0
81b1b104,E-commerce,404,3951.17,Month-to-Month,20,186,54487,0,1.0,36,0
5efda03c,Healthcare,5,50.0,Month-to-Month,25,2,21210,2,0.733,36,1
5eb58511,Finance,1356,13551.31,Month-to-Month,5,594,12197,1,0.713,12,0
07535d73,E-commerce,19,50.0,1 Year,90,10,52608,2,0.45,2,0
455c055d,E-commerce,36,180.35,Month-to-Month,17,14,121934,2,0.502,19,1
e1eb9b14,Finance,28,917.56,Month-to-Month,2,11,186459,0,0.471,0,1
24c65dec,Finance,10,50.0,Month-to-Month,67,2,32783,0,0.423,7,0
53715be5,Healthcare,980,9029.67,Month-to-Month,22,551,27722,3,0.552,20,1
c8b504c6,Finance,178,2195.27,Month-to-Month,29,68,21457,5,0.662,5,0
a7e4f58d,Manufacturing,338,3204.91,1 Year,18,107,83030,2,0.428,2,0
05c5761a,Manufacturing,8,50.0,Month-to-Month,44,3,14745,0,0.531,9,0
0f6a449b,Finance,71,679.33,Month-to-Month,1,42,35977,1,0.664,17,1
ee53a188,E-commerce,119,1087.94,Month-to-Month,8,73,21160,0,0.177,11,0
4da8a5a4,Manufacturing,81,594.46,2 Year,16,24,104253,0,0.79,2,0
fe761759,Healthcare,9,432.85,Month-to-Month,2,4,16611,3,0.643,1,0
e9f5ff55,Technology,274,2073.4,2 Year,30,118,57995,0,0.645,3,0
9d5d09f6,Manufacturing,65,656.49,2 Year,13,32,44427,3,0.831,1,0
e20105fe,Healthcare,13,50.0,Month-to-Month,8,5,19902,4,0.788,31,1
c3f4a0bd,Finance,5,68.91,1 Year,1,2,14703,1,0.721,4,0
b9f813d2,Manufacturing,135,483.91,1 Year,31,71,81428,3,0.656,34,0
09a02ccf,E-commerce,2155,21288.68,1 Year,44,485,35718,3,0.598,8,0
69e7a786,Healthcare,11,119.88,1 Year,13,4,47268,2,0.484,11,0
984bd2c4,Finance,70,970.58,1 Year,20,19,163624,2,0.408,24,0
86ce3266,E-commerce,288,3803.2,Month-to-Month,7,101,25376,3,0.677,50,1
9dae3d6d,E-commerce,8,482.97,1 Year,24,3,84175,3,0.679,29,0
cfaeb31a,Technology,26,490.58,1 Year,1,7,50911,0,0.628,5,0
9c4781af,Manufacturing,15,785.74,Month-to-Month,17,5,45012,2,0.331,11,0
83b16fd0,Finance,239,2238.09,2 Year,25,62,2805,4,0.069,4,0
779ec784,E-commerce,398,4756.96,Month-to-Month,61,135,121724,3,0.611,9,0
a759982f,E-commerce,69,1249.64,2 Year,12,31,12977,1,0.233,7,0
5a7185c3,E-commerce,15,50.0,1 Year,35,7,32045,2,0.664,0,0
b6770497,Finance,28,1241.98,1 Year,22,9,69719,0,0.99,20,0
78ecaafa,Manufacturing,21,433.47,2 Year,63,11,36941,4,0.666,4,0
4fb5b00d,Technology,12,1216.48,2 Year,13,5,217,2,0.513,5,0
efcfd4a3,E-commerce,46,611.59,Month-to-Month,10,24,148833,1,0.391,4,0
a12e09a2,E-commerce,129,1009.04,1 Year,53,28,1034,2,0.485,6,0
ed7a27ee,Finance,113,746.23,Month-to-Month,2,48,4710,4,0.593,6,0
e2823c76,E-commerce,53,352.13,Month-to-Month,4,24,12688,1,0.815,10,0
53693411,E-commerce,59,304.35,2 Year,3,13,45684,3,0.628,4,0
dcc07233,E-commerce,48,1115.69,Month-to-Month,45,30,177260,3,0.542,2,0
31119d63,Manufacturing,7,55.51,Month-to-Month,1,2,127976,0,0.735,5,0
1fb90e69,E-commerce,69,50.0,1 Year,48,31,52682,2,0.895,3,0
6754a7ab,Finance,22,326.5,Month-to-Month,15,10,67679,4,0.663,8,0
f7d176df,Technology,7,132.76,Month-to-Month,1,2,62219,2,0.638,12,0
44b5c82c,Finance,95,715.7,1 Year,13,51,58069,2,0.268,12,0
fb9e7e19,Finance,21,343.8,1 Year,5,12,83670,2,0.328,22,1
f990cd8a,Finance,76,737.95,Month-to-Month,24,21,20767,2,0.302,2,0
50cc3704,E-commerce,194,2256.88,1 Year,28,79,12495,3,0.562,6,0
eb225d60,Technology,13,417.49,2 Year,17,6,21358,4,0.433,9,0
536b0d81,E-commerce,62,802.45,2 Year,1,14,2491,1,0.501,7,0
e94461f8,Technology,5,50.0,1 Year,26,2,170617,1,0.431,10,0
26b3d1c1,E-commerce,543,6489.51,Month-to-Month,45,309,67258,1,0.448,19,1
3d0aba85,Finance,7,50.0,Month-to-Month,31,3,12003,0,0.229,0,0
9d6e6066,Technology,25,185.65,2 Year,43,11,14771,1,0.644,4,0
a5187dd3,Finance,406,3512.78,Month-to-Month,6,224,245371,0,0.74,7,0
152654dd,Finance,38,578.17,2 Year,53,16,73074,0,0.614,7,0
4d7b0c3f,E-commerce,9,159.2,Month-to-Month,10,2,27726,1,0.673,0,0
2a14cd06,Finance,159,1505.62,2 Year,1,55,11574,2,0.693,8,0
3c328029,Healthcare,153,2288.89,Month-to-Month,45,57,2063,4,0.685,11,0
4b315e94,E-commerce,21,764.25,Month-to-Month,69,8,55329,2,0.769,4,0
359fd226,E-commerce,24,76.44,1 Year,26,9,75701,3,0.838,24,0
d4696186,E-commerce,28,682.07,2 Year,7,10,5700,1,0.916,11,0
60c8aaef,Manufacturing,40,1182.34,1 Year,7,16,119,4,0.215,9,0
bb633ea9,E-commerce,5,600.67,Month-to-Month,16,2,22113,1,0.693,2,0
4e2775fa,Technology,41,341.89,2 Year,55,17,55047,0,0.358,39,0
dfe25ffe,Healthcare,793,7134.85,1 Year,4,367,128717,2,0.881,6,0
3d1d0c1b,E-commerce,14,302.32,Month-to-Month,42,2,105820,3,0.613,0,0
8961fb1b,Technology,22,554.31,Month-to-Month,9,9,58322,5,0.655,0,0
b97e9903,E-commerce,9,50.0,1 Year,40,4,84114,2,0.623,4,0
340dc152,Technology,136,1371.27,Month-to-Month,61,71,21992,3,0.642,0,0
ddac631b,Finance,331,3268.56,2 Year,14,170,14058,2,0.929,1,0
19085098,Healthcare,320,3893.86,Month-to-Month,11,137,6631,2,0.848,11,0
333fb949,E-commerce,8,1006.91,1 Year,39,3,10022,2,0.921,4,0
d16d8aec,Finance,115,1737.61,Month-to-Month,19,38,164748,5,0.561,5,0
5c365069,Technology,469,4647.22,1 Year,28,227,132932,1,0.175,30,0
ed6956c5,Finance,117,1743.86,Month-to-Month,24,38,2402,1,0.749,10,0
aee58e15,Manufacturing,111,1434.39,Month-to-Month,4,51,31738,5,0.377,3,0
5dc0101c,Manufacturing,26,222.55,Month-to-Month,45,10,23366,2,0.528,4,0
2c41bb9d,Finance,75,1796.2,Month-to-Month,6,30,52746,1,0.588,29,1
45c53c0d,Finance,348,3110.99,Month-to-Month,65,174,19904,1,0.6,5,0
98688067,Technology,89,1191.95,Month-to-Month,7,40,16467,2,0.729,5,0
64b5028d,Manufacturing,8,499.78,Month-to-Month,32,3,82818,3,0.415,3,0
aaf5462d,E-commerce,27,126.25,Month-to-Month,9,9,146982,0,0.725,3,0
22e0af77,Finance,334,3619.57,2 Year,10,187,11332,3,0.562,14,0
4f312a5b,E-commerce,88,1352.75,Month-to-Month,9,38,13413,3,1.0,16,1
751f62ef,E-commerce,65,772.32,Month-to-Month,34,30,27160,3,0.282,2,0
ce134725,Finance,23,466.25,Month-to-Month,20,9,61260,2,0.625,27,0
24526393,Technology,324,3292.72,1 Year,52,107,9139,2,0.723,3,0
8754688a,Healthcare,660,6998.76,1 Year,9,287,31549,4,0.518,12,0
2735b2cc,Healthcare,363,3515.51,Month-to-Month,29,123,91895,3,0.485,9,0
db68be1e,Finance,475,4594.1,Month-to-Month,34,210,13333,1,0.865,0,0
47b1e81d,Finance,31,320.28,1 Year,4,2,2441,1,0.768,19,0
ba1994f2,Finance,25,841.83,2 Year,13,8,118665,2,0.44,9,0
7ce8f4ca,E-commerce,43,50.0,2 Year,16,17,77448,3,0.303,8,0
0ccc5680,Finance,57,115.32,Month-to-Month,11,17,60000,6,0.718,8,0
352e0ecd,Finance,467,5807.89,1 Year,10,203,4569,2,0.665,10,0
b0ff0642,Finance,313,3267.59,Month-to-Month,28,111,114797,1,0.714,0,0
7e9a259a,Manufacturing,122,1016.48,1 Year,6,48,18211,4,0.574,14,0
4502f6bb,E-commerce,6,457.43,Month-to-Month,30,2,11880,1,0.772,3,0
09a7a3ef,E-commerce,5,50.0,Month-to-Month,66,2,33422,3,0.92,5,0
ae986d37,E-commerce,78,50.0,1 Year,20,35,128067,3,0.906,0,0
7f0e9619,Manufacturing,204,2217.4,1 Year,23,87,260647,1,0.436,1,0
864fd5dd,Finance,48,114.61,1 Year,2,19,47609,1,1.0,16,0
67a611b7,E-commerce,965,9700.69,Month-to-Month,48,630,155622,3,0.732,4,0
e7604d39,Technology,10,264.7,1 Year,9,3,30195,1,0.315,12,0
acb9fbca,E-commerce,8,151.06,2 Year,23,2,1505,3,0.687,4,0
0afcd4db,Healthcare,20,50.0,Month-to-Month,93,5,16124,3,0.646,20,0
91432105,E-commerce,19,203.14,Month-to-Month,22,9,17964,2,0.577,6,0
c1a0bf9e,Healthcare,120,1422.3,1 Year,31,67,76325,1,0.559,3,0
aa3c3460,E-commerce,29,50.0,Month-to-Month,15,9,6633,2,0.74,15,0
49673af4,Technology,5,50.0,1 Year,2,1,9612,2,0.741,8,0
be0c00fd,Finance,207,1535.49,1 Year,39,75,47630,2,0.483,8,0
c9f29e9e,Technology,5,423.38,2 Year,1,1,6998,2,0.493,12,0
920f1f2c,Healthcare,10,50.0,2 Year,29,2,34211,0,0.485,44,0
3ec41fa8,Technology,5,464.89,Month-to-Month,1,2,1784,2,0.565,4,0
ba0ecdc5,E-commerce,74,936.03,Month-to-Month,48,38,55263,2,0.777,7,0
c16b4c6c,Finance,72,591.25,Month-to-Month,5,15,119501,3,0.841,3,0
e7a06666,Healthcare,967,8929.69,Month-to-Month,18,556,103931,2,0.557,4,0
280d4870,Manufacturing,215,1751.77,Month-to-Month,22,120,3823,2,0.82,0,0
9b98f0c1,Healthcare,474,5130.95,1 Year,15,44,44702,2,0.688,5,0
1cc4c140,Finance,84,1468.36,2 Year,11,15,5481,1,0.627,2,0
c2e762c9,Finance,12,50.0,2 Year,16,4,2750,1,0.974,9,0
6bb50cac,E-commerce,66,1230.93,Month-to-Month,9,35,47129,2,0.666,0,0
8e21c3f2,E-commerce,132,1662.94,1 Year,14,56,42485,3,0.573,1,0
be5cfbe3,Healthcare,156,1556.58,1 Year,11,62,4926,2,0.767,7,0
b202f2b6,Finance,26,50.0,Month-to-Month,21,11,22303,4,0.354,5,0
774f738e,Finance,113,839.3,Month-to-Month,7,36,19037,0,0.556,5,0
2d1e09ee,Finance,13,1041.46,2 Year,108,6,20962,8,0.652,7,0
6f0e1ffc,E-commerce,11,199.22,Month-to-Month,17,4,20262,1,0.744,2,0
20667580,Technology,10,764.93,2 Year,6,2,87050,1,0.648,1,0
d4c7b06d,Finance,56,680.78,1 Year,16,17,21817,2,0.342,0,0
84d06a63,Finance,9,50.0,Month-to-Month,49,3,20056,2,0.423,21,0
bb74dd74,Finance,28,572.05,Month-to-Month,1,10,1503,2,0.514,14,0
4da761b9,Manufacturing,211,3188.92,Month-to-Month,28,76,78129,1,0.648,4,0
f88876c0,Manufacturing,11,50.0,1 Year,20,4,53922,3,0.341,3,0
3b2bb9e4,Technology,25,706.93,1 Year,5,10,20884,3,0.882,7,0
ef06e62b,Finance,60,695.25,1 Year,41,16,30059,3,0.663,0,0
ca33b22c,Healthcare,79,65.24,1 Year,12,41,79011,1,0.657,24,0
30cfb0ef,Finance,25,50.0,2 Year,9,9,21096,3,0.565,8,0
62065e68,Finance,177,1544.01,Month-to-Month,43,78,32062,4,0.311,26,1
b456cebf,E-commerce,132,1493.74,1 Year,25,54,999,0,0.618,29,0
02a03186,Technology,301,3449.19,1 Year,55,108,125245,3,0.75,7,0
e8fa49bf,Technology,48,50.0,Month-to-Month,24,23,23200,2,0.569,6,0
c393f7f0,Technology,25,576.35,2 Year,33,10,17579,1,0.814,3,0
d2c555c1,Finance,19,130.81,1 Year,44,7,46967,4,0.588,17,0
d8c11171,E-commerce,86,861.66,Month-to-Month,2,12,37401,1,0.739,29,1
8980a375,Finance,31,604.31,2 Year,36,14,25618,2,0.578,1,0
f21a0cf9,Healthcare,23,1103.05,2 Year,23,8,127778,3,0.676,15,0
e7c29109,Technology,27,421.82,1 Year,2,12,22547,2,0.774,2,0
f498e919,Healthcare,19,50.0,Month-to-Month,18,10,321072,1,0.384,1,0
f2ef66d8,E-commerce,73,636.45,2 Year,3,35,77825,3,0.729,3,0
09756fcb,Finance,6,486.07,Month-to-Month,32,2,116821,1,0.811,11,0
159a36f1,E-commerce,86,1302.52,1 Year,19,31,16617,0,1.0,0,0
280724e3,Technology,150,1832.91,Month-to-Month,74,97,3641,1,0.614,3,0
ec06c160,Finance,22,50.0,Month-to-Month,5,9,27167,3,0.18,7,1
24f40822,Technology,975,9066.09,2 Year,23,410,18799,0,0.244,15,0
c61f5717,Finance,56,854.75,1 Year,6,21,3129,0,0.423,4,0
89bc04a5,E-commerce,5,50.0,1 Year,23,1,3708,1,0.856,6,0
bc4dfb5c,Technology,35,696.51,Month-to-Month,31,7,9574,1,1.0,9,0
4e896b02,E-commerce,59,936.64,2 Year,31,32,23724,0,0.519,2,0
1f8f5acf,Manufacturing,107,836.15,Month-to-Month,41,34,136854,1,0.611,26,0
3799c776,Finance,37,313.77,Month-to-Month,47,14,53613,3,0.084,4,0
191cfc48,E-commerce,11,209.34,1 Year,2,4,25409,2,0.73,13,0
012cda8d,E-commerce,10,50.0,Month-to-Month,11,5,80321,2,0.627,11,0
15d434b1,Manufacturing,20,50.0,Month-to-Month,28,6,42023,0,0.55,10,0
d2ff49a8,Finance,23,210.39,2 Year,17,9,27016,4,0.407,5,0
a763f495,Technology,9,122.52,1 Year,6,4,7795,1,0.53,20,0
e862ce9a,E-commerce,18,860.52,2 Year,20,4,130892,1,0.331,15,0
04ac8d9e,Finance,146,1069.0,1 Year,13,36,48893,2,0.428,8,0
c325407d,E-commerce,647,7004.25,Month-to-Month,12,212,28924,2,0.346,3,0
b961bf98,Finance,169,1116.47,Month-to-Month,40,71,28838,0,0.397,8,0
65d04bde,E-commerce,387,3197.7,2 Year,13,159,72416,0,0.369,0,0
c14fcd84,Technology,235,2199.57,Month-to-Month,1,91,9889,1,0.715,7,0
f035e2af,E-commerce,190,1429.55,1 Year,2,88,27024,3,0.37,12,0
38aade8c,E-commerce,32,50.0,Month-to-Month,47,10,3254,2,0.59,25,0
92dbd487,E-commerce,67,1642.17,1 Year,78,25,4164,1,0.382,12,0
95ff3978,Healthcare,29,64.18,Month-to-Month,28,11,37358,2,0.389,2,0
7b15626c,Finance,39,1545.65,Month-to-Month,11,12,23966,1,0.382,0,0
714fd5e0,E-commerce,60,102.63,1 Year,67,37,63561,4,0.796,3,0
02a07e49,Finance,159,735.73,Month-to-Month,27,29,216116,0,0.563,5,0
9a134ac2,Finance,103,1675.64,1 Year,45,53,98100,2,0.451,0,0
412648b9,E-commerce,42,56.67,1 Year,35,20,29160,2,0.399,29,0
1f5bb2de,Finance,59,659.43,1 Year,12,28,23729,2,0.331,8,0
e4044263,Finance,104,362.18,Month-to-Month,16,42,43982,3,0.456,29,0
fb161056,E-commerce,148,1460.94,1 Year,5,78,4806,1,0.313,4,0
83333022,Healthcare,5,50.0,2 Year,9,1,219746,1,0.513,12,0
46c272e6,Manufacturing,10,63.05,1 Year,37,4,198146,2,0.458,10,0
952e5ec0,Technology,287,2633.03,1 Year,54,116,128167,0,0.444,2,0
4e41f389,Technology,49,605.13,2 Year,31,18,54265,3,0.848,3,0
bf8f1895,Healthcare,28,592.85,2 Year,16,11,34970,3,0.551,5,0
3fb227b0,Technology,36,480.54,Month-to-Month,3,10,61326,4,0.564,2,0
3432b68e,Technology,36,585.52,2 Year,2,12,18872,2,0.856,3,0
4dd0aa05,Technology,126,1205.48,Month-to-Month,12,70,95604,1,0.328,8,0
998bb164,Healthcare,10,50.0,2 Year,15,6,7229,2,0.503,2,0
9f93b4ee,E-commerce,56,795.06,Month-to-Month,23,25,81348,1,0.29,3,0
3034830f,Technology,78,724.28,Month-to-Month,1,37,101051,1,0.614,22,1
c11cac65,E-commerce,98,943.35,2 Year,110,41,9326,1,0.721,6,0
8c137702,E-commerce,76,958.87,Month-to-Month,11,33,32559,0,0.115,12,0
3ef69001,E-commerce,118,663.39,Month-to-Month,46,53,111120,2,0.772,3,0
4e95cfec,E-commerce,23,944.81,1 Year,19,11,160065,0,0.662,9,0
90cf337d,Healthcare,13,50.0,1 Year,4,7,83396,2,0.607,11,0
7667eccc,E-commerce,2176,21822.09,Month-to-Month,39,677,141435,3,0.352,3,0
ed875cd1,Healthcare,34,317.74,Month-to-Month,30,23,138229,1,0.754,5,0
92fd7503,E-commerce,41,736.37,Month-to-Month,18,16,194905,0,0.937,18,1
b75737bf,Finance,150,1669.59,Month-to-Month,18,62,26670,0,0.519,12,0
e7366aa4,E-commerce,598,5955.04,1 Year,3,214,16909,3,0.537,22,0
c0c3afcc,Healthcare,24,964.38,Month-to-Month,26,8,50111,2,0.605,2,0
75ca9987,E-commerce,12,50.0,Month-to-Month,59,5,10465,1,0.52,11,0
4934d8a8,Technology,8,701.34,1 Year,3,3,40711,3,0.564,0,0
023672bd,Finance,595,6410.11,2 Year,8,271,43290,5,0.806,2,0
4d3899c1,Healthcare,11,50.0,1 Year,56,3,82107,3,0.587,0,0
37686df7,Healthcare,52,984.64,Month-to-Month,9,6,22454,2,0.658,14,0
1bea41fe,Technology,12,649.23,1 Year,26,2,46043,3,1.0,7,0
6f16cd51,E-commerce,6,340.88,2 Year,19,2,116794,1,0.893,7,0
909173be,E-commerce,35,50.0,1 Year,22,15,27387,1,0.391,5,0
9afe7210,Healthcare,13,471.33,Month-to-Month,13,4,42399,1,0.949,0,0
97bd37ba,E-commerce,19,693.6,2 Year,9,6,77411,3,0.875,14,0
715e7fe3,Technology,1106,10773.9,1 Year,2,475,14360,3,0.899,12,0
1cc20528,Technology,103,1250.57,2 Year,33,40,5455,5,0.475,12,0
771a1543,E-commerce,220,2023.4,1 Year,33,77,57253,1,0.642,51,0
1521f7f3,Healthcare,188,2322.69,Month-to-Month,27,44,23139,3,0.522,18,1
09a68e62,Healthcare,46,303.25,Month-to-Month,25,14,24031,4,0.624,3,0
0f53e5b4,Healthcare,28,50.0,1 Year,7,13,133029,2,0.95,1,0
37ffc370,Finance,79,770.35,Month-to-Month,1,23,26201,0,0.628,5,1
bb00050d,Healthcare,70,50.0,Month-to-Month,40,32,153607,3,0.256,17,1
aea0bf04,Finance,23,160.71,Month-to-Month,17,12,5623,3,0.525,1,0
12f3ed6e,Finance,66,841.05,2 Year,9,21,21001,6,0.469,14,0
3542f7fd,Manufacturing,18,614.98,2 Year,3,6,59036,4,0.958,28,0
d95a08eb,E-commerce,42,544.48,Month-to-Month,2,20,6733,2,0.437,1,1
1f648e6f,Technology,33,50.0,1 Year,11,17,24472,3,0.519,11,0
11bbf616,Technology,8,756.14,Month-to-Month,40,2,95441,0,0.525,2,0
e5f6d83e,Healthcare,5,768.08,1 Year,61,1,71724,0,0.92,54,0
979949ef,Technology,13,186.28,Month-to-Month,55,6,16571,4,0.792,22,0
a70e3a16,Finance,817,7794.03,1 Year,61,374,22037,2,0.714,4,0
c5d9e18f,E-commerce,34,74.19,Month-to-Month,58,14,35168,2,0.647,0,0
9d0c524d,Finance,174,1638.24,Month-to-Month,18,85,65705,1,0.643,0,0
ad92ff9f,Manufacturing,5,189.33,Month-to-Month,6,1,8236,2,0.615,6,0
822b4ff3,Finance,12,50.0,Month-to-Month,39,5,37502,2,1.0,31,0
e5ef361b,Finance,7,50.0,2 Year,6,2,3809,0,0.347,18,0
1612e1c7,Manufacturing,40,911.5,Month-to-Month,8,18,25359,0,0.047,6,0
4ed1441c,Healthcare,2065,20778.64,Month-to-Month,7,991,10597,6,0.689,2,0
8872ff52,E-commerce,108,553.81,Month-to-Month,18,53,18483,0,0.881,0,0
c45b2e52,Technology,694,7085.66,Month-to-Month,10,319,20134,2,0.637,4,0
72f2a498,Technology,37,450.94,1 Year,5,15,73511,3,0.204,16,1
c64106c3,Manufacturing,422,3860.97,Month-to-Month,15,180,15405,5,0.749,6,0
543760a5,Manufacturing,1224,12837.52,Month-to-Month,50,534,54497,3,0.387,6,1
6d30f5ba,Healthcare,46,527.44,Month-to-Month,21,15,38101,5,0.343,6,1
531c0054,Technology,24,131.69,Month-to-Month,51,8,81539,4,0.404,2,0
b33a57d6,E-commerce,7,50.0,Month-to-Month,6,3,19398,1,0.278,16,1
d5b5162d,E-commerce,34,561.96,2 Year,5,15,261600,1,0.641,13,0
e0ce3587,Healthcare,61,573.91,Month-to-Month,21,20,17532,4,0.47,3,0
db9ebac2,E-commerce,1148,11439.73,1 Year,15,335,43321,3,0.334,2,0
960e6325,Manufacturing,7,602.98,1 Year,26,1,50013,1,1.0,15,0
1255c161,Manufacturing,59,50.0,Month-to-Month,38,16,38627,1,0.494,37,0
e8c035b9,E-commerce,5,50.0,1 Year,34,1,97893,0,0.61,1,0
1d4c0346,Healthcare,28,668.48,1 Year,69,9,5994,1,0.911,1,0
07782030,Finance,87,2077.92,1 Year,13,32,45474,5,0.735,8,0
faed2530,Technology,117,1608.25,2 Year,6,32,35294,2,0.982,6,0
f9f70296,Technology,132,2252.1,Month-to-Month,20,28,26996,0,0.461,1,0
a7469e97,E-commerce,99,772.81,Month-to-Month,3,40,21249,1,0.809,9,0
711c3851,Healthcare,130,981.46,1 Year,9,53,8295,2,0.698,0,0
0fe2f18f,E-commerce,58,808.27,Month-to-Month,6,26,52487,2,0.799,6,0
ce2ff857,E-commerce,11,586.82,Month-to-Month,13,5,6261,1,0.769,1,0
3b1d0bf8,Manufacturing,5,50.0,2 Year,3,2,88390,1,0.446,4,0
783ae7f0,E-commerce,24,133.39,1 Year,1,9,29685,0,1.0,40,0
feb27e87,Finance,44,426.49,Month-to-Month,26,21,46496,2,0.148,4,0
cff551d0,E-commerce,358,3240.56,Month-to-Month,23,194,4049,2,0.427,4,0
dd8da850,Healthcare,46,178.89,Month-to-Month,30,15,4902,2,0.736,5,0
1320578d,Manufacturing,40,821.53,Month-to-Month,26,19,13452,1,0.658,8,0
4621d7aa,Finance,97,1204.84,2 Year,3,32,75647,2,0.627,0,0
56c2044e,E-commerce,36,759.23,2 Year,9,15,33260,2,0.743,16,0
403bd416,Finance,184,2008.44,1 Year,4,93,18615,2,0.431,3,0
9866999e,E-commerce,1063,10193.37,Month-to-Month,45,396,94677,4,0.768,18,0
ba46956f,E-commerce,1459,14801.55,1 Year,33,444,10654,2,0.574,1,0
3adc17b6,Technology,63,153.95,2 Year,6,22,15020,3,0.88,5,0
b91a465c,Finance,90,744.12,2 Year,11,27,74969,5,0.539,44,0
231739dc,Finance,583,5311.88,1 Year,82,170,1370,2,0.694,2,0
53d5698f,Healthcare,43,124.56,1 Year,22,22,12443,1,0.727,7,0
f14b1ab7,E-commerce,151,1555.24,1 Year,39,68,36837,2,0.781,3,0
10fc34a8,Healthcare,9,50.0,Month-to-Month,8,2,123276,1,0.607,10,0
1583fd25,E-commerce,34,50.0,1 Year,6,10,15453,4,0.543,0,0
321d3a46,Technology,309,3658.9,1 Year,37,95,11982,3,0.445,16,0
e7bc00d4,Technology,18,120.2,1 Year,28,5,184277,1,0.697,10,0
84b7865d,E-commerce,45,186.04,1 Year,28,23,37170,2,0.221,20,0
7dbe60f4,E-commerce,5,50.0,1 Year,20,1,3227,2,0.662,14,0
1f13fa2f,Healthcare,1106,10124.0,1 Year,20,678,16182,0,0.677,1,0
7861aa46,E-commerce,363,3518.98,Month-to-Month,32,143,38142,2,0.975,20,0
01bb420d,Technology,72,50.0,2 Year,8,24,3735,2,0.468,4,0
05ac9f78,Finance,116,1516.02,1 Year,11,57,58972,1,0.638,6,0
7932f1a0,E-commerce,98,994.75,1 Year,50,22,36958,1,0.632,0,0
424c430f,Technology,435,5129.18,Month-to-Month,9,182,61845,5,0.379,2,0
5a8cf33f,Technology,25,361.54,2 Year,19,6,20907,1,0.599,3,0
8764da36,Finance,163,1266.67,1 Year,30,29,27233,1,0.332,16,0
390a73d8,E-commerce,274,1800.0,1 Year,120,106,131647,1,0.793,6,0
e0b3689b,Finance,337,3773.27,2 Year,14,162,11829,2,0.718,4,0
96199747,Healthcare,5,50.0,2 Year,14,2,2015,2,0.686,29,0
bca2a5c8,Manufacturing,22,50.0,1 Year,45,9,201463,2,0.473,2,0
3d0ee744,Technology,11,947.04,Month-to-Month,40,1,372,1,0.884,6,0
2f76783b,Technology,68,985.49,2 Year,32,26,109572,1,0.383,2,0
3d9917d5,Healthcare,5,244.93,2 Year,15,1,87427,1,0.61,2,0
972003c0,Technology,5,522.16,Month-to-Month,10,2,33435,1,0.366,21,1
20a02df5,E-commerce,1415,14603.52,Month-to-Month,23,416,61096,4,0.563,8,0
c071d21e,Finance,137,2160.47,1 Year,51,66,5550,0,0.854,0,0
e54f2cf4,E-commerce,65,348.91,Month-to-Month,52,22,72125,3,0.694,1,0
4ae04f7c,Healthcare,94,751.66,Month-to-Month,3,34,76568,4,0.416,21,1
aa3825aa,Technology,68,218.81,1 Year,14,30,2635,1,0.496,0,0
57ccdac5,E-commerce,243,2413.65,2 Year,15,68,34382,3,0.524,22,0
62440fd7,Finance,21,143.88,Month-to-Month,92,10,147968,1,0.433,2,0
d1bfc4fe,Finance,72,50.0,2 Year,28,19,150942,4,0.655,39,0
1f16d4fc,Finance,76,433.05,2 Year,13,35,208393,1,1.0,9,0
eda5f53b,Healthcare,11,829.56,2 Year,1,4,53452,2,0.488,39,0
e97e7d09,E-commerce,370,3822.1,Month-to-Month,20,142,7606,2,0.986,7,0
05de0dcc,Technology,27,627.7,Month-to-Month,3,2,26627,2,0.599,15,1
1fac1fd3,Healthcare,251,2449.73,Month-to-Month,44,85,64902,1,0.664,3,0
c4df6d2e,Healthcare,64,50.0,2 Year,34,24,16692,1,0.652,1,0
fdef6b2a,E-commerce,632,6255.68,1 Year,15,350,83074,0,0.261,1,0
2034abb9,Technology,11,630.85,Month-to-Month,14,4,98794,5,0.691,4,0
c0bdd436,Finance,10,50.0,Month-to-Month,55,3,72100,1,0.114,4,1
11404079,Finance,14,513.52,Month-to-Month,9,6,20935,1,0.642,3,0
1a68ac8a,E-commerce,66,50.0,2 Year,7,23,67637,4,0.633,32,0
e77ca151,Finance,551,5520.1,1 Year,68,277,3751,5,0.293,1,0
077c7e8c,Healthcare,595,6222.26,1 Year,40,253,20414,2,0.613,2,0
4436f638,Technology,5,50.0,Month-to-Month,42,1,72536,0,0.541,2,0
cfa9a347,E-commerce,79,2026.24,2 Year,6,39,79193,1,0.569,13,0
58ac15f4,E-commerce,5,50.0,1 Year,4,2,19193,3,0.571,11,0
17d8ed1e,Technology,179,1500.79,2 Year,1,87,161336,0,0.482,1,0
12e92fa8,E-commerce,292,3022.25,Month-to-Month,7,111,15960,1,0.615,0,0
86576648,Finance,51,132.51,1 Year,36,23,53941,2,0.773,0,0
4b4755fe,Finance,61,50.0,Month-to-Month,7,36,105583,1,0.552,2,0
b1659ea4,Healthcare,60,51.17,Month-to-Month,32,25,40081,2,0.59,14,0
6e639313,Healthcare,16,538.99,Month-to-Month,7,5,26593,1,0.73,22,1
6cab3c95,E-commerce,104,887.53,Month-to-Month,13,57,11875,3,1.0,23,0
8bcda918,Technology,38,1231.01,Month-to-Month,99,17,10935,2,0.561,5,0
228f2ae9,Manufacturing,220,1979.38,1 Year,7,78,8653,3,0.26,17,0
65a2e23a,E-commerce,46,815.26,Month-to-Month,12,26,29261,3,0.421,12,1
effdcd47,Finance,15,405.42,Month-to-Month,9,4,39694,0,0.72,0,0
5679b723,Healthcare,5,50.0,Month-to-Month,3,2,91332,4,0.903,25,1
5774fa95,Technology,5,50.0,1 Year,17,2,12253,2,0.411,7,0
9490100d,E-commerce,391,3044.1,Month-to-Month,12,198,70367,2,0.591,6,0
259cda05,E-commerce,27,546.56,1 Year,29,8,59226,3,0.604,8,0
e2aba39c,Technology,90,1499.13,Month-to-Month,41,24,50327,1,0.446,1,0
360600b5,Technology,792,7125.03,Month-to-Month,19,334,20726,3,0.907,1,0
d91b2013,Technology,23,50.0,1 Year,1,10,19135,2,0.833,5,0
28bb6cab,Healthcare,21,50.0,Month-to-Month,24,6,71135,1,0.669,8,0
b5ae1cb6,Technology,44,715.68,2 Year,2,18,16047,1,0.516,0,0
0bc65a1d,Technology,57,405.67,2 Year,23,14,20002,2,0.791,0,0
b47843e2,Finance,926,9921.49,1 Year,28,468,167895,0,0.703,28,0
cb9f27d8,E-commerce,571,5517.8,Month-to-Month,6,195,323940,4,0.513,4,0
f21ad2f4,Finance,138,761.81,1 Year,42,52,85,1,0.794,1,0
aa18b5f1,Manufacturing,480,4565.6,1 Year,59,233,58039,2,0.674,1,0
c5f43475,Healthcare,41,230.69,Month-to-Month,41,19,38339,3,0.268,5,0
8a985790,E-commerce,85,1113.05,Month-to-Month,9,38,30825,4,0.402,18,0
640c9f29,Finance,34,153.24,Month-to-Month,22,17,16124,3,0.334,4,0
2dcddf45,Technology,7,290.05,Month-to-Month,60,3,35377,0,0.806,13,0
e17e4737,Finance,332,2924.76,1 Year,10,180,30493,1,0.46,3,0
1d82e3df,Finance,121,1062.66,2 Year,42,27,25650,3,0.725,5,0
c6c75556,E-commerce,56,167.48,Month-to-Month,1,22,94794,2,1.0,2,0
8aaad9e4,Manufacturing,54,116.68,Month-to-Month,1,21,15779,3,0.759,13,0
4f50c1da,Finance,5,687.42,Month-to-Month,35,1,45500,3,0.516,15,1
af183f4e,Healthcare,12,50.0,Month-to-Month,35,5,99834,3,0.451,6,0
9ed5ed0a,Technology,90,726.2,Month-to-Month,38,37,193165,2,0.539,12,0
6cd5b316,E-commerce,24,762.3,Month-to-Month,64,11,46159,1,0.394,3,0
e9722b75,Manufacturing,39,765.0,Month-to-Month,4,10,36702,4,0.371,6,1
57b30498,Healthcare,46,1280.6,1 Year,7,28,91790,3,0.439,20,0
e3f091a1,E-commerce,19,431.4,1 Year,57,6,10440,3,0.706,0,0
719556fb,Finance,12,50.0,2 Year,5,5,49714,1,0.496,6,0
95538c8c,Finance,5,1078.57,1 Year,28,1,3316,0,0.555,0,0
298547a9,E-commerce,43,721.04,Month-to-Month,19,17,53943,1,0.694,5,0
619ade65,E-commerce,138,1302.65,1 Year,3,47,79435,3,0.745,7,0
f0518c8e,Technology,5,78.73,Month-to-Month,9,2,3254,3,0.214,14,0
2d188ea4,Finance,52,609.64,1 Year,18,23,94332,2,0.255,3,0
9b15f6f4,E-commerce,83,711.59,Month-to-Month,46,13,6582,3,0.523,15,1
c40628c0,E-commerce,12,50.0,Month-to-Month,30,4,9669,4,0.377,0,0
18bc7fc8,Manufacturing,460,5413.36,Month-to-Month,24,167,90517,3,0.771,2,0
5a595eb5,Finance,30,289.08,Month-to-Month,17,18,6659,3,0.507,9,0
952c1acf,Finance,46,551.75,Month-to-Month,9,22,56020,0,0.96,0,0
9188149d,Finance,42,1459.07,Month-to-Month,4,23,17464,0,0.502,10,1
09a8cc84,E-commerce,5,50.0,1 Year,13,2,14275,2,0.662,12,0
a66fb695,Finance,247,2797.74,Month-to-Month,1,100,52513,1,0.467,18,1
0cf7bbf0,Manufacturing,13,50.0,Month-to-Month,6,5,5645,4,0.698,14,0
cf3e78f3,Finance,38,540.51,1 Year,14,19,42738,0,0.702,27,0
af693bde,Technology,133,1430.75,Month-to-Month,14,76,129196,0,0.778,7,0
885ea725,Healthcare,488,5275.3,2 Year,2,209,95327,2,0.573,13,0
2902adfb,E-commerce,10,704.08,2 Year,22,3,95229,1,0.854,16,0
d0bba575,Manufacturing,27,50.0,2 Year,20,13,18043,2,0.66,10,0
04faa371,Finance,434,5048.34,Month-to-Month,2,136,60412,0,0.471,26,1
7004a49b,Manufacturing,109,1833.74,Month-to-Month,69,47,75730,1,0.473,6,0
452925e6,E-commerce,149,1365.01,1 Year,3,69,115836,5,0.746,2,0
6c936faf,Manufacturing,11,106.71,Month-to-Month,47,4,15335,4,0.853,3,0
2a44a832,E-commerce,30,52.82,Month-to-Month,1,9,71535,1,0.376,4,1
8f8055f4,Finance,42,267.28,Month-to-Month,52,14,13216,3,0.75,13,0
bf96ac18,Finance,15,50.0,1 Year,1,5,1409,1,0.303,8,0
aadd0a06,Finance,5,438.77,Month-to-Month,35,1,32873,3,0.477,27,0
453b9cd1,Healthcare,25,50.0,1 Year,11,9,72598,3,0.698,22,0
1a5f741f,Healthcare,416,3811.45,Month-to-Month,33,105,12063,1,0.43,6,0
2edd13d1,Healthcare,59,566.92,1 Year,13,27,2490,0,0.893,5,0
7a93acbf,E-commerce,428,4929.9,Month-to-Month,2,185,23403,1,0.722,35,1
8c0574d8,Technology,71,437.38,Month-to-Month,36,30,11337,4,0.364,6,0
af2a465b,Healthcare,17,383.93,Month-to-Month,2,6,24070,2,0.731,47,1
1e8c0723,Healthcare,371,3669.51,Month-to-Month,62,139,126809,4,0.336,2,0
6f7bb094,E-commerce,75,1222.56,Month-to-Month,2,23,68109,0,0.601,22,1
c7bf853c,Finance,231,2497.79,Month-to-Month,16,104,23335,1,0.775,3,0
99138f5a,Healthcare,10,515.1,2 Year,31,2,19655,1,0.742,10,0
cd17bfae,Finance,259,2314.68,1 Year,12,105,127038,0,0.583,70,0
5ea1da9c,Manufacturing,271,2202.99,2 Year,6,91,109840,4,0.531,8,0
00bf5169,Technology,84,1023.56,2 Year,35,48,46328,2,0.368,17,0
66734810,Finance,16,50.0,1 Year,37,7,22126,1,0.637,2,0
8bfbb4bc,E-commerce,50,515.16,Month-to-Month,62,19,78591,4,0.761,8,0
a9195f09,E-commerce,136,1518.64,2 Year,12,39,54492,1,1.0,6,0
9fa7f52e,E-commerce,77,1390.95,1 Year,17,20,41582,2,0.509,4,0
be1a11d7,E-commerce,134,1733.29,2 Year,11,60,67076,2,0.769,0,0
637c2d8c,E-commerce,249,2149.5,1 Year,8,144,7220,1,0.753,13,0
59fd4f1d,Finance,20,50.0,1 Year,34,8,133069,2,0.505,37,0
af8e4994,Healthcare,9,943.69,2 Year,10,3,180449,0,0.744,9,0
777270e5,E-commerce,51,50.0,1 Year,14,21,21882,0,0.437,0,0
26869704,Technology,33,103.75,1 Year,13,13,146684,2,0.651,10,0
ae5b83f3,E-commerce,177,2092.62,Month-to-Month,30,74,79440,3,0.558,64,0
1efbbc74,Technology,10,919.38,2 Year,60,3,141536,0,0.689,13,0
0b33889d,Manufacturing,252,2425.17,1 Year,27,76,124722,4,0.705,5,0
b8aadb45,Finance,415,4163.67,Month-to-Month,16,170,11213,4,0.494,38,0
35ce7c72,E-commerce,54,102.49,Month-to-Month,37,29,15057,2,0.598,24,0
26c6565c,E-commerce,59,653.31,1 Year,25,28,15095,2,0.574,15,0
662fe79a,Manufacturing,17,50.0,Month-to-Month,2,4,4952,1,0.382,26,1
baeba614,Manufacturing,24,50.0,Month-to-Month,3,8,25348,2,0.526,14,0
6524221f,E-commerce,29,671.95,Month-to-Month,1,13,22519,2,0.484,37,1
1d4472a3,Finance,475,4533.21,2 Year,15,262,21076,0,0.375,14,0
e7d995b0,Technology,49,948.62,Month-to-Month,42,28,21458,0,0.439,1,0
d02cfd80,Healthcare,7,50.0,1 Year,10,2,3204,5,0.548,1,0
755b171c,Technology,80,115.58,2 Year,12,38,10288,0,0.611,2,0
05701b11,Manufacturing,188,2464.18,Month-to-Month,58,79,17542,1,0.351,1,0
2b14c496,Finance,52,50.0,Month-to-Month,44,20,109901,1,0.84,8,0
6822d5f5,E-commerce,494,4639.11,2 Year,27,200,130543,2,0.723,10,0
d0aef186,E-commerce,175,1650.15,1 Year,8,71,16788,3,0.583,1,0
b27490d2,E-commerce,11,612.91,Month-to-Month,3,5,59234,3,0.356,0,0
b1aab8c0,Finance,23,50.0,2 Year,1,5,95063,4,0.557,11,0
0ec1c773,Technology,76,296.64,1 Year,3,33,35278,2,0.545,0,0
2d372259,Manufacturing,5,131.34,2 Year,9,2,70435,2,0.384,12,0
8b068ae7,Manufacturing,90,793.02,Month-to-Month,20,48,186208,1,0.368,0,0
21f288c5,Finance,5,50.0,Month-to-Month,2,2,8849,2,0.753,33,1
b3a381e0,Technology,253,2638.24,1 Year,4,82,3651,2,0.535,2,0
fb0b2ebb,Technology,212,1518.2,Month-to-Month,5,101,51085,0,0.777,0,0
ba2d712b,Finance,116,299.08,Month-to-Month,24,61,35512,0,0.597,9,0
b24a33da,Healthcare,19,1259.37,Month-to-Month,23,6,17591,2,0.75,12,0
c1fa32e2,Finance,70,752.09,1 Year,20,30,124197,3,0.744,25,0
eda700d5,Manufacturing,25,337.09,Month-to-Month,7,9,93484,3,0.693,17,0
3cd530f8,E-commerce,11,50.0,Month-to-Month,12,3,15353,1,0.837,3,0
4b6827a7,Technology,32,768.85,1 Year,3,11,74403,3,0.62,2,0
d06ea1f2,Finance,155,1283.26,Month-to-Month,7,63,88130,1,0.301,3,0
607bc07c,Technology,58,50.0,Month-to-Month,55,17,19676,3,0.333,2,0
c256f1c1,Healthcare,481,4526.48,1 Year,94,140,5220,0,0.469,12,0
d0d47165,Finance,172,1579.29,Month-to-Month,26,53,94995,1,0.748,11,0
7185ae0d,E-commerce,146,1374.96,1 Year,60,63,5089,3,0.52,8,0
c1e3cee2,Healthcare,5,50.0,Month-to-Month,25,1,32562,1,0.641,0,0
39b49e0b,Technology,35,50.0,Month-to-Month,1,6,10806,3,0.707,30,1
a2a1a461,Finance,11,50.0,1 Year,120,5,131182,2,0.633,4,0
1fa05e75,E-commerce,41,261.01,2 Year,3,12,5665,1,0.142,16,1
015015b3,E-commerce,19,50.0,Month-to-Month,28,7,6215,2,0.363,15,1
0b611740,E-commerce,30,50.0,1 Year,7,14,60487,3,0.953,3,0
16af3c3d,Healthcare,268,2729.03,Month-to-Month,12,68,11505,3,0.665,2,0
0ea7e302,Healthcare,111,1167.37,Month-to-Month,25,28,7098,4,0.06,7,0
be9620cd,Manufacturing,247,2909.7,Month-to-Month,14,83,9207,1,0.614,4,0
c14c544d,Finance,5,50.0,2 Year,7,2,45304,1,0.961,25,0
8f27be57,Technology,59,50.0,Month-to-Month,10,23,12591,2,0.655,24,1
654636d3,Manufacturing,232,1350.18,Month-to-Month,11,92,23679,1,0.609,14,0
0fb6b720,Finance,522,4774.9,1 Year,77,193,94767,2,0.234,0,0
dca1da2d,Finance,5,261.26,Month-to-Month,39,2,9659,1,0.546,18,1
74ffa109,E-commerce,32,1040.72,Month-to-Month,15,17,87514,3,0.271,10,0
4f31d6b5,Manufacturing,257,2597.04,Month-to-Month,6,179,74672,3,0.356,7,0
9d554e94,Manufacturing,40,50.0,2 Year,40,15,88944,0,0.31,4,0
fe63429d,E-commerce,13,50.0,Month-to-Month,5,7,21310,3,0.948,9,0
dc39b0ac,Technology,5,50.0,2 Year,6,2,31967,1,0.746,2,0
2141051a,Healthcare,13,50.0,Month-to-Month,11,5,61380,3,0.88,8,0
90ca9a34,Manufacturing,5,610.45,Month-to-Month,51,1,1907,2,0.335,10,0
a04a0d08,Manufacturing,59,1189.45,2 Year,4,21,54496,2,0.638,11,0
b92cc89a,Finance,209,2003.87,1 Year,4,76,6397,2,0.398,5,0
8674fe7d,Finance,8,171.54,Month-to-Month,17,3,16989,1,0.42,0,0
cced01b8,Healthcare,80,401.22,1 Year,8,30,82979,1,0.694,5,0
f42d77a1,Finance,194,1085.05,Month-to-Month,21,66,50445,1,0.636,23,0
1c63d423,Technology,54,1434.17,1 Year,15,32,48624,5,0.657,7,0
5cf00429,Finance,5,50.0,1 Year,14,2,12868,4,0.349,0,0
1f563dc4,Healthcare,97,52.08,Month-to-Month,3,19,55112,1,0.626,4,0
ce4c3971,Finance,50,1398.2,2 Year,4,18,7060,3,0.67,9,0
89ee13b1,Manufacturing,43,438.31,Month-to-Month,42,19,167327,2,0.465,3,0
d406f323,E-commerce,24,50.0,Month-to-Month,53,12,14564,4,0.546,2,0
d326350d,E-commerce,62,961.35,Month-to-Month,7,22,87650,0,0.271,8,0
dde8cf42,Finance,117,1556.53,2 Year,3,44,126381,3,0.169,9,0
fa13ba99,Manufacturing,1970,19033.66,Month-to-Month,2,806,9424,2,1.0,6,0
0ac581b7,Technology,64,373.58,1 Year,23,29,489,5,0.641,0,0
3abe53c8,Finance,526,5698.12,2 Year,31,129,103690,5,0.528,13,0
f7886e2c,Healthcare,93,521.55,1 Year,12,18,72193,0,0.76,14,0
0769afc0,Healthcare,47,611.08,1 Year,28,24,8377,2,0.426,4,0
bef66113,Healthcare,68,1392.41,Month-to-Month,30,20,88709,5,0.622,0,0
f0097b4f,E-commerce,8,50.0,1 Year,66,4,83160,5,0.821,10,0
b279463b,Manufacturing,86,689.38,Month-to-Month,2,26,30927,1,0.38,38,1
29b0a651,E-commerce,5,180.82,2 Year,6,1,146706,0,0.502,6,0
d1bc30d1,Technology,14,50.0,Month-to-Month,2,6,43626,2,0.324,11,1
fae13e9c,E-commerce,64,375.19,Month-to-Month,49,11,29248,1,0.767,7,0
68ea35d6,Technology,327,3792.25,Month-to-Month,38,224,666,1,0.641,2,0
87661152,Technology,466,4307.84,Month-to-Month,21,167,152644,3,0.834,4,0
b992ee9a,Finance,38,50.0,Month-to-Month,3,12,6869,1,0.769,32,0
41c036bc,Finance,68,1245.42,2 Year,8,19,17562,2,0.548,9,0
ceaa6523,E-commerce,239,2612.25,2 Year,9,104,65362,4,0.682,2,0
96f69f52,Healthcare,7,50.0,1 Year,20,3,268,3,0.684,0,0
253dfab1,Finance,100,950.8,Month-to-Month,8,28,39108,4,0.747,0,0
7fc3c5d0,E-commerce,15,664.14,Month-to-Month,2,3,8652,1,0.893,6,0
b6fd7ffa,Manufacturing,42,567.26,2 Year,32,21,1139,0,0.382,1,0
7b04db35,E-commerce,27,592.81,Month-to-Month,9,9,51314,4,0.225,17,1
b554837b,Technology,104,693.72,1 Year,15,23,46188,3,0.39,4,0
7de84a17,E-commerce,124,281.32,Month-to-Month,4,47,66268,4,0.695,4,0
af83d749,Technology,207,2380.96,2 Year,39,74,48145,2,0.683,4,0
4e600a03,E-commerce,92,1470.46,Month-to-Month,21,54,29168,3,0.486,7,0
1f5668bd,Technology,70,587.72,Month-to-Month,56,24,32563,1,0.546,63,0
83d52a1f,E-commerce,880,9243.88,1 Year,17,324,12430,2,0.433,22,0
9bcfe392,E-commerce,5,50.0,Month-to-Month,69,2,4371,3,0.579,2,0
25390a74,E-commerce,694,6894.65,1 Year,54,237,98610,1,0.461,22,0
ef34d038,E-commerce,35,1226.21,Month-to-Month,21,15,58771,4,0.927,8,0
bd2dd810,Healthcare,128,1134.24,1 Year,66,38,6557,0,0.865,13,0
a1f7a054,Healthcare,33,154.72,Month-to-Month,10,12,15342,2,0.745,7,0
e6ccd886,Healthcare,19,50.0,1 Year,11,8,99472,1,0.606,10,0
1dbace4d,Technology,112,1465.04,2 Year,2,57,160733,3,0.828,4,0
515d1574,Finance,260,2245.08,2 Year,22,88,78305,0,0.62,3,0
1e8dad65,Finance,110,1173.61,1 Year,31,37,42193,0,0.632,6,0
8544b647,Technology,24,82.48,1 Year,36,13,101684,1,0.254,6,0
bcd0308b,Finance,10000,99777.1,1 Year,4,3448,49283,3,0.652,5,0
33e3f0fe,E-commerce,329,3231.14,Month-to-Month,15,129,60100,5,0.342,15,1
93868e2c,Finance,221,2189.57,1 Year,5,126,87708,1,0.519,12,0
c93fb207,Manufacturing,32,908.04,Month-to-Month,27,13,21846,4,0.634,3,0
88489721,Technology,21,970.11,Month-to-Month,5,7,76748,0,0.42,2,1
f2ef688e,Technology,35,675.36,1 Year,57,13,11593,0,0.696,0,0
741d8d0a,E-commerce,276,3395.78,1 Year,7,89,10799,1,0.81,38,0
0cd151c9,Technology,12,547.07,Month-to-Month,9,5,83390,4,0.423,4,0
4d38fb51,Healthcare,10,347.31,1 Year,46,3,41482,1,0.623,9,0
0041b61f,Healthcare,122,1947.57,2 Year,15,58,26712,3,0.351,13,0
384a3063,Healthcare,88,225.76,1 Year,1,35,37059,0,0.367,2,0
b5c07b11,E-commerce,17,50.0,1 Year,17,7,190654,2,0.662,11,0
b1ac172f,E-commerce,10,50.0,Month-to-Month,3,5,112297,5,0.743,1,0
afbae5fb,E-commerce,471,4559.31,2 Year,102,120,35420,1,0.298,1,0
a9d6d994,Healthcare,93,1272.95,Month-to-Month,22,37,39614,5,1.0,3,0
6ff65996,E-commerce,7,50.0,2 Year,8,3,47625,2,0.501,3,0
1b2eae58,Technology,7,321.4,2 Year,20,2,78229,2,0.641,1,0
1e449cf8,E-commerce,31,50.0,1 Year,2,15,103495,2,0.493,6,0
69b44d57,Technology,163,1456.47,2 Year,39,56,7922,1,0.543,9,0
f65f9585,Finance,133,1430.21,Month-to-Month,63,57,49468,4,0.904,26,0
f7e92470,Technology,298,3820.62,2 Year,50,115,12886,3,0.901,12,0
030abd25,E-commerce,5,50.0,1 Year,11,2,48613,3,0.27,7,0
bf8b2a50,Finance,76,719.95,Month-to-Month,10,30,9395,4,0.487,7,0
46dfa961,Finance,463,4090.89,Month-to-Month,1,183,82504,1,1.0,8,0
e7933238,E-commerce,403,3669.03,1 Year,26,142,54077,0,0.513,3,0
72cef19c,Technology,93,386.33,2 Year,19,31,100494,1,0.685,13,0
192586d1,E-commerce,1848,18602.39,2 Year,15,797,144512,0,0.827,10,0
10dd38d1,Finance,136,1572.65,2 Year,58,55,135849,1,0.771,6,0
b346e732,Technology,260,2943.52,Month-to-Month,5,86,7842,0,0.036,2,1
fed65c92,E-commerce,58,203.18,Month-to-Month,1,25,23646,2,0.667,18,1
5ce6fdd6,E-commerce,16,413.97,1 Year,2,5,32994,2,0.95,2,0
52fbe495,E-commerce,14,196.55,1 Year,7,7,77782,4,0.606,2,0
736dd2bb,Finance,71,681.12,Month-to-Month,1,46,746,3,0.392,1,1
f472fce9,E-commerce,39,50.0,1 Year,17,21,129811,1,0.396,56,0
b73f9a53,Finance,5,126.63,1 Year,10,2,26147,0,0.56,2,0
f84db1cf,Manufacturing,11,202.48,1 Year,5,5,49862,3,0.735,19,0
9327846c,E-commerce,33,380.86,1 Year,34,12,197160,5,1.0,0,0
76efe8d5,E-commerce,162,1820.03,1 Year,6,34,107132,2,0.542,12,0
03812f63,E-commerce,53,877.3,Month-to-Month,28,15,22485,0,0.712,0,0
e2037ec1,Manufacturing,49,50.0,2 Year,11,16,33132,3,0.291,9,0
bdb4fcd7,Technology,12,50.0,Month-to-Month,18,6,73471,3,0.263,3,0
a0285b6f,E-commerce,56,817.88,1 Year,66,23,68042,1,0.501,0,0
26c2d75e,Technology,394,3805.8,Month-to-Month,1,131,61005,3,0.689,3,1
317d2f23,E-commerce,68,1159.71,1 Year,17,14,537,0,0.583,1,0
d6d9f290,E-commerce,5,95.09,2 Year,47,3,11095,2,0.611,2,0
9fcf5e87,Finance,8,50.0,Month-to-Month,22,3,12530,0,0.545,11,0
ccd914ba,E-commerce,132,1739.71,2 Year,8,64,14425,1,0.594,17,0
f46318fa,Finance,38,321.45,Month-to-Month,13,13,5056,4,0.541,5,0
776ef298,Manufacturing,48,50.0,Month-to-Month,28,18,82151,2,0.33,5,0
6fc4d22a,Finance,21,83.86,2 Year,54,7,20874,4,0.302,6,0
fb043f27,Manufacturing,116,525.82,1 Year,2,47,74713,2,0.872,6,0
3f0eb975,E-commerce,34,716.57,Month-to-Month,2,19,134064,2,0.435,2,0
1df0915c,E-commerce,41,392.08,2 Year,10,11,18772,1,0.552,45,0
68a19db5,E-commerce,15,50.0,1 Year,7,5,30235,3,0.838,11,0
fe14800f,Healthcare,217,2575.42,Month-to-Month,8,94,4579,1,0.546,14,0
07e255b0,Finance,39,619.26,2 Year,7,15,17466,1,0.775,5,0
dfc0c037,Healthcare,135,1232.12,Month-to-Month,6,67,39509,4,0.422,14,1
1450ae4d,E-commerce,9,50.0,Month-to-Month,4,2,9934,1,0.911,11,0
be08c9ba,E-commerce,735,6928.76,2 Year,66,432,38501,1,0.645,17,0
3e71dd12,Technology,370,3271.27,1 Year,4,97,18762,1,0.595,0,0
0190635e,Finance,5,423.25,1 Year,6,1,230499,1,0.567,0,0
1abf3d30,Finance,16,50.0,2 Year,7,5,23557,0,0.753,8,0
76951368,E-commerce,111,1086.38,2 Year,65,37,1991,1,0.647,4,0
1ffcdeb1,Manufacturing,7,50.0,Month-to-Month,34,3,32023,4,0.0,16,0
c3d71f9e,Technology,44,957.77,2 Year,38,18,20324,2,0.51,1,0
ef268229,E-commerce,103,1146.37,Month-to-Month,3,42,23104,1,0.664,2,1
e1fbfd94,E-commerce,41,677.61,Month-to-Month,44,10,23144,3,0.406,5,0
53774a04,Healthcare,122,957.32,2 Year,13,47,106503,4,0.499,22,0
68d2d1f3,Manufacturing,19,50.0,1 Year,8,7,34484,4,0.522,1,0
7be504a6,E-commerce,5,50.0,Month-to-Month,21,2,14573,2,0.919,14,0
867cce4d,Finance,238,2768.58,1 Year,42,99,78632,7,0.72,44,0
84e7ac77,E-commerce,235,2737.45,1 Year,37,102,29299,1,0.666,13,0
cea52f51,Healthcare,2334,23124.71,Month-to-Month,53,1391,7853,0,0.367,7,0
cc9ff6d7,Manufacturing,5,50.0,2 Year,64,1,325058,4,0.463,8,0
79e11f3d,Finance,168,1151.66,2 Year,7,60,1386,2,0.77,1,0
783f8f02,E-commerce,5,50.0,1 Year,14,1,61761,0,0.732,5,0
ce2c513e,Finance,761,7678.28,1 Year,1,426,94048,1,0.316,7,0
e9bbf52c,Technology,113,1866.6,Month-to-Month,51,64,21833,2,0.88,6,0
630e9660,Technology,13,191.67,2 Year,5,7,8559,2,0.428,1,0
b2620b60,E-commerce,175,2056.88,Month-to-Month,48,79,28684,1,0.672,1,0
79ec8255,E-commerce,23,50.0,Month-to-Month,10,10,32935,1,1.0,2,0
9ee28181,Technology,85,870.85,2 Year,12,30,406175,1,0.516,7,0
0fe2301f,Healthcare,74,810.04,2 Year,1,35,982,2,0.634,1,0
f1ba6125,Finance,747,7399.73,1 Year,10,203,53338,3,0.488,3,0
3ea15998,Finance,830,8289.09,Month-to-Month,53,225,81596,0,0.635,4,0
134f7568,Manufacturing,22,283.11,Month-to-Month,1,7,48104,2,0.885,11,0
93ab0712,Finance,266,2900.52,Month-to-Month,13,156,49703,1,0.561,4,0
5a5c1c29,Technology,92,1504.56,1 Year,1,32,104096,2,0.541,11,0
5780574b,E-commerce,6,50.0,1 Year,12,2,41640,2,0.821,1,0
9a866cdb,Finance,19,746.87,1 Year,5,8,106678,3,0.347,3,0
dcebcaf1,Finance,1815,17294.6,1 Year,7,889,11797,2,0.617,5,0
5b1f6cb4,Finance,93,1084.38,1 Year,51,48,36296,0,0.454,3,0
387ade3d,E-commerce,244,3617.81,2 Year,14,70,1708,3,0.552,2,0
cb462ef8,Finance,39,368.73,1 Year,8,15,81350,3,0.423,35,1
24e6aa46,Healthcare,24,330.01,2 Year,22,10,75093,2,0.314,10,0
7bcca2ee,Technology,56,404.87,2 Year,4,24,38722,3,0.158,0,0
56669632,Manufacturing,36,693.63,Month-to-Month,8,17,25194,4,0.509,2,0
17c823b9,Finance,5,231.1,2 Year,19,2,23110,1,0.646,10,0
9921c9a9,Finance,12,50.0,Month-to-Month,7,4,11226,4,0.763,4,0
a8df166f,Healthcare,157,1512.82,2 Year,28,80,27921,1,0.333,7,0
bda1290f,E-commerce,30,50.0,1 Year,17,14,18113,1,0.63,16,0
e8793837,Technology,56,500.53,1 Year,36,27,43098,2,0.712,1,0
e1577ddd,Healthcare,77,560.31,Month-to-Month,72,26,77202,0,0.672,10,0
6fcc80e0,Finance,87,938.27,Month-to-Month,3,41,59230,3,0.652,6,0
ee680a66,Technology,304,2685.04,Month-to-Month,10,158,36072,4,0.168,2,0
3b5fce1a,E-commerce,10,50.0,2 Year,10,3,148409,3,0.576,3,0
dc446f30,Healthcare,128,1284.39,Month-to-Month,4,52,10990,0,0.584,0,0
eda20e9b,E-commerce,169,1729.21,1 Year,40,94,51078,3,0.709,39,0
a4ff201b,Finance,239,2527.14,2 Year,35,105,4608,6,0.877,1,0
f6351d5c,Finance,6,50.0,Month-to-Month,16,2,55891,5,0.548,13,0
1205cf3c,Technology,80,406.65,1 Year,19,43,64610,2,0.531,5,0
3e52b95d,Technology,716,7201.04,Month-to-Month,2,252,76304,7,0.626,6,1
55237a83,E-commerce,47,380.57,Month-to-Month,20,10,54496,1,0.604,8,0
93e2afc2,Manufacturing,112,1632.32,2 Year,38,36,6540,1,0.686,24,0
f8467534,E-commerce,176,2335.37,1 Year,21,90,2265,3,0.706,8,0
07cca69c,Technology,11,50.0,Month-to-Month,8,4,62633,3,0.565,16,1
7b3030e4,E-commerce,854,8848.58,1 Year,27,347,80031,0,0.7,18,0
518e9dce,Technology,115,1558.87,2 Year,11,58,1659,2,0.556,10,0
f691022b,Manufacturing,119,517.08,Month-to-Month,19,49,8121,6,0.31,10,0
5e936ac6,Healthcare,5,339.74,Month-to-Month,17,1,78100,0,0.369,19,1
dc232824,Manufacturing,179,2237.98,2 Year,12,86,171833,1,0.133,0,0
d7fb6d33,Technology,116,685.18,2 Year,31,41,36754,7,0.933,10,0
6d02d6d8,Technology,624,6121.83,1 Year,52,280,8321,2,0.857,7,0
08830638,Finance,34,433.16,Month-to-Month,1,10,19376,3,0.807,3,0
cd2f55b6,Technology,12,405.23,1 Year,66,3,76030,3,0.557,15,0
f84c3cfa,Technology,19,50.0,1 Year,18,5,39178,1,0.795,3,0
9050e559,Finance,25,828.5,Month-to-Month,29,9,2976,1,0.78,15,0
c0ffa440,Manufacturing,10,50.0,1 Year,47,3,18438,4,0.309,24,1
5f4f8c76,Healthcare,378,4441.87,1 Year,16,127,69876,2,0.443,8,0
48cb976c,Healthcare,400,4275.13,2 Year,44,153,19710,0,0.707,16,0
a7f67ef6,E-commerce,40,89.11,Month-to-Month,5,15,28310,2,0.502,3,0
1279cd1a,E-commerce,30,732.2,Month-to-Month,5,7,117719,2,0.459,1,1
765bb862,E-commerce,5,50.0,1 Year,26,1,208809,3,0.765,8,0
024f4d7c,Healthcare,155,1607.47,1 Year,49,68,70776,1,0.434,5,0
87b0b7ed,Manufacturing,652,6639.25,1 Year,54,269,13730,2,1.0,5,0
d7fa76d8,Healthcare,20,318.07,Month-to-Month,25,5,13929,3,0.919,1,0
ac02ca09,Healthcare,45,50.0,Month-to-Month,18,19,18139,1,0.557,27,0
d4702bd8,Healthcare,104,791.96,1 Year,10,46,8750,2,0.85,1,0
90f68c30,E-commerce,725,7313.37,2 Year,94,268,9851,2,0.637,3,0
df55b001,Manufacturing,73,366.63,1 Year,10,43,14785,2,0.517,6,0
4e30b33b,E-commerce,73,865.73,1 Year,33,38,53923,3,0.996,13,0
f302f84e,Technology,71,402.94,2 Year,19,25,47398,2,0.678,9,0
ca240039,Healthcare,6,560.0,Month-to-Month,23,2,20844,3,0.421,0,0
50377214,E-commerce,6,841.34,1 Year,13,1,10949,4,0.692,0,0
2ed9f01f,E-commerce,16,50.0,Month-to-Month,81,8,48911,0,0.935,8,0
d9a4a1de,E-commerce,249,2950.13,2 Year,21,105,7013,0,0.6,0,0
c9d23c32,Healthcare,33,223.85,1 Year,67,15,7905,2,0.642,8,0
882f3819,E-commerce,24,50.0,Month-to-Month,1,4,24174,4,0.54,2,0
c4b57e36,E-commerce,24,50.0,Month-to-Month,21,11,41893,3,0.67,2,0
2711dfe7,Technology,44,482.78,Month-to-Month,31,15,65150,2,0.404,1,0
58704e1b,E-commerce,701,6116.52,Month-to-Month,33,321,58074,2,0.441,14,0
c1687ed8,Healthcare,43,742.83,Month-to-Month,57,19,23777,2,0.532,6,0
3f2fe866,E-commerce,16,203.01,2 Year,1,6,53160,1,0.634,2,0
b21a5102,Finance,56,1060.27,Month-to-Month,1,18,11871,1,0.822,0,0
0a6cb4e3,Technology,759,7894.07,1 Year,16,333,34035,1,0.571,5,0
6053eb99,E-commerce,25,309.97,Month-to-Month,1,7,47761,3,0.765,7,0
b680af84,Finance,9,50.0,1 Year,89,4,68208,2,0.512,8,0
055bf898,Manufacturing,25,1011.43,1 Year,7,8,4146,3,0.718,0,0
909b7068,E-commerce,66,1744.94,Month-to-Month,16,26,5331,3,0.84,4,0
c26d6eee,Healthcare,153,1360.43,2 Year,2,49,3836,2,0.577,4,0
3c944e0a,E-commerce,247,2991.15,1 Year,18,102,39534,0,0.67,3,0
51370a38,Finance,11,50.0,2 Year,12,3,42204,3,0.483,21,0
b2e3406e,Technology,13,50.0,Month-to-Month,2,4,553,4,0.717,4,0
0d4c6daf,Technology,33,136.88,Month-to-Month,10,20,53457,3,0.04,10,0
95f67ab4,Manufacturing,152,1862.34,2 Year,12,73,72053,2,0.275,21,0
e930bdc2,E-commerce,8,50.0,2 Year,111,3,6199,1,0.715,0,0
367a5994,E-commerce,21,984.98,2 Year,6,9,20573,0,0.273,13,0
02ba96a5,Technology,22,688.94,1 Year,19,9,94846,4,0.502,10,0
72fdf726,Healthcare,224,2570.76,1 Year,105,87,58109,2,0.881,24,0
77e9c3f8,E-commerce,120,1053.09,2 Year,38,57,18166,4,0.773,6,0
f9837e34,E-commerce,211,2524.74,Month-to-Month,120,66,67786,1,1.0,31,0
3bcc8d26,Healthcare,406,2601.32,1 Year,83,227,109136,1,0.615,6,0
ced8b869,E-commerce,34,560.45,2 Year,17,14,18503,1,0.583,0,0
d4d06d8c,Technology,9,170.06,Month-to-Month,29,4,57645,7,0.602,14,0
53015732,Technology,9,50.0,Month-to-Month,3,5,4903,0,0.415,0,0
554a5643,Healthcare,5,253.13,Month-to-Month,14,2,3023,1,0.557,33,0
16d90f38,Healthcare,27,565.45,2 Year,40,8,44125,3,0.348,0,0
197b68ed,Finance,30,50.0,1 Year,17,15,33905,4,0.835,12,0
28e09f31,Technology,177,1176.61,1 Year,30,100,83059,2,0.748,1,0
0b521b5f,Healthcare,56,1592.19,2 Year,33,11,75770,2,0.368,6,0
65543ed0,Technology,26,166.82,Month-to-Month,8,10,16892,0,0.467,1,0
c8ee9fbd,Healthcare,45,937.81,2 Year,51,19,35898,2,0.678,8,0
73c4fbb2,E-commerce,11,673.4,Month-to-Month,15,4,70483,2,0.654,8,0
5f8c7d53,Finance,254,2736.97,1 Year,6,69,15800,0,0.39,0,0
97184598,Technology,16,668.62,Month-to-Month,49,4,22467,2,0.613,1,0
2c424bb6,Finance,9,50.0,Month-to-Month,13,1,3086,3,0.714,12,0
76b7f83f,E-commerce,186,1744.74,Month-to-Month,34,92,6991,0,0.72,10,0
c47e8303,Finance,129,50.0,Month-to-Month,20,69,47108,2,0.937,3,0
a19de6d5,Technology,5,50.0,2 Year,12,2,34333,1,0.65,2,0
f50d4f39,Technology,196,1686.99,1 Year,40,77,9231,1,0.352,11,0
f7787424,Healthcare,17,50.0,Month-to-Month,22,7,365,0,0.387,7,0
50e0727f,Technology,31,330.71,2 Year,12,15,9258,3,0.851,2,0
733174f7,E-commerce,72,709.67,Month-to-Month,3,27,69242,6,0.922,38,1
680ac313,Healthcare,131,1376.87,2 Year,55,39,4918,1,0.593,4,0
c14fbcad,E-commerce,106,1147.35,2 Year,1,36,25745,2,0.676,11,0
31676bfb,Finance,50,666.46,1 Year,48,20,13642,2,0.619,21,0
c8809530,Technology,28,50.0,Month-to-Month,11,9,39858,3,0.54,30,1
f04a7471,Technology,101,647.6,1 Year,25,45,35826,1,0.302,22,0
ab946a9a,Healthcare,45,431.56,2 Year,62,11,203590,1,0.695,8,0
725c9fd0,E-commerce,818,8169.33,Month-to-Month,4,307,74113,4,0.956,2,0
c5f782b8,Technology,131,769.04,Month-to-Month,21,57,139297,0,0.634,26,0
7dccafba,Manufacturing,13,670.78,2 Year,35,5,43132,1,0.54,37,0
4a1a613b,E-commerce,26,622.4,1 Year,35,8,66928,2,0.514,0,0
59239dd0,Manufacturing,58,150.14,Month-to-Month,18,27,112726,3,0.699,24,1
60309fc1,E-commerce,383,3725.82,2 Year,24,163,2096,2,0.83,21,0
3b04d40d,Finance,453,5534.77,2 Year,35,86,123520,3,0.707,5,0
dc2e92a1,Technology,30,380.29,Month-to-Month,45,13,11898,1,0.226,15,1
c5017215,E-commerce,13,327.84,Month-to-Month,35,4,61041,0,0.948,29,0
f90fe60c,E-commerce,11,50.0,1 Year,11,3,74215,0,0.767,3,0
9e4108a4,E-commerce,79,633.44,Month-to-Month,120,25,5788,0,0.564,6,0
6a299be1,Technology,1729,18045.66,Month-to-Month,14,518,152986,4,0.494,1,0
8444450b,Technology,122,1276.65,2 Year,1,51,130563,1,0.511,3,0
f6c0c16d,E-commerce,5,50.0,2 Year,11,2,53145,3,0.773,21,0
3129cc22,Finance,18,183.82,Month-to-Month,4,7,8440,2,0.205,1,0
80243547,E-commerce,21,1482.69,1 Year,4,10,41741,2,0.703,28,0
de8c99b7,E-commerce,15,169.9,Month-to-Month,8,6,21090,1,0.656,8,0
8d14c85a,Finance,30,50.0,Month-to-Month,2,5,133511,2,0.653,12,0
a197d657,Technology,95,622.32,Month-to-Month,28,29,26099,2,0.367,4,0
9fd4eae1,E-commerce,151,1900.38,Month-to-Month,2,78,59167,1,0.259,2,1
36f2225d,Finance,280,2085.76,1 Year,6,76,50669,2,1.0,6,0
8167772b,Healthcare,119,1415.29,2 Year,3,15,15805,3,0.627,3,0
e5d37b01,Finance,5,50.0,Month-to-Month,2,2,38339,1,0.987,7,0
923cabdd,Manufacturing,11,50.0,1 Year,8,4,26379,2,0.781,1,0
6c7e8047,Finance,43,50.0,Month-to-Month,21,14,23470,0,0.622,24,0
754ac38e,Finance,68,693.77,1 Year,81,21,99757,1,0.646,3,0
e9e687aa,E-commerce,198,2677.58,Month-to-Month,51,91,7527,3,0.816,10,0
9b1fe9d4,Finance,58,1036.66,Month-to-Month,51,25,26415,2,0.839,10,0
796ebdf2,Healthcare,58,433.15,Month-to-Month,5,25,338,2,0.695,2,0
4803bc29,Finance,77,1256.09,Month-to-Month,8,29,15183,4,0.819,57,0
e3a7a452,E-commerce,37,191.61,Month-to-Month,2,10,48609,2,0.828,6,0
18f3b6ef,E-commerce,62,50.0,Month-to-Month,37,24,4579,1,0.666,14,0
518539f9,Finance,295,2960.54,2 Year,2,149,15816,3,0.479,0,0
0db33a7e,E-commerce,48,50.0,2 Year,20,16,106108,2,0.699,2,0
47068ba4,Manufacturing,52,915.7,Month-to-Month,7,23,58856,2,0.45,1,0
4540f51e,Finance,51,912.94,Month-to-Month,7,18,3644,0,0.524,4,0
3b65dc33,Finance,382,3380.02,1 Year,113,183,243847,4,0.68,13,0
82c9390d,Finance,10,172.8,2 Year,34,3,145149,3,0.584,1,0
2e6e50ed,E-commerce,783,7898.02,Month-to-Month,44,314,7639,0,0.863,5,0
c7800e72,Technology,9,525.98,1 Year,21,4,127468,2,0.468,2,0
8fa78c6f,Finance,20,50.0,Month-to-Month,50,6,39919,2,0.174,2,0
dc562047,Technology,166,1959.74,1 Year,25,72,132522,1,0.862,0,0
c404a344,Healthcare,256,1901.62,Month-to-Month,71,101,172180,2,0.61,7,0
5e8ae9ce,E-commerce,6,448.59,Month-to-Month,8,2,59137,4,0.619,1,0
2d34e4a7,Technology,10,631.35,Month-to-Month,22,3,17215,3,0.442,3,0
696c5b17,Finance,82,485.2,Month-to-Month,29,40,129285,2,0.223,4,0
27e71896,E-commerce,1838,18989.56,Month-to-Month,12,561,42604,2,0.436,2,0
85c4c033,Finance,354,2752.98,1 Year,51,151,20892,0,0.714,6,0
2fdeb200,Technology,37,919.79,1 Year,94,11,30812,1,0.56,0,0
c8371f2d,Healthcare,5,769.23,1 Year,17,1,26060,0,0.533,12,0
7907de46,Technology,61,782.91,Month-to-Month,12,28,136891,2,0.26,3,0
221dda32,Finance,94,842.24,Month-to-Month,16,34,85693,6,0.962,7,0
d672dcdd,Technology,30,456.21,2 Year,46,2,1593,1,0.588,1,0
957410c2,Finance,15,50.0,Month-to-Month,25,3,495,2,1.0,0,0
6676e879,Technology,69,2002.31,2 Year,2,12,3594,2,0.673,4,0
6841bd5d,Finance,13,50.0,2 Year,19,5,47130,1,0.91,11,0
751f84c5,Manufacturing,905,9708.7,Month-to-Month,1,361,84229,3,0.456,5,1
e7898c41,Healthcare,531,4939.39,2 Year,37,193,36175,2,0.297,12,0
0e27aeb9,Finance,146,2258.4,1 Year,10,49,38255,2,0.563,10,0
a829f53d,E-commerce,62,1626.16,1 Year,16,26,13749,1,0.712,12,0
f06abdef,Healthcare,20,393.0,2 Year,39,5,30743,1,0.734,19,0
456c7af6,Finance,52,663.33,Month-to-Month,2,25,14842,3,0.679,3,0
0fe99bfe,Manufacturing,638,5901.71,1 Year,5,259,16011,0,1.0,0,0
a874f267,Manufacturing,200,1462.17,1 Year,13,61,24809,2,0.678,0,0
505eb113,Finance,74,888.96,1 Year,7,26,2435,2,0.538,2,0
483c7443,Manufacturing,218,2909.1,1 Year,10,84,155008,1,0.553,1,0
43f6e593,E-commerce,123,955.9,Month-to-Month,120,32,122823,3,0.439,3,0
f5614bf6,Finance,98,2083.96,Month-to-Month,42,45,79546,3,0.659,9,0
984aa78f,Technology,237,2064.93,2 Year,52,117,42025,1,0.816,14,0
c1dffd2e,E-commerce,118,1294.7,Month-to-Month,67,48,83839,0,0.882,1,0
f183d48e,Manufacturing,197,2086.01,Month-to-Month,11,97,182748,5,0.541,8,0
c542e237,Finance,69,639.23,Month-to-Month,9,45,16674,2,0.589,22,0
4fb655d9,E-commerce,37,50.0,Month-to-Month,7,7,22649,2,0.472,13,0
b01ecc57,Healthcare,23,50.0,Month-to-Month,43,9,65290,1,0.794,1,0
9080ddd4,Healthcare,20,299.82,Month-to-Month,28,5,51482,3,0.353,10,0
d533add2,Healthcare,5,50.0,Month-to-Month,7,2,87096,3,0.456,6,0
8e99f6a8,Manufacturing,13,448.1,2 Year,12,5,21307,0,0.0,2,0
6add1e74,Technology,13,508.42,1 Year,17,4,18593,4,0.364,7,0
ce03ffb2,Technology,25,129.96,1 Year,19,9,44024,4,0.482,1,0
c0bf22b2,E-commerce,568,5198.78,Month-to-Month,53,303,7882,3,0.498,3,0
3aecebfd,Finance,43,1204.16,2 Year,12,19,2018,1,0.341,4,0
9f729247,Finance,78,102.27,1 Year,58,35,13994,2,0.374,4,0
a659e4e3,Finance,82,522.35,Month-to-Month,14,45,8618,2,0.852,0,0
09124f73,Finance,590,5475.02,Month-to-Month,33,292,334,0,0.444,5,0
0caabfd5,Technology,23,603.23,2 Year,64,11,75255,3,0.238,18,0
c1734dec,E-commerce,39,1048.51,1 Year,58,15,39176,4,0.391,18,0
7fc4cf52,Healthcare,46,373.15,2 Year,2,8,55274,1,0.394,5,0
3f2c707e,Healthcare,300,3114.89,Month-to-Month,6,123,8899,1,0.586,0,0
b53872d4,Healthcare,410,4314.39,2 Year,16,136,14832,0,0.672,8,0
802297c4,E-commerce,111,2012.0,Month-to-Month,14,53,3099,0,0.329,9,0
6486c4bf,Manufacturing,347,2583.21,Month-to-Month,25,77,299051,0,0.66,19,0
f0a202b6,E-commerce,71,1082.11,Month-to-Month,70,34,5439,2,0.88,18,0
91c3b515,Technology,42,608.26,Month-to-Month,3,17,4735,1,0.803,14,0
f9af02de,E-commerce,319,3004.58,1 Year,15,138,47617,0,0.716,19,0
a8c9f4ab,Finance,113,1293.11,2 Year,6,52,20164,1,0.682,2,0
59f643ad,Healthcare,18,550.41,2 Year,54,7,109275,3,0.537,8,0
014ac3b1,Technology,243,2721.58,1 Year,81,89,89046,1,0.884,27,0
5b731ff6,Technology,39,1469.25,1 Year,16,20,101305,1,0.686,7,0
2bc03c5e,Finance,33,393.74,2 Year,3,15,66425,2,0.439,21,0
722c135b,E-commerce,208,2093.45,1 Year,37,97,7066,3,0.57,23,0
b1964ff8,E-commerce,47,379.35,2 Year,29,18,3286,1,0.465,0,0
09572532,E-commerce,97,1246.49,2 Year,11,39,3340,3,0.572,24,0
3b960e0e,Manufacturing,147,1453.97,Month-to-Month,53,58,80918,0,0.843,1,0
7b0fe526,E-commerce,16,166.6,Month-to-Month,90,3,53518,1,0.565,5,0
a9dd9f89,E-commerce,97,978.91,Month-to-Month,20,25,198124,2,0.441,13,0
1574b7fb,Healthcare,413,4062.7,2 Year,21,160,51572,2,0.808,0,0
20eb8023,Healthcare,13,50.0,2 Year,9,2,14335,2,0.855,5,0
5fb1a7b7,Finance,107,1279.05,1 Year,22,41,4688,1,0.443,2,0
65878f26,Healthcare,15,50.0,Month-to-Month,14,4,22753,2,0.896,12,0
54421b42,Technology,252,2826.84,Month-to-Month,9,98,11138,1,0.793,20,1
9feb4f4e,Technology,249,2545.38,2 Year,2,103,49496,0,0.49,14,0
4837a075,Healthcare,32,126.71,Month-to-Month,7,6,5044,1,0.844,7,0
47f0ae16,Technology,1501,15792.42,1 Year,6,649,74032,3,0.354,18,0
0ce71ac3,Finance,287,2818.84,2 Year,19,101,59627,1,0.504,19,0
24638287,Finance,157,1881.41,2 Year,23,26,66658,4,0.381,6,0
c06fb938,Finance,144,1090.01,1 Year,23,50,168306,2,0.405,19,0
248f6fe5,Finance,238,1367.23,Month-to-Month,12,104,52571,5,0.77,22,0
5e10dd40,Finance,12,50.0,1 Year,14,4,77688,1,0.597,0,0
e694a8fc,E-commerce,73,50.0,Month-to-Month,44,25,4458,3,0.378,21,1
3dd3c521,E-commerce,97,851.57,1 Year,16,40,143314,2,0.482,0,0
0599e760,Manufacturing,29,1024.32,Month-to-Month,106,10,12331,1,0.467,3,0
a5967cd3,Healthcare,109,637.36,2 Year,14,40,33967,1,0.65,8,0
18d88294,Healthcare,346,2406.98,2 Year,26,92,157437,3,1.0,2,0
ab091f9c,Healthcare,29,1040.13,2 Year,2,10,9883,1,0.641,20,1
49b8ee6d,E-commerce,50,262.32,Month-to-Month,26,29,1807,3,0.654,15,0
711139b3,Healthcare,15,142.13,1 Year,46,6,17624,1,0.908,6,0
b2c20f19,Technology,5,444.14,Month-to-Month,69,2,8502,3,0.491,18,0
bc051e89,E-commerce,175,2011.59,Month-to-Month,120,58,55135,0,0.867,17,0
39013c02,E-commerce,52,895.26,Month-to-Month,8,18,16312,2,0.515,3,0
5bfd0179,E-commerce,58,1030.21,1 Year,21,21,3245,2,0.528,0,0
f3a3000b,Finance,12,50.0,Month-to-Month,15,5,111757,0,0.534,8,0
1cbb5ada,Finance,41,50.0,Month-to-Month,20,21,2537,2,0.579,15,1
41b443b9,Finance,282,3405.58,1 Year,5,99,15822,1,0.565,26,0
564f9da7,E-commerce,54,149.13,Month-to-Month,47,21,13741,0,0.672,0,0
e1c5717e,Finance,57,233.68,Month-to-Month,58,21,1189,2,0.515,5,0
8fb81c09,Healthcare,74,108.58,1 Year,15,35,9030,2,0.62,11,0
cd8acf6e,Manufacturing,8,50.0,1 Year,8,3,84329,2,0.278,6,0
3294ebd5,Healthcare,139,1215.34,1 Year,4,54,1912,1,0.756,2,0
a739bf52,Technology,8,50.0,Month-to-Month,28,4,1175,1,0.826,9,0
0084eea0,Technology,13,50.0,Month-to-Month,9,5,50258,1,0.644,21,0
519463c2,Finance,11,269.33,Month-to-Month,58,3,4656,2,0.75,28,0
1439f534,Healthcare,41,50.0,Month-to-Month,27,16,23227,3,0.433,49,0
45a248b6,Healthcare,32,50.0,Month-to-Month,25,12,107,5,0.904,4,0
c96e3dae,E-commerce,54,50.0,2 Year,20,16,22500,4,0.638,2,0
82526e30,E-commerce,14,1109.1,Month-to-Month,2,5,19139,1,0.279,16,1
a46f38ab,Technology,246,2930.91,Month-to-Month,65,126,47427,2,0.843,11,0
014fb880,Manufacturing,190,1652.6,Month-to-Month,24,96,34567,1,0.744,14,0
182da067,E-commerce,42,50.0,Month-to-Month,120,20,56741,1,0.974,4,0
065fd4f9,Finance,26,265.44,Month-to-Month,19,12,137331,2,0.933,2,0
2c50ad3a,Finance,22,211.73,Month-to-Month,30,9,79279,5,0.868,15,0
bbca1848,Technology,34,50.0,Month-to-Month,2,11,135565,7,0.695,5,1
97714c7e,Finance,6,50.0,2 Year,24,2,2787,2,0.743,11,0
f26e1274,Healthcare,12,50.0,2 Year,35,2,231982,3,0.384,20,0
064169d2,Technology,198,1198.31,1 Year,37,65,19434,1,0.545,4,0
160a8ff0,E-commerce,85,935.69,Month-to-Month,36,43,16197,2,1.0,14,0
580cd619,Manufacturing,633,6419.04,Month-to-Month,7,222,25835,3,0.254,6,0
2b955754,E-commerce,34,50.0,1 Year,89,15,76462,2,0.662,9,0
1ef72a65,Healthcare,31,50.0,Month-to-Month,120,11,154266,0,0.592,17,0
f35d2724,Manufacturing,29,1171.52,1 Year,2,13,40398,1,0.771,3,0
a0aa1274,Finance,33,717.56,1 Year,67,8,8384,2,0.64,18,0
b933a6ce,Finance,20,50.0,1 Year,9,10,12043,4,0.843,2,0
1e6f2194,E-commerce,81,1955.98,Month-to-Month,29,23,25990,2,0.603,5,0
9d40068c,Healthcare,57,50.0,Month-to-Month,10,15,22766,3,0.755,3,0
5de28343,E-commerce,25,50.0,1 Year,83,13,13608,2,0.673,0,0
43a10ad7,Healthcare,356,3504.74,1 Year,3,142,94932,1,0.542,0,0
2f8e81cd,E-commerce,939,8624.5,1 Year,17,346,16433,1,0.513,2,0
440658a6,Finance,314,4035.15,Month-to-Month,14,174,44916,1,0.856,10,0
31652953,Technology,126,1351.58,1 Year,10,59,32629,1,0.725,7,0
912c952f,Technology,171,1315.03,2 Year,25,60,128497,0,0.799,3,0
0367f68f,Finance,884,9063.89,1 Year,4,341,49566,2,0.851,5,0
2b87ce44,Finance,170,1773.03,Month-to-Month,31,86,20180,4,0.496,11,0
a066a19f,Finance,22,67.67,1 Year,95,6,50901,0,0.546,22,0
ca45fbca,Finance,98,375.74,1 Year,40,53,19202,1,0.532,2,0
d53ee66c,Technology,139,671.89,2 Year,48,49,4763,2,0.806,21,0
e280ce14,Technology,12,1213.4,1 Year,11,3,33199,3,0.618,5,0
4b916950,Finance,35,50.0,1 Year,10,17,98376,0,0.637,4,0
38eec5bb,Finance,284,3688.98,1 Year,18,134,119944,1,0.389,8,0
e294f967,Healthcare,5,50.0,Month-to-Month,2,1,39234,1,0.765,4,0
7bb32d71,E-commerce,8,475.02,Month-to-Month,70,3,60119,1,0.771,3,0
c91120d8,Healthcare,41,642.72,Month-to-Month,4,11,47169,1,0.712,23,1
eb2b7375,Manufacturing,92,1252.71,Month-to-Month,56,44,83254,2,0.633,5,0
1842fd2c,Technology,7,436.01,1 Year,3,4,5447,3,0.809,1,0
e094ac92,Finance,45,50.0,Month-to-Month,42,20,25655,1,0.59,5,0
85acf069,E-commerce,308,2741.83,Month-to-Month,4,99,14589,3,0.884,3,0
4399308c,Manufacturing,60,50.0,Month-to-Month,1,29,329,2,0.743,7,0
4b9d7f4c,E-commerce,223,2324.65,Month-to-Month,31,88,88574,2,0.348,10,0
73773811,Finance,22,50.0,1 Year,8,8,7204,2,0.573,0,0
7c351459,Finance,16,50.0,1 Year,31,5,19531,2,0.665,15,0
b1aa1e3d,Technology,195,1831.26,2 Year,20,80,100823,3,0.461,6,0
e20d97dd,E-commerce,95,50.0,Month-to-Month,3,37,63884,2,0.816,7,0
1a14c10f,E-commerce,9,219.37,Month-to-Month,65,1,41933,1,0.205,1,0
18dea21f,Technology,16,50.0,2 Year,15,6,18572,3,0.761,5,0
0f653798,Technology,570,5279.71,Month-to-Month,32,220,36213,1,0.738,6,0
4586c858,Manufacturing,13,50.0,1 Year,17,5,2894,2,0.203,0,0
7ab56b8a,Healthcare,221,3035.05,1 Year,23,44,64968,3,0.621,1,0
20b8cf94,E-commerce,26,50.0,Month-to-Month,9,11,13545,2,0.513,4,0
aa0f80b4,Technology,54,358.0,1 Year,6,21,32619,3,0.884,1,0
2ee21cbf,Technology,84,50.0,Month-to-Month,19,37,4961,2,0.433,3,0
d9c22186,E-commerce,5,50.0,2 Year,14,1,62029,3,0.76,21,0
d816bbc6,Finance,6,935.91,Month-to-Month,12,1,113087,2,0.8,9,0
3a2900f4,Technology,62,768.74,Month-to-Month,27,13,30434,4,0.521,7,0
5e58a1ea,Technology,18,50.0,1 Year,29,7,4344,0,0.86,18,0
a589c509,Healthcare,243,2412.91,Month-to-Month,2,88,145089,4,0.517,2,0
72a23870,E-commerce,5,50.0,1 Year,10,1,29624,3,0.867,37,0
ec57282d,Finance,127,1223.79,1 Year,13,33,4187,1,1.0,2,0
8ecf6960,Finance,6,431.93,Month-to-Month,3,1,10439,1,0.786,6,0
e2b24e6a,Healthcare,32,154.45,Month-to-Month,7,4,6382,3,0.722,33,0
bfb72207,E-commerce,11,220.0,Month-to-Month,2,2,11002,2,0.505,4,1
312d2bee,E-commerce,947,9588.25,Month-to-Month,120,317,8467,1,0.971,1,0
aba5a294,E-commerce,7,50.0,Month-to-Month,33,2,128118,2,0.778,5,0
87e93b89,E-commerce,45,82.04,2 Year,3,17,11727,1,0.508,2,0
5ddb121a,Technology,5,50.0,Month-to-Month,1,2,29166,1,0.9,13,0
26e8e694,Finance,601,6359.59,Month-to-Month,31,198,65444,1,0.622,25,0
9a71f713,Healthcare,99,1381.21,Month-to-Month,14,44,56500,2,0.735,19,0
443e1dd2,Technology,67,101.1,1 Year,38,32,156710,4,0.518,1,0
95be36e9,Finance,498,4849.51,1 Year,62,256,169113,0,0.412,30,0
4d137cbe,Manufacturing,68,303.54,2 Year,22,30,42279,1,0.423,13,0
b37fde3d,Technology,75,1149.98,Month-to-Month,5,30,69777,4,0.524,14,0
26460cc8,E-commerce,66,424.4,Month-to-Month,37,19,24391,1,0.703,7,0
a46ee893,Manufacturing,127,2370.46,Month-to-Month,75,54,28040,3,0.54,4,0
cbc61637,Healthcare,26,368.95,Month-to-Month,21,9,5511,2,0.442,2,0
3056665a,Finance,39,981.0,1 Year,28,20,55953,0,0.41,6,0
68a7d78b,E-commerce,184,1332.69,1 Year,10,75,15777,0,0.853,16,0
d96c9d02,Finance,82,825.86,Month-to-Month,12,31,4161,0,0.576,3,0
f50a99ca,Manufacturing,45,758.09,2 Year,32,24,5169,0,0.208,22,0
61808c5e,Healthcare,6,50.0,2 Year,64,2,64074,2,0.598,1,0
b821b317,E-commerce,516,5170.17,2 Year,24,206,12998,0,0.517,0,0
a70b227c,E-commerce,20,725.93,Month-to-Month,38,12,73480,0,0.641,6,0
718b6b44,E-commerce,240,2236.27,Month-to-Month,5,102,118180,0,0.487,26,1
ad4d34dd,Finance,71,284.12,Month-to-Month,6,36,20840,1,0.857,18,1
403f0b49,Finance,7,971.48,Month-to-Month,19,3,78963,4,0.569,1,0
42939af8,Technology,357,2984.13,Month-to-Month,5,123,27996,1,0.558,1,0
4a41f894,Finance,79,867.95,2 Year,25,38,73968,2,0.537,1,0
4bc19063,Technology,404,3685.86,Month-to-Month,9,148,18316,1,0.695,15,1
9ef270af,E-commerce,41,50.0,1 Year,38,24,134036,0,0.679,4,0
3a396563,Technology,156,1930.83,1 Year,40,84,217941,2,0.522,4,0
0fbe6982,Technology,5,50.0,Month-to-Month,15,2,24400,1,0.605,25,1
52e8116f,Finance,25,452.94,Month-to-Month,5,12,11090,1,0.549,10,0
96b959d6,E-commerce,8,50.0,1 Year,25,2,57811,0,0.77,26,0
76131065,Technology,31,561.56,1 Year,119,17,43804,2,0.342,2,0
6f5a0a77,E-commerce,110,739.7,2 Year,24,34,238195,3,0.532,13,0
5a142f42,Manufacturing,22,50.0,2 Year,1,9,83457,2,0.561,0,0
f0e037c3,E-commerce,199,2932.37,2 Year,1,65,90122,1,0.879,10,0
ad5ffbec,Healthcare,15,450.51,1 Year,10,7,64819,2,0.835,5,0
ad2de1f7,Finance,205,2163.64,Month-to-Month,6,117,21599,2,0.678,0,0
69b29f07,Manufacturing,389,4514.71,2 Year,41,173,137320,1,0.401,0,0
1738c9dc,Finance,249,2613.78,2 Year,45,107,31337,1,0.611,28,0
ed46a5b8,Technology,32,50.0,Month-to-Month,8,12,25494,4,0.976,15,0
d8147d5e,Technology,5,50.0,Month-to-Month,10,2,10798,4,0.57,16,1
ad532b23,Finance,130,960.82,1 Year,7,47,18117,0,0.626,0,0
1e1878a4,Healthcare,45,199.82,2 Year,58,25,112,2,0.637,13,0
e84ed5bb,Technology,12,50.0,Month-to-Month,17,5,53926,1,0.43,0,0
f7823589,Finance,23,50.0,1 Year,26,8,46502,2,0.438,3,0
c43e58f7,Technology,469,5137.29,2 Year,13,190,25794,1,0.438,6,0
faf205ab,E-commerce,9,256.04,1 Year,24,6,170725,2,0.54,4,0
23fe20e6,E-commerce,110,848.49,1 Year,12,46,59062,3,0.688,1,0
e1cc7757,Technology,75,235.98,2 Year,10,40,13900,2,0.634,40,0
71dfe10a,Finance,31,107.3,Month-to-Month,25,10,23797,2,0.701,0,0
8be464aa,E-commerce,143,588.08,Month-to-Month,22,63,36262,2,1.0,11,0
208d269e,Finance,631,6373.32,Month-to-Month,9,212,39411,4,1.0,15,0
fd22a48c,Finance,35,822.74,Month-to-Month,4,12,16123,3,0.619,3,0
5901e90f,E-commerce,37,1553.49,Month-to-Month,12,17,14346,2,0.785,5,0
11ee1409,Technology,138,828.37,Month-to-Month,13,42,17792,3,0.732,0,0
92bc11d8,Finance,216,2611.9,1 Year,24,60,165321,2,0.815,4,0
2bc057d6,E-commerce,45,96.39,Month-to-Month,60,21,22277,3,0.808,4,0
b02f56fc,E-commerce,34,50.0,1 Year,1,11,23431,3,0.494,0,0
a0979548,Finance,5,50.0,Month-to-Month,7,1,63691,0,0.996,3,0
f838f52a,Finance,16,230.37,Month-to-Month,6,3,8882,4,0.906,26,0
6c388ed1,Manufacturing,9,50.0,Month-to-Month,17,2,51523,1,0.793,11,0
c704a8f8,Technology,152,1216.58,Month-to-Month,14,64,54850,4,0.737,0,0
698fe8a2,E-commerce,37,149.8,Month-to-Month,32,13,3334,0,0.68,7,0
dd3edfc1,E-commerce,35,50.0,Month-to-Month,7,17,10532,1,0.641,4,0
e8370a77,Healthcare,53,123.71,1 Year,22,16,31413,1,0.758,41,0
99c12045,E-commerce,14,50.0,Month-to-Month,52,5,90217,2,0.651,29,0
31d84f18,E-commerce,561,5653.48,Month-to-Month,58,227,65902,1,0.676,11,0
fbdce354,E-commerce,382,3853.84,Month-to-Month,77,145,103356,4,0.605,0,0
1cbb8512,Finance,618,5781.33,2 Year,36,284,95192,0,0.573,1,0
f4ecb412,Healthcare,152,1700.19,Month-to-Month,57,44,35820,0,0.983,14,0
e875bb69,Finance,52,1218.45,Month-to-Month,7,23,48680,2,0.642,9,0
d8b9046a,Manufacturing,615,6161.79,Month-to-Month,6,316,126788,1,0.543,2,0
de84a4ae,E-commerce,19,855.13,1 Year,1,6,67560,1,0.658,1,0
a278d555,E-commerce,14,1259.07,Month-to-Month,30,6,22148,2,0.383,4,0
c5557e05,Healthcare,22,1485.26,Month-to-Month,67,9,21566,1,0.813,20,0
93346564,Healthcare,119,595.88,1 Year,5,54,22834,1,0.628,7,0
9b75ded7,Technology,17,50.0,1 Year,25,6,34179,3,0.56,3,0
cae0188a,E-commerce,43,207.79,Month-to-Month,33,23,22509,0,0.539,0,0
30423a86,E-commerce,5,114.36,Month-to-Month,64,3,10382,2,0.309,1,0
5238651c,Finance,112,1913.33,2 Year,25,51,45183,1,0.99,5,0
4ff4d48a,Technology,5,363.62,Month-to-Month,85,2,101708,0,0.665,14,0
6c891461,Finance,13,50.0,Month-to-Month,11,5,33917,0,0.987,6,0
bbb18859,Finance,338,3074.17,Month-to-Month,11,90,12368,1,0.575,6,0
042d039d,E-commerce,320,3179.0,2 Year,19,82,83845,2,0.718,3,0
299825dd,Finance,95,205.42,Month-to-Month,12,27,70476,3,0.774,2,0
f69258bc,Finance,82,826.83,Month-to-Month,1,34,60234,3,0.725,11,0
5096c366,E-commerce,24,50.0,Month-to-Month,32,9,56154,2,0.537,12,0
17b61602,E-commerce,17,50.0,Month-to-Month,34,9,76225,3,0.273,32,1
9d8e221a,Technology,31,50.0,2 Year,33,4,88675,1,1.0,22,0
78d89e01,E-commerce,5,255.51,Month-to-Month,11,2,114238,3,0.481,8,0
69a12990,Healthcare,79,992.06,Month-to-Month,18,35,47071,4,1.0,9,0
ce94389e,Finance,58,628.33,Month-to-Month,11,28,25010,0,0.506,4,0
dfffcb2a,Manufacturing,13,625.81,1 Year,1,5,4709,1,0.902,36,0
8c2952ee,E-commerce,574,6182.79,Month-to-Month,20,250,64081,2,0.744,24,0
3a4ffd97,Technology,135,1452.19,1 Year,4,56,7611,1,0.753,0,0
0df66a4b,Healthcare,154,1573.19,Month-to-Month,3,68,101444,1,0.501,4,1
9349b6f6,E-commerce,26,324.77,1 Year,34,10,26033,0,0.545,5,0
24a25da7,Healthcare,54,466.18,Month-to-Month,1,33,104428,1,0.548,3,0
ec462e0f,E-commerce,139,302.83,Month-to-Month,77,63,36539,3,0.655,5,0
4ac5b9e5,Manufacturing,68,1247.74,1 Year,18,28,30209,2,0.583,5,0
ef939cbe,Manufacturing,603,6228.76,Month-to-Month,98,196,22594,4,0.519,15,0
1966b4dc,E-commerce,40,50.0,2 Year,2,14,3165,2,0.437,24,1
7eb677af,E-commerce,25,963.91,Month-to-Month,22,13,579,1,0.457,7,0
3ba25d94,Manufacturing,141,1115.01,2 Year,11,21,35533,0,0.707,2,0
f6924780,E-commerce,8,50.0,Month-to-Month,45,3,115686,3,0.46,7,0
dfcbff28,Healthcare,218,2691.79,Month-to-Month,11,86,44107,2,0.38,1,0
6c958fe2,E-commerce,7,180.07,Month-to-Month,8,3,99162,3,0.628,4,0
dd28c0b7,Finance,142,2087.69,Month-to-Month,47,60,415554,5,0.164,7,0
f14be983,E-commerce,20,50.0,Month-to-Month,12,11,9838,4,0.599,30,1
a239756c,E-commerce,111,1955.59,Month-to-Month,1,45,53878,2,0.616,6,0
44c67b8a,E-commerce,212,1731.1,2 Year,12,83,26970,0,0.713,0,0
fbf6f166,Finance,68,1338.81,1 Year,26,33,11710,5,0.668,1,0
143e0004,Finance,9,50.0,Month-to-Month,8,4,13781,3,0.344,5,0
e9f8697e,E-commerce,14,50.0,1 Year,14,6,14028,2,0.563,1,0
ac38bbcd,Technology,18,328.98,Month-to-Month,2,9,65402,5,0.731,3,0
def0bc23,E-commerce,5,50.0,2 Year,22,1,21925,1,0.684,20,0
a4474265,Finance,296,2922.63,Month-to-Month,34,122,14767,1,0.444,11,0
0537f088,Manufacturing,64,660.83,Month-to-Month,13,35,108560,4,0.683,10,0
af598a80,Manufacturing,9,50.0,2 Year,14,4,1747,1,0.783,4,0
9dfe47c6,Finance,484,4282.04,Month-to-Month,3,181,66517,2,0.405,14,1
b9589e35,Healthcare,19,306.06,1 Year,6,7,161644,2,0.208,64,1
23f3eda9,Technology,79,456.83,2 Year,5,39,49127,2,0.955,4,0
86d23213,Technology,15,820.52,2 Year,16,7,39721,1,0.663,11,0
041bf7a5,Manufacturing,5,50.0,2 Year,19,1,3170,2,0.509,2,0
fd471cb5,Technology,7,429.38,Month-to-Month,72,3,34954,4,0.502,1,0
9efa2210,E-commerce,27,491.43,1 Year,2,10,22424,2,0.629,35,1
b0ef38ee,E-commerce,210,1799.42,Month-to-Month,22,82,75276,5,0.808,2,0
8d89221a,Healthcare,91,50.0,2 Year,18,48,83506,2,0.298,1,0
79f48e00,Finance,67,1262.47,Month-to-Month,18,25,9172,4,0.52,6,0
a38d59aa,E-commerce,5,50.0,Month-to-Month,50,1,36932,3,0.931,11,0
05e4561a,E-commerce,366,3458.12,2 Year,6,116,98283,1,0.765,0,0
d716503e,E-commerce,76,684.58,2 Year,1,29,48978,1,0.748,5,0
c2c527e0,Technology,45,424.49,2 Year,27,14,32789,2,0.682,6,0
61cc51dc,Finance,298,3460.98,Month-to-Month,11,93,114169,2,0.662,6,0
ad42e6cc,E-commerce,354,3542.91,Month-to-Month,1,110,169792,1,0.506,5,0
2a7721cc,Healthcare,308,3016.32,2 Year,7,97,13411,3,0.488,1,0
f67af81d,E-commerce,37,879.23,Month-to-Month,9,11,10093,2,0.761,12,0
2201b32d,Technology,12,420.33,2 Year,24,5,100061,2,0.492,10,0
1351e967,E-commerce,240,2032.21,1 Year,5,48,13916,0,0.657,0,0
d760fb67,Manufacturing,7,50.0,2 Year,13,2,94140,4,0.63,9,0
a76cf0c9,Finance,1013,9718.15,1 Year,16,395,17918,1,1.0,13,0
a890e3bf,E-commerce,56,535.39,2 Year,15,28,968,4,0.568,1,0
acb5dc09,Finance,11,50.0,Month-to-Month,88,4,27403,2,0.834,14,0
ce3ae793,E-commerce,8,125.38,2 Year,2,3,2060,2,0.741,3,0
03503eb4,Technology,8,50.0,Month-to-Month,73,3,11659,5,0.577,11,0
2da6739d,E-commerce,67,50.0,Month-to-Month,21,14,32634,1,0.351,11,0
ebb8432a,Technology,54,50.0,1 Year,39,25,1962,1,0.589,8,0
5ee8f5f5,Finance,8,50.0,1 Year,14,3,1688,1,0.78,2,0
7eba6c3e,Technology,31,138.05,1 Year,15,14,8429,0,0.355,3,0
ecef782e,Healthcare,7,607.01,Month-to-Month,51,4,31064,3,0.767,6,0
53ec5b0b,Technology,132,374.67,1 Year,55,35,182515,2,0.869,0,0
bdea8879,Finance,50,50.0,2 Year,7,12,4903,2,0.619,5,0
4ed648ea,Finance,30,218.13,1 Year,6,14,48637,3,0.783,11,0
9d15f6d8,E-commerce,7,50.0,Month-to-Month,17,2,34365,1,0.628,0,0
69c98fba,Manufacturing,34,50.0,1 Year,56,10,3102,1,0.714,13,0
161a6ef2,Healthcare,29,560.8,2 Year,10,10,1736,3,0.899,5,0
0ba7a2ea,Finance,87,622.55,2 Year,26,29,12540,0,0.289,6,0
4779c7b7,Technology,70,50.0,Month-to-Month,30,40,57719,3,0.447,2,0
460584a8,Finance,179,746.14,Month-to-Month,37,112,164022,2,0.85,5,0
0f236f94,Finance,26,1364.2,Month-to-Month,20,6,40605,0,0.887,7,0
68a53cc3,E-commerce,5,614.15,Month-to-Month,13,1,2342,4,0.318,38,1
06610437,Finance,241,2184.18,Month-to-Month,82,78,14918,2,0.912,9,0
45c70605,Manufacturing,13,173.93,1 Year,23,4,142644,4,0.086,9,0
9116b29c,Technology,10,50.0,1 Year,32,3,629,1,0.725,57,0
fced7938,E-commerce,51,765.23,Month-to-Month,11,19,46096,2,0.644,0,0
ddd55922,Manufacturing,85,422.89,Month-to-Month,27,30,9856,2,0.453,20,1
fa66c399,E-commerce,24,50.0,Month-to-Month,8,6,3425,6,0.466,15,1
1fa396ea,Healthcare,24,467.7,Month-to-Month,7,7,14680,1,0.473,0,0
80b29560,Finance,30,1026.93,2 Year,31,16,138221,2,0.559,5,0
7ef96628,E-commerce,457,4940.71,Month-to-Month,18,166,71723,0,0.997,7,0
44c3dd59,Finance,54,1156.96,1 Year,28,19,9390,3,0.765,0,0
ae948f96,Manufacturing,12,50.0,Month-to-Month,8,2,3398,2,0.887,5,0
04e905c4,Technology,12,50.0,1 Year,22,4,33976,2,0.536,21,0
524cd6e7,Finance,37,50.0,1 Year,15,18,2704,3,0.646,0,0
302fc43d,E-commerce,78,816.1,Month-to-Month,22,35,25880,2,0.386,17,1
f60bdbcc,Technology,112,1309.52,1 Year,9,53,80534,1,0.544,18,0
99670143,Manufacturing,65,500.0,Month-to-Month,31,18,34723,1,0.49,0,0
6e05c19a,Technology,15,50.0,Month-to-Month,40,4,113574,2,0.698,23,0
f2254d9b,E-commerce,28,901.7,1 Year,8,14,78332,1,0.459,12,0
9c1d96d3,Technology,164,1955.9,1 Year,9,79,40514,2,0.433,28,0
ee2e44d1,E-commerce,9,746.41,1 Year,26,3,78128,2,0.679,26,0
758e9e6e,E-commerce,27,50.0,Month-to-Month,29,13,4983,3,0.589,2,0
0bb50984,Healthcare,133,975.88,Month-to-Month,30,37,11242,1,0.46,7,0
5947518f,Healthcare,202,2621.59,Month-to-Month,28,55,60268,3,0.431,6,0
13b1a8fe,E-commerce,40,376.33,Month-to-Month,12,9,286,3,0.46,12,0
fb4dc9ff,Finance,29,50.0,Month-to-Month,13,12,234,2,0.763,8,0
4c0f6e05,Healthcare,7,50.0,1 Year,8,2,23929,1,0.684,33,0
c13daf4a,Technology,120,1194.46,1 Year,5,41,100899,2,0.449,7,0
735e464c,Healthcare,394,4441.48,2 Year,29,126,197772,1,0.457,4,0
2f68291c,E-commerce,2559,25509.74,1 Year,3,1641,52467,2,0.371,48,1
43aa6b74,E-commerce,97,1365.27,Month-to-Month,67,36,150062,0,0.521,9,0
107ff718,Manufacturing,50,733.69,Month-to-Month,43,26,94086,4,0.625,5,0
19c665a7,E-commerce,13,50.0,Month-to-Month,47,5,11249,4,0.424,4,0
0239d6a7,Healthcare,5,50.0,Month-to-Month,57,1,25872,3,1.0,12,0
c8710393,E-commerce,71,484.87,1 Year,13,38,48877,3,0.725,22,0
002d6ec9,Technology,1854,17871.58,2 Year,46,888,8203,2,0.594,1,0
b88c16af,Manufacturing,367,3412.93,1 Year,5,145,18778,5,0.617,4,0
401d87a6,E-commerce,291,3666.72,Month-to-Month,1,149,70608,1,0.322,0,1
621bda97,Finance,78,764.3,2 Year,37,50,21129,1,0.36,3,0
df118967,Manufacturing,93,546.77,Month-to-Month,2,30,130139,0,0.865,24,1
390a6d14,Finance,5,1007.87,2 Year,108,2,26109,0,0.927,10,0
1f8739c6,E-commerce,171,1244.69,2 Year,27,61,12407,0,0.157,24,0
a6dbf8be,E-commerce,22,50.0,Month-to-Month,34,6,11793,2,0.694,8,0
dc44be4d,Healthcare,19,804.74,Month-to-Month,7,5,58111,2,0.876,43,1
96ecd5ea,Finance,33,660.66,2 Year,27,18,22955,1,0.532,10,0
006b39cb,Finance,31,244.97,1 Year,2,6,13541,1,0.904,12,0
bac56e3a,E-commerce,18,595.95,Month-to-Month,44,8,59186,0,0.753,19,1
293e586a,Manufacturing,55,700.3,1 Year,5,17,27356,3,0.69,4,0
dc7bfb5e,Finance,23,50.0,1 Year,29,13,93537,2,0.551,3,0
eb81ef12,Technology,63,50.0,Month-to-Month,7,23,39811,1,0.618,1,0
7900d3a2,Healthcare,5,50.0,Month-to-Month,2,1,179093,1,0.511,12,0
d33e263b,E-commerce,39,932.46,Month-to-Month,16,21,23456,3,0.659,17,0
c0225e10,Healthcare,10,50.0,Month-to-Month,5,4,16571,2,0.651,4,0
40c95801,Manufacturing,20,430.05,Month-to-Month,32,9,51718,1,0.513,0,0
ffa3dd76,Technology,67,762.24,Month-to-Month,7,32,61612,2,0.211,23,1
365bd3ff,E-commerce,5,50.0,Month-to-Month,11,1,855,1,0.561,12,0
d0a3737a,Technology,15,50.0,Month-to-Month,21,7,55339,3,0.396,21,1
dc5fddf4,E-commerce,128,1459.44,2 Year,9,48,9984,1,0.376,21,0
135eac3c,Manufacturing,6,50.0,1 Year,12,2,159542,2,0.462,6,0
ed5c9f21,Technology,785,7668.73,Month-to-Month,41,352,42901,6,0.765,14,0
ce38e9eb,Manufacturing,332,3515.87,1 Year,5,95,6770,1,0.378,18,1
e54684d1,E-commerce,26,296.31,Month-to-Month,3,11,2707,0,0.423,0,0
de2d43dd,Healthcare,16,683.45,2 Year,10,6,105848,2,0.741,16,0
890d303f,E-commerce,73,921.84,1 Year,14,20,95064,4,0.447,6,0
5e2a61b6,Healthcare,6,50.0,Month-to-Month,19,2,28466,1,0.375,4,0
bb9a5ec4,E-commerce,5,50.0,2 Year,12,2,4578,3,0.762,1,0
ea7cb3de,E-commerce,27,280.15,1 Year,38,12,24713,4,0.574,2,0
fa6642d2,E-commerce,44,1109.21,Month-to-Month,1,7,71466,3,0.613,15,1
f2e3be3c,Healthcare,62,383.24,2 Year,14,27,54160,5,0.555,19,0
8b5f300a,Finance,21,50.0,2 Year,12,7,100185,0,0.685,32,0
613dda73,E-commerce,369,3910.28,2 Year,26,177,69553,1,0.737,1,0
b26e6703,Manufacturing,5,50.0,Month-to-Month,82,1,20033,2,0.575,7,0
26bea36c,Finance,9,50.0,2 Year,18,3,20861,1,0.3,24,0
16e61afa,E-commerce,113,1139.4,1 Year,105,43,52171,1,0.659,2,0
53d8e6fe,Technology,9,576.43,1 Year,9,3,18565,2,0.532,2,0
ca8b0757,E-commerce,9,50.0,Month-to-Month,1,4,101119,4,0.771,7,0
3c3f68ff,Finance,65,898.29,Month-to-Month,5,20,19852,3,0.421,8,0
c52d9b6d,E-commerce,11,450.96,Month-to-Month,13,4,33562,3,0.537,2,0
69e6a712,Finance,44,835.9,Month-to-Month,10,24,2209,0,0.304,7,0
b3d642b6,Manufacturing,19,50.0,Month-to-Month,3,6,6283,3,0.757,24,1
057da718,Healthcare,14,50.0,Month-to-Month,14,6,7072,6,0.845,8,0
cbf9f7bf,Finance,5,50.0,2 Year,10,1,21089,2,0.502,15,0
ea7bc06c,Healthcare,67,1065.49,1 Year,4,15,6200,1,0.561,14,0
a0128202,Finance,8,413.7,1 Year,9,2,30542,4,0.438,4,0
2a6791bf,Technology,42,50.0,1 Year,53,13,15677,2,0.457,15,0
16ec3d73,Finance,25,1316.32,1 Year,9,12,15904,2,0.739,17,0
5cef7289,Healthcare,40,50.0,Month-to-Month,31,20,29484,2,0.499,5,0
26c89d18,E-commerce,43,929.73,1 Year,23,8,96152,3,0.695,15,0
3d276cfc,Healthcare,72,1479.83,1 Year,14,24,71717,1,0.597,50,0
ce0f5053,Healthcare,18,234.88,Month-to-Month,7,8,107590,0,0.75,9,0
f3051dfd,Technology,352,3135.14,Month-to-Month,12,137,231144,3,0.522,2,0
d8ad1622,Technology,5,50.0,Month-to-Month,22,2,558,2,0.817,18,0
dc3b83a6,Manufacturing,38,248.95,1 Year,11,17,58965,2,0.975,1,0
ea019ba2,Technology,191,2450.44,Month-to-Month,6,71,6381,1,0.26,6,0
6b42ec5d,E-commerce,111,510.06,1 Year,3,42,138091,0,0.582,22,1
8ec54277,Healthcare,12,50.0,Month-to-Month,51,4,12863,2,0.581,10,0
a28a25a4,Technology,16,341.03,1 Year,14,5,21535,2,0.457,35,1
fe71379c,Technology,12,410.81,2 Year,24,5,193288,3,0.682,4,0
81171de0,Technology,134,2323.98,2 Year,17,63,100942,3,0.824,7,0
d34602fc,E-commerce,17,50.0,1 Year,50,7,2417,2,0.205,4,0
eb22ee80,Finance,80,732.6,Month-to-Month,20,33,2400,3,0.19,10,0
a3a35d62,Technology,81,1390.92,1 Year,16,24,85419,4,0.931,3,0
11e6b77b,Technology,1905,19110.43,1 Year,63,858,3648,3,0.552,3,0
742f4b24,Manufacturing,87,772.28,1 Year,31,35,95437,1,0.618,13,0
b15886c4,Finance,16,554.95,2 Year,3,9,129261,0,0.386,37,0
44cef55a,Finance,6,50.0,Month-to-Month,5,1,1206,2,0.609,1,0
f921833f,Finance,36,785.71,1 Year,38,11,12423,3,0.874,20,0
82498f07,Technology,45,50.0,Month-to-Month,44,10,1173,0,0.699,27,1
a2d555e4,Finance,5,50.0,Month-to-Month,19,1,3781,2,0.639,14,0
63dceaee,Healthcare,18,50.0,1 Year,20,4,38186,0,0.246,5,0
8d67caeb,Manufacturing,85,50.0,Month-to-Month,24,44,65497,1,0.749,0,0
67ea0b95,Healthcare,24,282.35,1 Year,14,12,32645,2,0.602,0,0
0836e635,Technology,233,1463.72,1 Year,28,89,24383,3,0.478,9,0
b1f8218f,Finance,5,191.21,1 Year,3,1,11578,1,0.729,15,0
531e40a4,Technology,150,1592.73,2 Year,79,37,13497,6,0.43,3,0
f2441e2b,E-commerce,215,2116.02,1 Year,34,70,43661,2,0.712,5,0
198f153b,Manufacturing,229,2508.2,2 Year,24,105,96815,0,0.843,2,0
ce017075,Manufacturing,5,152.1,1 Year,10,1,25923,2,0.631,16,1
5da32ba4,Healthcare,87,723.5,1 Year,5,51,140361,1,0.515,16,0
13927a08,Healthcare,20,1115.5,Month-to-Month,13,10,2676,4,0.486,13,0
37e82515,Finance,6,256.66,1 Year,27,2,88366,1,0.677,18,0
3db6daa3,E-commerce,29,675.95,1 Year,25,10,20675,0,0.514,1,0
845f0887,Technology,14,676.54,1 Year,12,4,101539,0,1.0,5,0
bc6a44e9,E-commerce,217,2504.07,1 Year,23,121,125923,1,0.317,16,0
33acb67b,E-commerce,117,2201.42,2 Year,41,39,60266,1,0.574,31,0
5c7d3df2,Finance,9,173.0,Month-to-Month,1,4,21929,2,0.655,16,1
1277d696,Technology,18,176.52,1 Year,15,7,30526,2,0.631,22,0
46ab2167,Manufacturing,30,50.0,1 Year,35,14,40123,2,0.488,0,0
496bec74,Finance,48,351.86,Month-to-Month,19,15,31002,0,0.846,14,0
e0aa2e4b,E-commerce,247,2104.39,2 Year,26,90,78308,3,0.733,1,0
ce39adbb,Healthcare,153,1868.61,1 Year,18,60,73817,3,0.748,13,0
8266cfa9,E-commerce,58,123.84,Month-to-Month,116,19,636,4,0.466,0,0
bd7830e3,E-commerce,36,396.9,Month-to-Month,2,18,8223,3,0.519,3,1
d23ca691,Healthcare,5,329.77,1 Year,17,1,22592,3,0.698,11,0
77fd3d8d,E-commerce,379,3865.16,Month-to-Month,3,129,55801,1,0.38,2,1
3a57356d,Finance,27,50.0,Month-to-Month,5,14,13048,2,0.733,15,1
3a81a36e,E-commerce,562,5969.47,Month-to-Month,12,290,19488,4,0.58,0,0
e11fa91f,E-commerce,73,687.33,2 Year,5,40,31002,3,0.813,17,0
14710fd8,Healthcare,1139,9953.64,1 Year,80,238,44525,2,0.514,8,0
bee5e93c,Technology,135,858.32,Month-to-Month,71,56,116035,2,0.963,0,0
64c3a4d7,Technology,6,760.57,2 Year,10,2,81643,4,0.682,2,0
6adb374d,Finance,21,952.16,2 Year,25,7,22253,3,0.704,6,0
61b825e5,Healthcare,42,683.06,1 Year,19,18,73047,3,0.461,10,0
48bb2756,Technology,14,532.03,Month-to-Month,41,5,89385,0,0.651,11,0
6476c283,Manufacturing,31,50.0,1 Year,24,12,36942,6,0.49,22,1
ce289d49,Finance,7,50.0,Month-to-Month,1,5,17551,2,0.292,5,1
4a142660,Finance,55,1167.68,1 Year,35,23,143298,1,0.561,0,0
079d923c,Finance,77,982.96,Month-to-Month,33,33,163841,1,0.833,3,0
448fb6c3,E-commerce,12,152.47,1 Year,18,5,12718,4,0.587,0,0
91ff4892,Finance,1002,9926.6,Month-to-Month,56,418,76871,6,0.541,18,1
5b423eaa,Finance,60,1187.24,1 Year,58,17,2132,2,0.539,1,0
707bf331,E-commerce,16,721.02,Month-to-Month,18,3,119,1,1.0,4,0
6f120c78,E-commerce,5,374.84,1 Year,23,1,21660,0,0.722,1,0
812aa9e5,Finance,59,623.14,1 Year,120,22,31044,2,0.282,7,0
deb7c290,E-commerce,36,181.62,Month-to-Month,9,7,39519,0,0.491,2,1
cf38f157,E-commerce,176,2106.51,1 Year,10,99,23762,2,0.52,14,0
50b24388,Healthcare,44,50.0,Month-to-Month,5,18,6894,4,0.456,6,0
51b3fe70,Healthcare,9,50.0,1 Year,55,4,21140,3,0.613,6,0
ff71c50b,Technology,669,5964.45,Month-to-Month,33,118,86249,0,0.485,30,1
d049a7f5,Healthcare,104,1657.61,1 Year,3,56,20451,3,0.497,3,0
bd29e09b,Technology,37,50.0,Month-to-Month,97,13,44861,4,0.631,4,0
5c4e8dd4,Manufacturing,69,892.0,Month-to-Month,32,36,57108,1,0.292,8,0
a036befe,Finance,111,1047.22,Month-to-Month,46,46,65919,4,0.17,4,0
a8a77f8a,Finance,6,1508.77,2 Year,2,2,33470,1,0.849,17,0
20f2e48f,E-commerce,69,910.95,1 Year,17,30,6717,3,0.767,7,0
dabf3f98,Technology,27,50.0,2 Year,29,9,115384,2,0.674,0,0
b4f9d8e7,Manufacturing,116,1747.72,2 Year,19,38,15076,1,0.661,3,0
7d18687a,Technology,17,50.0,2 Year,27,6,20696,0,0.562,6,0
920ded1f,Healthcare,22,119.54,1 Year,41,5,74311,3,1.0,15,0
d8a7f5c8,E-commerce,661,6273.74,Month-to-Month,12,232,72095,3,0.639,13,0
78a23638,E-commerce,345,3547.81,2 Year,46,113,113354,0,1.0,11,0
5ab9f9d6,E-commerce,5,141.26,Month-to-Month,5,1,1716,5,1.0,17,1
0b263c8c,Healthcare,309,2767.26,1 Year,8,137,103776,3,0.692,2,0
856a1b60,Finance,48,225.93,2 Year,2,19,78565,1,0.558,6,0
92e13a70,Technology,18,230.64,Month-to-Month,11,7,37232,1,0.603,7,0
053c5800,E-commerce,12,50.0,Month-to-Month,12,5,8687,5,0.52,36,1
1145745c,Finance,13,50.0,Month-to-Month,40,4,39372,0,0.692,37,0
9eeedbda,Finance,19,1025.0,2 Year,26,5,10780,3,0.735,6,0
9d9fb36a,Technology,10,263.91,2 Year,14,4,167559,2,0.355,1,0
d8e64647,Technology,7,50.0,1 Year,26,1,61689,2,1.0,21,0
7a961245,Finance,11,50.0,2 Year,2,4,45346,1,0.444,0,0
16eb98b7,Healthcare,88,851.84,Month-to-Month,5,41,83929,2,0.063,6,1
70c89894,Finance,58,1072.6,Month-to-Month,24,29,38012,3,0.584,6,0
f4faac73,Manufacturing,125,2569.6,Month-to-Month,25,43,3107,1,0.37,1,0
b0339fb5,E-commerce,49,1436.03,Month-to-Month,36,8,14989,1,0.589,4,0
24d00313,E-commerce,7,50.0,Month-to-Month,13,1,200008,1,0.614,11,0
28ccfa3d,E-commerce,114,892.1,Month-to-Month,31,52,95127,0,0.689,11,0
6fab7541,Finance,12,50.0,1 Year,28,4,131170,2,0.801,15,0
84f2a022,Technology,144,1019.17,Month-to-Month,80,86,5147,1,0.399,8,0
99740ee0,E-commerce,9,50.0,Month-to-Month,6,2,14250,3,0.527,3,0
fea9a699,Healthcare,19,50.0,2 Year,20,8,3266,4,0.736,0,0
ed4f3d9d,Healthcare,31,1337.28,Month-to-Month,23,17,86344,3,0.469,9,0
8173ee22,E-commerce,150,842.32,Month-to-Month,120,63,9551,3,0.225,8,0
40690861,Manufacturing,71,687.45,Month-to-Month,6,17,26386,3,0.724,10,0
ff90c792,Finance,56,50.0,2 Year,18,37,15701,2,0.487,26,0
fddebabe,Technology,923,9395.45,1 Year,11,515,133218,4,0.474,2,0
a6fc0ec4,Technology,5,50.0,1 Year,18,1,46873,1,0.624,12,0
00765cff,Finance,11,661.31,Month-to-Month,7,5,80348,2,0.601,2,0
0f086cab,Healthcare,10,50.0,Month-to-Month,2,4,46082,3,0.799,15,1
f5d6f261,Healthcare,5,50.0,Month-to-Month,21,2,47408,1,0.35,0,0
0f0e5119,Technology,18,50.0,Month-to-Month,10,4,24137,0,1.0,3,0
7a30407f,Finance,153,1040.68,1 Year,5,66,13656,3,0.317,2,0
fc8f4832,Finance,22,339.69,2 Year,10,12,21415,5,0.522,18,0
1a07b381,E-commerce,33,540.76,Month-to-Month,2,14,17467,2,0.426,7,1
c069d176,Technology,5,50.0,1 Year,73,2,58757,4,0.611,5,0
a851728c,Healthcare,16,622.9,Month-to-Month,21,5,27457,1,0.604,2,0
c88733c9,E-commerce,27,50.0,Month-to-Month,41,8,39943,0,0.633,3,0
d286258f,E-commerce,143,50.0,Month-to-Month,14,34,73688,3,0.652,12,0
c8227691,E-commerce,5,191.28,2 Year,57,2,15500,4,0.861,18,0
8f6c9ef8,Technology,27,915.05,Month-to-Month,16,10,27551,1,0.631,0,0
a4c9a749,Finance,278,3429.67,1 Year,21,73,36645,2,0.878,0,0
ab619fa0,Technology,28,50.0,Month-to-Month,17,13,2765,0,0.25,7,0
c0bb2fa7,E-commerce,5,50.0,Month-to-Month,32,1,8254,1,0.163,18,1
170e7c78,E-commerce,371,4071.91,Month-to-Month,21,116,3280,1,0.625,0,0
77c8e916,E-commerce,164,1326.45,Month-to-Month,8,57,69768,1,0.665,8,0
d67c10d3,E-commerce,201,2062.69,2 Year,4,76,17827,1,0.493,16,0
e635b347,Healthcare,5,50.0,1 Year,23,2,27460,0,0.598,1,0
0b2c11eb,E-commerce,527,4725.31,Month-to-Month,17,164,55786,4,0.815,4,0
f0eab589,E-commerce,17,50.0,1 Year,3,8,169765,3,0.734,1,0
77b18187,E-commerce,25,727.86,Month-to-Month,13,11,83312,2,0.534,0,0
a440ab40,Finance,19,196.89,1 Year,18,6,2976,5,0.64,6,0
e146e8ab,Manufacturing,225,2885.94,1 Year,43,86,18244,3,0.752,10,0
34074cf5,E-commerce,41,670.21,Month-to-Month,2,14,2516,3,0.354,25,1
2d933efc,Healthcare,112,1923.23,2 Year,11,45,3182,2,0.439,3,0
a3fe2038,E-commerce,61,1019.03,Month-to-Month,42,33,6817,3,0.785,3,0
fd47769a,Technology,47,849.67,Month-to-Month,26,16,19362,0,0.254,9,0
528a72d4,Technology,13,69.76,1 Year,9,5,13165,3,0.382,29,0
6c318af1,E-commerce,827,9774.6,Month-to-Month,45,273,21706,2,0.357,2,0
f17117bf,Technology,6,116.35,Month-to-Month,17,2,86301,1,0.784,1,0
1af985bf,Finance,101,50.0,Month-to-Month,17,43,79896,4,0.383,18,1
56465a43,E-commerce,96,1094.02,2 Year,91,51,21596,2,0.758,1,0
4146414f,Technology,308,2588.85,Month-to-Month,71,97,53914,0,0.529,5,0
649ea893,Technology,437,4878.51,Month-to-Month,11,204,23313,3,0.956,15,0
a726b4a6,E-commerce,44,802.91,Month-to-Month,4,23,24384,3,0.626,4,0
5a20e9dc,Technology,120,1104.24,Month-to-Month,10,42,56307,4,0.813,10,0
11a6e8d0,Healthcare,770,7256.05,1 Year,1,298,24251,4,0.692,15,0
35cf62a5,Technology,49,563.21,Month-to-Month,1,20,39843,2,0.51,7,0
dc0ed006,Finance,11,50.0,1 Year,13,4,6121,0,0.597,2,0
4e3b716a,Finance,30,693.9,1 Year,68,12,38697,4,0.602,2,0
52476ae6,Finance,7,348.01,Month-to-Month,50,3,67739,1,0.508,41,0
c74438d3,E-commerce,95,2417.98,Month-to-Month,18,36,109628,6,0.778,16,1
5ed34dff,Finance,269,2467.44,1 Year,20,104,7964,1,1.0,3,0
929546dd,Finance,45,298.29,1 Year,1,19,26441,2,0.623,1,0
7b0ba7fe,Healthcare,5,50.0,2 Year,6,1,33294,2,0.743,3,0
7c16b408,Finance,252,2464.51,2 Year,1,91,117595,0,0.706,17,0
4899fd78,E-commerce,5,563.54,1 Year,34,1,14880,2,0.078,9,0
55b79b5b,E-commerce,5,50.0,2 Year,4,1,9055,3,0.698,11,0
30492f75,Finance,41,1396.19,1 Year,49,18,7627,1,0.688,10,0
fe42ea93,Technology,79,1081.14,Month-to-Month,25,29,8413,5,0.35,19,0
739bb402,Technology,102,777.13,1 Year,7,32,101828,4,0.242,44,0
939525a4,Technology,49,119.38,Month-to-Month,5,19,48353,0,0.685,9,0
a4726867,Finance,765,8170.44,Month-to-Month,24,336,27299,0,0.929,9,0
970eb645,Technology,60,614.26,Month-to-Month,56,24,100771,0,0.526,1,0
6b5932c9,Finance,257,2574.53,Month-to-Month,31,160,17693,4,0.534,25,0
d78cf896,Healthcare,177,1470.76,Month-to-Month,11,59,131457,1,1.0,0,0
c7c81b56,Finance,7,50.0,Month-to-Month,22,2,71118,1,0.779,11,0
d32b0562,Technology,42,100.52,Month-to-Month,9,20,1039,0,0.357,13,0
5bcac526,Finance,1319,13870.86,Month-to-Month,120,435,31053,4,0.457,4,0
99d85d2f,Healthcare,25,608.53,1 Year,34,14,92405,1,1.0,1,0
571bace6,Healthcare,19,102.62,Month-to-Month,23,7,25221,2,0.467,5,0
8ec68e58,Technology,70,605.27,2 Year,14,31,217696,4,0.493,2,0
eb3b676d,E-commerce,27,316.09,2 Year,24,10,93730,3,0.734,9,0
150fbfa7,Finance,16,157.23,1 Year,11,8,69928,2,0.547,0,0
86c13dca,E-commerce,26,50.0,Month-to-Month,1,7,7280,0,0.689,0,0
186ec531,E-commerce,467,3719.61,1 Year,13,260,5706,1,0.658,8,0
86ebad69,E-commerce,44,50.0,Month-to-Month,64,18,51248,6,0.571,1,0
30ae316e,Finance,7,50.0,1 Year,24,3,54150,1,0.842,4,0
fb606bf4,Technology,5,50.0,Month-to-Month,3,1,7980,2,0.345,20,1
4c96ad54,Finance,1495,15359.67,1 Year,52,648,96195,1,0.623,0,0
da8d8f54,E-commerce,39,275.42,1 Year,8,11,103466,1,0.484,1,0
4a7149f0,Healthcare,104,1976.79,1 Year,7,53,26943,2,0.928,23,0
b39f935c,Finance,17,50.0,1 Year,9,4,46790,3,0.565,4,0
f41bf227,Finance,88,950.36,Month-to-Month,21,36,35742,1,0.985,4,0
694452d1,E-commerce,487,4725.57,1 Year,19,175,1815,3,0.516,8,0
4a4765d5,Healthcare,20,419.89,Month-to-Month,17,4,4738,2,0.622,5,0
01e38a33,Technology,108,1612.88,Month-to-Month,31,33,75655,3,0.818,14,0
5d845e32,Finance,6,364.14,Month-to-Month,10,2,33502,1,0.409,3,0
a7818211,E-commerce,1134,10324.6,Month-to-Month,37,351,47196,3,0.902,1,0
c0d9463d,Technology,81,1059.93,Month-to-Month,5,26,47449,4,0.605,8,0
61a6099a,E-commerce,29,50.0,1 Year,37,12,23871,3,0.682,6,0
031b0b84,Technology,34,185.12,1 Year,27,16,1492,2,0.709,4,0
99ea6bf0,E-commerce,25,594.66,Month-to-Month,28,11,77301,3,0.585,4,0
44e6a0d1,Finance,27,50.0,Month-to-Month,16,10,31596,3,0.438,24,1
a02f10b0,Technology,5,627.97,1 Year,27,2,7477,1,0.619,15,0
ebcfe5cc,Finance,47,293.31,2 Year,2,19,1065,1,0.198,2,0
11fcbe4e,E-commerce,44,1525.47,Month-to-Month,46,13,883,3,0.338,5,0
a5cccb4a,Technology,113,1164.34,1 Year,2,48,1695,3,0.572,13,0
217c1cae,Finance,24,1092.67,2 Year,4,7,8422,1,0.909,7,0
81b9b0cc,Finance,17,768.84,Month-to-Month,21,7,13163,4,0.903,27,0
d9a2ef8a,E-commerce,53,224.45,Month-to-Month,33,21,14194,2,0.796,12,0
2c351110,Technology,5,50.0,2 Year,2,1,50001,1,0.292,1,0
8fd44f0b,Manufacturing,67,726.81,Month-to-Month,61,33,13824,5,0.66,5,0
b556e754,E-commerce,5,50.0,1 Year,88,1,56036,3,0.428,19,0
abf3b4d2,E-commerce,293,3719.86,1 Year,23,99,86678,2,0.587,5,0
8b0ad714,Manufacturing,152,1396.57,Month-to-Month,16,75,24289,2,0.791,7,0
cbf9a4f3,Healthcare,13,50.0,Month-to-Month,33,4,63355,3,0.732,16,0
e05e8d23,Finance,147,772.05,1 Year,10,67,5497,0,0.857,0,0
734ee938,Technology,64,849.61,1 Year,17,21,19869,4,0.318,0,0
344f37a6,Technology,12,50.0,Month-to-Month,60,5,57385,2,0.395,3,0
0910633c,Technology,5,271.22,1 Year,75,2,134254,2,0.901,14,0
8ac9cb7e,E-commerce,87,1160.05,1 Year,63,38,47797,6,0.904,3,0
a9d6d5d2,Healthcare,16,50.0,Month-to-Month,8,6,22614,2,0.597,5,0
74f65075,E-commerce,282,3298.29,1 Year,7,158,18821,4,0.595,4,0
d92378dc,Finance,55,412.56,Month-to-Month,9,32,24841,1,0.835,16,0
b5eac125,Finance,19,50.0,Month-to-Month,14,3,52907,3,0.706,9,0
3c5f2eb0,Technology,809,8862.64,1 Year,10,398,19799,5,0.721,2,0
fbf988cf,Healthcare,129,828.26,Month-to-Month,12,37,31743,2,0.415,21,1
93d124aa,Technology,5,303.54,Month-to-Month,24,2,71148,3,0.83,0,0
42ca72b7,E-commerce,26,472.9,1 Year,35,5,13575,4,0.56,5,0
40615ac3,E-commerce,6,254.59,1 Year,32,2,63028,2,0.322,15,0
581828c1,Healthcare,16,345.93,1 Year,41,5,71660,4,0.444,6,0
48225d0c,Finance,43,50.0,2 Year,1,15,99635,3,0.481,3,0
239d3407,Healthcare,92,1765.67,2 Year,2,32,1207,1,0.896,25,0
5a21f63b,Manufacturing,80,1278.12,1 Year,38,26,6038,1,0.461,11,0
09b8da79,Technology,275,2987.53,Month-to-Month,19,90,154874,1,0.677,7,0
effc9c67,E-commerce,141,743.51,1 Year,21,50,6721,0,0.178,26,1
73445512,Finance,129,800.82,Month-to-Month,2,49,33458,1,0.787,23,1
3dfeb920,Manufacturing,73,1058.73,1 Year,8,31,9133,2,0.442,4,0
596d9ba4,Finance,376,2758.16,1 Year,25,220,83535,2,0.678,4,0
de75efc5,Finance,33,499.35,2 Year,48,10,5074,1,0.678,3,0
194356b5,E-commerce,35,50.0,2 Year,60,14,4475,2,0.727,3,0
45728963,Manufacturing,5,50.0,1 Year,17,2,35129,1,0.666,1,0
41705e8d,Healthcare,266,1954.47,Month-to-Month,19,87,13602,1,0.983,10,0
9ca02d22,Finance,48,603.05,1 Year,43,8,54169,1,0.642,3,0
66d60787,Manufacturing,4448,45038.18,Month-to-Month,19,929,57727,1,1.0,5,0
72e2f6d9,Finance,29,464.01,2 Year,18,5,44100,2,0.728,6,0
fbe1f087,Healthcare,62,848.92,1 Year,57,34,89979,2,0.655,11,0
492ab6d9,E-commerce,123,1313.98,1 Year,38,56,59759,4,0.778,17,0
4821a19e,Technology,10,441.35,Month-to-Month,58,4,10383,2,0.639,34,0
1098a4bf,E-commerce,93,1163.54,Month-to-Month,6,46,4082,5,0.69,5,0
1fda0f90,Manufacturing,57,50.0,1 Year,18,19,68869,1,0.669,19,0
1cad0f30,E-commerce,34,793.15,Month-to-Month,45,21,67357,2,0.65,7,0
56b8b8ef,Healthcare,317,3570.58,Month-to-Month,3,137,94963,1,1.0,27,1
002b98fc,Manufacturing,14,50.0,Month-to-Month,38,5,11304,2,1.0,14,0
05411e78,E-commerce,82,50.0,2 Year,5,41,12625,5,0.665,11,0
6199fab3,Finance,483,4951.24,1 Year,40,225,42980,1,0.852,5,0
2a6d8b1a,E-commerce,18,343.33,1 Year,23,9,8457,2,0.84,3,0
a4341163,Finance,34,119.76,Month-to-Month,6,18,17572,1,0.819,16,1
7d9754ea,Healthcare,1840,18493.35,Month-to-Month,16,671,83680,2,0.709,8,0
e1078c0f,Healthcare,111,1645.92,Month-to-Month,28,46,20339,1,0.733,0,0
740d35a8,E-commerce,25,1448.76,1 Year,25,7,569,0,0.714,5,0
9cfbcb4e,Technology,181,1883.45,2 Year,14,42,52609,3,0.456,1,0
c9d668ae,E-commerce,23,396.96,Month-to-Month,56,11,9958,3,0.587,0,0
99b1e047,Manufacturing,5,50.0,Month-to-Month,18,2,10897,2,0.361,48,1
fa491f52,Finance,427,4019.3,Month-to-Month,17,86,833,1,0.715,7,0
2cbf9f46,Finance,10,50.0,1 Year,2,3,43141,1,0.686,16,1
ac0b4aff,Finance,2159,22178.86,2 Year,62,875,41265,1,0.74,5,0
b702620a,Finance,26,669.48,1 Year,5,10,5070,3,0.445,10,0
f2f84cf3,Finance,1339,14354.68,1 Year,19,809,2587,3,0.793,46,0
922ceaac,Technology,7,50.0,Month-to-Month,40,2,33749,2,0.694,10,0
45b37354,Manufacturing,254,1878.13,1 Year,6,97,76000,4,1.0,1,0
8b231e0e,Manufacturing,115,1701.04,Month-to-Month,18,53,153676,2,0.761,15,0
45ea7de8,Finance,191,2634.43,Month-to-Month,7,69,3906,2,0.48,26,1
9fc75bf2,Technology,233,2346.56,Month-to-Month,35,81,61579,1,0.33,3,0
62967419,Finance,25,50.0,Month-to-Month,20,8,10625,1,0.644,2,0
e87280d0,Healthcare,7,50.0,Month-to-Month,47,2,1728,2,0.394,3,0
8b33d17a,Technology,50,667.75,1 Year,54,19,20381,1,0.453,1,0
ae8a072e,E-commerce,76,310.29,Month-to-Month,26,35,42651,1,0.407,2,0
e8b6d7ff,Finance,26,352.56,2 Year,32,11,45983,4,0.484,11,0
9a3a7b05,E-commerce,82,1769.28,2 Year,20,8,2522,2,0.891,4,0
9d775dd0,Finance,89,1603.07,Month-to-Month,12,20,131413,1,0.407,21,1
acb114ca,Technology,13,534.45,Month-to-Month,26,4,2806,1,0.515,4,0
8207f1b1,E-commerce,98,947.78,1 Year,58,48,12243,3,0.314,25,0
b39cfadc,Manufacturing,36,112.67,2 Year,13,12,28326,3,0.259,1,0
f060533c,Healthcare,19,568.88,Month-to-Month,10,8,145617,2,0.544,0,0
fb2700cc,Finance,177,1782.7,2 Year,12,81,236834,2,0.641,15,0
e94b9687,E-commerce,17,199.85,1 Year,14,7,17,1,0.37,14,0
820bc8c5,E-commerce,27,50.0,2 Year,2,9,12713,2,0.296,11,0
27b91cba,Finance,60,242.73,2 Year,17,17,34792,4,0.226,5,0
6cfad982,Technology,429,4665.93,Month-to-Month,17,115,59273,3,0.629,2,0
83d0bd28,Technology,72,169.47,Month-to-Month,22,50,53464,5,0.787,2,0
8148ef16,Manufacturing,120,1332.85,Month-to-Month,11,53,14484,1,0.314,16,1
e45d44fd,Technology,34,546.25,Month-to-Month,23,19,11002,2,0.47,28,1
911b7233,Technology,48,715.44,1 Year,51,15,718,0,0.816,30,0
03d1c98f,E-commerce,50,780.13,2 Year,75,26,92530,4,0.557,4,0
7e29ffa1,Technology,84,1153.86,2 Year,22,29,23804,2,0.58,10,0
c6608a67,Finance,35,50.0,Month-to-Month,2,13,99880,2,0.676,3,0
90b8be52,Finance,407,3336.17,Month-to-Month,84,151,19556,1,0.511,19,0
7e64d340,Finance,31,50.0,1 Year,30,9,70536,1,0.444,8,0
261242f0,E-commerce,5,414.96,Month-to-Month,10,1,3610,2,0.661,19,0
ae131aa2,Finance,3341,32809.58,Month-to-Month,4,1323,83417,0,0.324,13,0
13cfb082,Manufacturing,33,50.0,2 Year,4,11,110826,2,0.278,2,0
48fcd230,Finance,391,3386.93,2 Year,5,161,15386,2,0.462,0,0
4d736744,Healthcare,449,3567.01,2 Year,2,141,7649,1,0.742,40,0
032d732e,E-commerce,225,1676.5,Month-to-Month,56,105,10916,3,0.832,6,0
ef91a2fb,Healthcare,40,900.2,1 Year,19,14,101166,2,0.505,3,0
2907bb41,Healthcare,83,471.62,1 Year,29,46,16858,2,0.766,16,0
a3d5d07f,Finance,8,50.0,Month-to-Month,43,3,13156,1,0.876,1,0
6ab5a5be,E-commerce,1080,10544.18,2 Year,38,420,192883,1,0.608,7,0
1c48fe30,E-commerce,15,405.27,Month-to-Month,52,8,55434,1,0.727,5,0
398dbeea,Technology,37,50.0,1 Year,83,12,89256,3,0.973,1,0
f6d749fd,Technology,63,1106.66,1 Year,14,22,68729,0,0.459,11,0
a2fb830e,E-commerce,46,50.0,Month-to-Month,73,15,23421,6,0.552,21,1
a1cd73ff,Finance,20,50.0,1 Year,31,8,99296,0,0.92,26,0
dce098fa,Finance,442,4215.87,Month-to-Month,2,144,44357,0,0.412,8,0
f543e643,Technology,227,1989.28,1 Year,28,108,53559,0,0.631,0,0
f222e06d,Healthcare,88,847.6,1 Year,28,34,19732,3,0.474,4,0
56f8bd36,Healthcare,29,679.28,1 Year,57,14,198598,3,0.873,7,0
70d8ef7d,Technology,269,2669.6,2 Year,12,127,96413,1,0.363,34,0
dd1087b0,E-commerce,27,50.0,Month-to-Month,22,9,8015,2,0.587,5,0
d4509398,Healthcare,575,5978.67,Month-to-Month,1,187,11400,2,0.391,4,1
e8574140,Finance,64,743.63,2 Year,10,23,69032,0,0.307,25,0
1f0b4644,Manufacturing,345,3115.25,1 Year,2,138,1304,2,0.22,5,0
848fd227,Technology,46,481.15,2 Year,18,19,20432,1,0.567,31,0
7e48efbe,Technology,60,223.83,Month-to-Month,41,26,38019,1,0.697,3,0
da880d43,E-commerce,343,2997.13,1 Year,6,136,11465,1,0.604,13,0
151772df,E-commerce,1466,15062.9,2 Year,18,486,103237,3,0.647,18,0
155ef8bb,Manufacturing,567,5893.48,2 Year,6,193,110032,1,0.513,21,0
19a9aeb0,Manufacturing,203,2415.19,2 Year,4,91,157149,1,0.797,3,0
4d7a54f2,Finance,132,1637.56,Month-to-Month,18,44,7910,2,0.746,41,0
bedd0d9a,Technology,25,50.0,Month-to-Month,2,11,4130,2,0.625,13,0
80bb7abe,Finance,85,1350.64,Month-to-Month,22,39,40607,2,0.641,1,0
2c88ec84,Finance,13,50.0,Month-to-Month,1,7,78615,2,0.507,14,0
bb172cdd,E-commerce,95,1414.61,Month-to-Month,3,33,17199,3,0.989,17,1
e3cebe75,E-commerce,105,987.44,2 Year,20,38,13785,6,0.762,2,0
5cb04eed,Manufacturing,5,206.58,1 Year,22,1,36461,0,0.579,1,0
e0b40fe6,Healthcare,57,741.61,2 Year,1,17,32894,3,0.565,1,0
c8c4b001,E-commerce,101,1416.6,2 Year,21,30,32653,2,0.522,6,0
698ccfb4,Manufacturing,48,50.0,Month-to-Month,44,21,25982,5,0.54,12,0
fbe94cd0,Manufacturing,93,141.8,Month-to-Month,31,54,64924,5,0.649,4,0
098f1b05,Finance,7,405.86,Month-to-Month,4,3,47685,0,0.259,0,1
3cdd8f20,Finance,17,348.18,1 Year,22,8,33453,4,0.55,4,0
e8e76e87,E-commerce,257,2182.18,Month-to-Month,27,84,63773,1,0.574,12,0
a3e3f9c0,Finance,54,722.15,1 Year,1,15,15169,3,0.598,1,0
40c7fe37,Manufacturing,90,196.02,Month-to-Month,47,33,111205,2,0.635,8,0
ba57f38a,Manufacturing,24,1872.14,Month-to-Month,57,8,24239,2,0.606,9,0
9067465e,Finance,56,1215.79,Month-to-Month,46,17,19844,2,0.681,10,0
289ffd4e,Healthcare,5,361.15,1 Year,42,2,39074,2,0.573,4,0
7e432121,Healthcare,194,1977.82,2 Year,33,54,15763,2,0.798,26,0
220fc773,Manufacturing,822,7910.64,2 Year,25,396,15649,1,0.732,52,0
3d67c927,Finance,11,50.0,2 Year,28,3,4053,1,1.0,18,0
99ff2ebd,E-commerce,13,73.09,Month-to-Month,40,5,52768,1,0.74,1,0
d2de0125,E-commerce,105,620.12,1 Year,27,43,121937,0,0.451,3,0
8ec2fd19,E-commerce,498,4579.28,Month-to-Month,10,175,57800,4,0.569,2,0
f578996e,Healthcare,54,50.0,Month-to-Month,12,28,41936,0,0.499,0,0
dca55ab0,Finance,8,204.83,1 Year,55,1,62203,2,0.602,22,0
1cd5bcd1,Manufacturing,39,201.5,Month-to-Month,1,20,169737,1,0.82,2,0
14edede6,Manufacturing,11,377.54,Month-to-Month,29,4,20510,2,0.535,4,0
53c01cac,Technology,20,428.55,Month-to-Month,75,9,28166,1,0.486,4,0
79402f78,Healthcare,34,454.73,2 Year,30,14,16858,2,0.703,15,0
632622b4,Finance,13,1459.72,1 Year,120,6,843,3,0.437,5,0
1839008e,E-commerce,16,571.85,Month-to-Month,28,6,21341,1,0.425,4,0
95e2a288,Finance,61,50.0,2 Year,1,25,3715,2,0.676,3,0
f1bf7cbf,Manufacturing,75,979.37,2 Year,43,38,97737,3,0.242,7,0
24ccd5b6,E-commerce,6,50.0,2 Year,9,2,62870,3,0.503,1,0
9d29364d,Healthcare,98,309.23,1 Year,15,52,18122,1,0.771,9,0
04a82e02,Manufacturing,30,50.0,Month-to-Month,9,13,19870,2,0.233,17,1
63cb5825,Manufacturing,160,1826.6,Month-to-Month,8,52,42152,2,0.248,26,1
33f91483,Healthcare,176,2108.77,Month-to-Month,14,64,79982,6,0.313,9,0
8348d3f5,E-commerce,24,50.0,2 Year,12,11,63417,2,0.054,17,0
7d880005,Finance,137,1855.08,1 Year,25,37,1462,3,0.979,2,0
a6b00cc5,Finance,15,292.46,Month-to-Month,41,7,76924,1,0.624,7,0
772ab482,Finance,397,4567.93,1 Year,9,144,106572,2,0.466,3,0
c5f85823,E-commerce,16,704.81,1 Year,6,4,4709,4,0.342,83,1
27487cd3,Manufacturing,92,840.78,2 Year,27,38,73496,0,1.0,4,0
d2a18739,E-commerce,41,1227.8,Month-to-Month,27,13,14499,0,0.731,2,0
ec1f47cf,Healthcare,11,50.0,1 Year,56,3,9540,2,0.574,14,0
084abc4a,E-commerce,210,3295.15,Month-to-Month,1,70,39249,3,0.844,6,0
acd0975e,Finance,21,50.0,Month-to-Month,47,8,40223,3,0.678,1,0
ebe8b983,Technology,5,50.0,1 Year,18,1,31826,0,0.5,15,0
e961504b,E-commerce,5,50.0,Month-to-Month,24,2,116039,4,0.479,6,0
9092ba03,Finance,14,50.0,1 Year,3,7,13828,1,0.482,15,0
e251a295,Finance,430,5761.78,Month-to-Month,14,195,46133,2,0.397,13,0
dae8aaca,Technology,360,3368.64,2 Year,7,208,26370,2,0.822,8,0
5d37732b,Finance,18,605.55,2 Year,8,10,103486,2,0.496,12,0
9ad9c651,Technology,31,192.3,Month-to-Month,17,11,7125,1,0.871,19,0
151bcdd0,Finance,27,738.28,1 Year,41,7,4327,1,0.434,5,0
c4b04d5a,Finance,7,50.0,Month-to-Month,33,2,246408,1,0.48,31,0
fb6fa055,E-commerce,13,258.07,1 Year,22,5,43043,2,0.51,2,0
37c1c67f,Manufacturing,237,2684.35,Month-to-Month,19,147,121487,4,0.42,34,1
ea1d370d,Manufacturing,116,799.09,Month-to-Month,14,42,26230,0,0.483,2,1
037b4489,Finance,82,2198.86,2 Year,87,35,46354,1,0.71,7,0
59abd2d1,Finance,7,410.47,Month-to-Month,20,2,59223,1,0.84,6,0
594e15ca,Healthcare,63,517.01,1 Year,8,23,213840,1,0.66,0,0
2ea07293,E-commerce,5,50.0,Month-to-Month,7,1,5980,0,0.362,2,0
bc93682a,E-commerce,193,1975.86,1 Year,23,48,6664,3,0.48,17,0
eed71954,Manufacturing,80,192.0,Month-to-Month,18,42,37033,0,0.484,3,0
14fbc90d,Manufacturing,7,961.15,Month-to-Month,1,3,2870,2,0.94,0,0
60985f55,Finance,616,6375.63,Month-to-Month,43,223,65002,3,0.797,17,0
e31512c1,E-commerce,5,50.0,Month-to-Month,30,2,234186,3,0.843,30,0
948ae3e6,Technology,120,1722.99,2 Year,27,32,83415,2,0.458,7,0
c5146c80,Technology,125,889.24,2 Year,2,47,15449,4,0.345,9,0
9f8d6f92,Healthcare,8,50.0,2 Year,11,3,80362,1,0.715,1,0
1cffb621,Finance,51,444.93,Month-to-Month,66,26,49426,2,0.508,29,1
a6169124,E-commerce,5,113.77,Month-to-Month,48,2,6358,4,0.658,2,1
cc6a1d8c,Finance,5,315.29,1 Year,9,2,41726,3,0.682,7,0
4aa7478c,Finance,11,50.0,2 Year,5,3,113542,4,0.521,33,0
b4a0972e,Healthcare,21,50.0,1 Year,15,8,17119,4,0.801,5,0
571347dd,E-commerce,143,50.0,Month-to-Month,11,75,53809,2,0.308,0,0
c656a3c9,Finance,60,50.0,2 Year,28,14,2122,3,0.622,2,0
dbfa1842,Healthcare,62,977.63,Month-to-Month,82,31,89853,2,0.736,0,0
36cb9e6c,Finance,11,590.51,2 Year,11,4,11529,2,0.94,5,0
c2f6cd28,Technology,24,50.0,2 Year,2,6,46904,3,0.627,8,0
2545498d,Technology,13,50.0,2 Year,55,4,37137,0,0.851,5,0
84e98860,E-commerce,8,92.8,Month-to-Month,1,4,39718,2,0.838,4,0
74c689e7,E-commerce,22,759.06,1 Year,74,7,14633,3,1.0,1,0
b4c1c8f7,Manufacturing,61,1374.55,1 Year,27,26,40948,1,0.665,12,0
01ea9155,Finance,23,306.54,Month-to-Month,69,5,46159,0,1.0,33,1
e06caf8d,Finance,33,199.69,1 Year,6,7,27708,3,0.762,4,0
21d92f86,Finance,154,818.15,1 Year,1,45,50154,4,0.293,7,0
e7f8a244,Finance,25,304.03,Month-to-Month,17,12,10633,1,0.606,1,0
189238f9,Finance,7,1107.46,Month-to-Month,15,2,35933,1,0.417,0,0
c0c18dc7,Manufacturing,127,1915.1,Month-to-Month,10,64,63080,0,0.906,1,0
6173d1c6,E-commerce,81,897.43,2 Year,76,41,22942,4,0.634,0,0
9cd444b8,E-commerce,89,1041.69,2 Year,42,28,26478,2,0.336,9,0
6850c2ad,Manufacturing,139,1045.74,1 Year,27,77,8968,0,0.777,10,0
3f04d5b9,Healthcare,108,901.43,Month-to-Month,5,37,47914,4,0.864,65,1
9ccb2ea8,Finance,57,643.8,1 Year,32,28,6592,1,0.519,47,0
dc3f1c7e,E-commerce,1972,19795.32,Month-to-Month,32,978,34738,3,0.511,5,0
62507a8e,E-commerce,7,575.37,1 Year,14,2,11812,0,0.64,2,0
048ed69e,Healthcare,22,701.04,1 Year,63,8,10791,3,0.238,6,0
e68a8da9,E-commerce,232,2580.28,2 Year,5,100,5036,2,0.742,22,0
1cf6dc71,E-commerce,67,170.43,Month-to-Month,8,27,22111,5,0.938,11,0
31cb7813,E-commerce,170,1219.29,Month-to-Month,2,61,101024,3,0.47,9,1
a04cbfef,E-commerce,70,256.05,2 Year,39,24,46432,2,0.969,11,0
20ea2714,Finance,428,4397.76,2 Year,24,154,75504,3,0.799,1,0
028ec3b7,Healthcare,12,50.0,Month-to-Month,10,6,6084,2,0.585,4,0
257644a6,E-commerce,408,4076.86,Month-to-Month,5,98,18793,6,0.727,2,1
5145b3d6,Healthcare,316,3864.32,Month-to-Month,1,110,24601,3,0.92,29,0
d933ce9e,Manufacturing,8,413.41,1 Year,5,2,98308,2,0.628,2,0
bf296eb1,E-commerce,140,1224.64,2 Year,15,52,54591,1,0.679,2,0
fef01578,Finance,51,160.87,1 Year,7,21,33714,0,0.493,23,0
7f89b609,Technology,21,612.86,Month-to-Month,8,5,17868,4,0.576,29,1
569b7112,E-commerce,5,203.03,1 Year,51,2,71345,4,0.74,12,0
54cbedc0,Finance,11,50.0,Month-to-Month,18,5,109607,2,0.564,64,1
252fd6a4,Technology,157,1275.48,Month-to-Month,32,73,38481,1,0.499,0,0
93f9992c,Technology,185,1888.19,Month-to-Month,1,70,2219,2,0.83,12,0
fab502a9,E-commerce,39,238.48,Month-to-Month,11,12,15862,2,0.697,2,0
cc7c1ef9,Healthcare,185,2242.19,2 Year,16,67,68483,0,0.504,4,0
10390ac8,E-commerce,225,2870.58,Month-to-Month,5,91,24518,4,0.951,3,0
1d2faea9,Technology,68,50.0,1 Year,4,31,49163,1,1.0,20,0
dcf7bfac,Healthcare,18,50.0,1 Year,50,7,37171,1,0.803,1,0
92f2013c,Finance,105,1724.03,2 Year,68,45,119144,5,0.361,3,0
7c58baa5,Technology,113,1212.91,2 Year,2,40,18336,2,0.681,14,0
b533481b,Healthcare,150,934.17,2 Year,11,64,29534,3,0.718,13,0
658ccdd2,Technology,199,2481.63,Month-to-Month,77,74,3348,2,0.283,7,0
ccd0043c,E-commerce,7,240.84,Month-to-Month,3,2,81728,1,0.838,16,1
ffcceea0,E-commerce,25,1351.62,1 Year,25,5,19713,3,0.642,0,0
d8897fa7,Healthcare,5,50.0,Month-to-Month,87,2,63994,1,0.825,0,0
dca1bead,Technology,167,2224.35,Month-to-Month,92,75,151,0,0.539,1,0
5e02efa7,Finance,39,50.0,Month-to-Month,16,17,101033,2,0.697,17,0
11389610,E-commerce,104,1738.01,Month-to-Month,5,31,178706,3,0.706,6,0
86fbd579,E-commerce,5,522.08,1 Year,6,1,31740,0,0.638,4,0
0864dcd7,Technology,446,5262.17,1 Year,53,139,32947,1,0.698,2,0
c83aaaa9,Manufacturing,9,645.29,1 Year,59,3,47903,3,0.573,1,0
11a273a9,E-commerce,174,1690.48,Month-to-Month,23,81,184667,0,0.363,8,0
9a646366,Finance,65,64.44,Month-to-Month,35,21,40887,3,0.192,10,0
3c97dae0,Manufacturing,41,108.97,1 Year,33,21,3836,0,0.477,0,0
3cd76a00,E-commerce,36,50.0,2 Year,27,19,41639,1,0.758,0,0
2e76b46d,Finance,20,50.0,Month-to-Month,43,8,27154,2,0.392,13,0
42b5d519,Healthcare,380,4012.93,1 Year,28,166,71535,3,0.812,5,0
fa8d658c,Technology,55,526.12,Month-to-Month,19,12,18072,3,0.878,3,0
b8210347,Finance,8,50.0,Month-to-Month,7,2,129157,0,0.695,6,0
6c0f6ef2,E-commerce,30,50.0,Month-to-Month,33,8,80490,0,0.567,2,0
c24047e2,E-commerce,66,50.0,1 Year,16,20,19768,2,0.805,0,0
75a66627,Finance,209,2181.04,1 Year,9,94,21692,4,0.831,4,0
ac33842e,E-commerce,22,409.58,Month-to-Month,39,10,36471,2,0.555,3,0
45a18bfc,Healthcare,24,50.0,1 Year,29,11,5245,2,0.617,5,0
86d42ced,E-commerce,56,293.28,Month-to-Month,67,23,58578,3,0.437,7,0
a88d5c73,E-commerce,202,2791.07,Month-to-Month,5,91,46971,2,0.657,16,1
b0f7124d,E-commerce,7,649.75,Month-to-Month,26,1,19188,3,0.187,23,1
4e95b52d,Technology,116,417.79,2 Year,7,31,50811,1,0.541,1,0
b8219e97,Technology,27,227.68,Month-to-Month,57,10,5170,3,0.429,5,0
4bc5e725,Technology,33,1057.48,Month-to-Month,3,15,151881,1,0.582,0,0
54d6fc9d,Healthcare,1099,10881.79,Month-to-Month,26,390,3465,7,0.441,10,1
3097438f,Finance,40,265.53,1 Year,38,10,19937,0,0.217,4,0
532b9b11,E-commerce,169,2236.37,1 Year,11,55,176224,2,0.469,5,0
a47b8603,Manufacturing,160,2093.53,1 Year,74,49,25404,5,0.505,0,0
d02d5551,Technology,9,557.65,1 Year,46,2,108403,2,0.813,18,0
ce25363a,Technology,5,50.0,Month-to-Month,9,3,8178,1,0.472,13,0
f0393a63,Finance,187,2201.44,2 Year,1,97,3453,2,0.43,1,0
d2656026,E-commerce,10,847.37,Month-to-Month,9,2,5724,2,0.362,0,0
2417a322,E-commerce,5,50.0,Month-to-Month,8,1,178871,0,0.829,1,0
b85b8ae2,Finance,254,2338.3,1 Year,53,81,4648,0,0.555,6,0
d8f6c3af,Healthcare,11,725.04,1 Year,82,2,52739,0,0.654,16,0
7d575357,Manufacturing,17,1192.72,Month-to-Month,2,10,29044,0,0.291,12,0
fc2e9842,Finance,1055,11607.5,2 Year,16,337,98591,5,0.249,10,0
086475ed,Finance,5,50.0,1 Year,20,2,17429,2,0.42,16,0
8c8e630c,Healthcare,8,50.0,Month-to-Month,3,2,1466,2,0.925,7,1
7d8f76bc,Manufacturing,27,50.0,Month-to-Month,12,7,69035,1,0.382,10,0
37a7f7f0,E-commerce,38,439.03,Month-to-Month,10,19,44428,2,0.475,18,1
6130c6f5,E-commerce,14,50.0,2 Year,19,6,28502,0,0.603,8,0
c83f4efe,Manufacturing,9,50.0,1 Year,26,3,19505,3,0.475,9,0
69eee68c,Finance,525,5600.56,1 Year,30,335,114848,3,0.696,9,0
8eab1472,E-commerce,81,1004.99,1 Year,4,34,6494,0,0.434,26,1
5c190ab1,Healthcare,131,404.64,2 Year,41,46,7619,0,0.38,6,0
39ecf376,Finance,44,1225.15,1 Year,28,26,747,1,1.0,0,0
e6e59c25,Technology,84,296.5,Month-to-Month,53,36,3766,1,0.413,20,1
44addb29,Technology,221,1729.53,1 Year,15,124,97344,3,0.759,0,0
320d571f,Finance,12,50.0,1 Year,54,4,78909,1,0.412,0,0
3802ebcb,Finance,81,479.36,2 Year,49,7,5402,4,0.292,2,0
291ddbc6,E-commerce,155,1101.6,1 Year,14,37,75664,1,0.582,0,0
e06f5754,Healthcare,554,5103.78,Month-to-Month,12,281,51228,2,0.332,7,0
67b92ecb,Finance,1014,8907.86,Month-to-Month,65,345,24509,0,0.521,20,0
5e46f7c1,Finance,60,664.96,Month-to-Month,31,25,4398,2,0.441,2,0
0f9dc0cb,Finance,301,3126.03,1 Year,64,154,46109,2,0.85,0,0
d65365be,Technology,5,1172.2,Month-to-Month,39,2,91527,4,0.292,2,0
f69aaf6d,Finance,560,5843.17,1 Year,23,175,27297,3,0.735,3,0
ccf8fc47,Finance,18,50.0,2 Year,3,7,27616,1,0.657,20,0
86a2983e,E-commerce,38,50.0,Month-to-Month,9,15,87631,1,0.554,10,0
9290fe09,Technology,105,1001.86,1 Year,84,37,11823,0,0.448,1,0
657fefef,Finance,43,654.36,Month-to-Month,10,11,9465,3,0.634,3,0
2691b15d,Healthcare,73,478.33,Month-to-Month,3,26,59467,1,0.645,9,0
159b54c6,Finance,590,5930.51,Month-to-Month,30,230,53423,1,0.679,0,0
425886ec,Technology,30,1248.68,1 Year,32,7,121592,1,0.546,11,0
b54d869e,E-commerce,10,50.0,2 Year,9,3,20342,1,0.371,20,0
b31d608e,Technology,828,7336.61,1 Year,9,271,11282,0,0.776,20,0
40440810,Manufacturing,120,1636.74,Month-to-Month,16,25,28003,0,0.599,0,0
4b0a3a36,Technology,975,9907.16,Month-to-Month,1,402,24208,4,0.477,16,1
18490a96,E-commerce,199,1135.5,1 Year,38,84,139107,1,0.4,6,0
e97a5810,E-commerce,7,283.82,Month-to-Month,10,2,124812,2,0.784,6,0
3561b76b,Healthcare,143,931.07,1 Year,47,37,27943,2,0.877,8,0
e9290d21,Manufacturing,12,340.66,Month-to-Month,39,5,26593,2,0.715,5,0
90cc2a7b,Finance,55,1503.63,Month-to-Month,26,25,29438,1,0.728,12,0
e87885d3,Finance,48,391.52,Month-to-Month,10,19,65632,1,0.834,3,0
0a2d9640,E-commerce,5,591.64,1 Year,18,2,39932,1,0.528,13,0
fc3657e6,Finance,16,50.0,Month-to-Month,15,7,16978,4,1.0,26,0
1c0c810c,E-commerce,1491,14150.29,Month-to-Month,10,582,73208,2,0.388,1,1
99629089,E-commerce,78,1788.69,1 Year,46,24,117081,5,0.551,5,0
e9acbaf0,E-commerce,41,563.91,Month-to-Month,16,16,63249,3,0.446,0,0
e91022e5,Technology,828,8598.33,2 Year,43,298,10824,3,0.613,5,0
fc7be97c,Finance,30,876.01,Month-to-Month,3,11,78456,1,0.946,5,0
8ddb9985,E-commerce,47,206.09,Month-to-Month,4,22,225271,2,0.552,12,1
fb9db357,E-commerce,241,2822.56,1 Year,91,67,57783,2,0.684,4,0
13d8bd1d,E-commerce,29,626.77,Month-to-Month,22,12,13978,3,0.018,21,0
285927e7,Technology,17,50.0,Month-to-Month,18,4,278,3,0.686,5,0
7eb147f4,Finance,5,806.49,Month-to-Month,18,1,24339,1,0.8,8,0
52f0ed08,E-commerce,13,783.43,2 Year,6,7,31767,0,0.625,3,0
1d746807,Finance,13,50.0,Month-to-Month,31,5,120205,2,0.387,1,0
d0dd6efe,Manufacturing,69,790.14,1 Year,3,28,48337,3,0.36,10,0
7a6b7b3b,Finance,21,94.46,2 Year,21,4,16537,0,0.489,5,0
37b315d5,Technology,1389,14599.15,2 Year,21,522,58839,0,0.358,9,0
20ba2a0c,Healthcare,11,50.0,1 Year,59,2,4835,2,0.915,9,0
f7db1ec6,Finance,446,6261.21,2 Year,18,180,12003,2,0.694,6,0
d5b37229,E-commerce,75,662.76,1 Year,4,20,68224,0,0.889,3,0
b2f358e1,Technology,183,2199.22,Month-to-Month,21,83,17636,0,0.542,2,0
69c859fe,E-commerce,167,2363.75,2 Year,3,69,1581,2,0.447,2,0
12d86761,Manufacturing,5,50.0,Month-to-Month,6,1,34335,4,0.459,7,0
48dd3a2a,E-commerce,53,472.53,Month-to-Month,1,23,53654,3,0.508,3,1
13f02e17,E-commerce,36,108.58,1 Year,18,21,77799,2,0.501,8,0
c8553fbf,Healthcare,9,50.0,1 Year,3,3,18266,2,0.844,15,0
2e3ea8b1,Technology,108,1215.93,2 Year,16,52,27632,2,0.783,6,0
4487269d,Finance,716,7092.37,2 Year,65,135,40659,1,0.654,6,0
4a6dd041,Technology,5,50.0,Month-to-Month,31,2,3880,2,0.268,29,1
5b0292b1,Manufacturing,24,50.0,Month-to-Month,2,8,11010,3,0.659,4,0
c9e6c83c,Manufacturing,8,368.12,1 Year,7,2,23042,1,0.538,0,0
f8833404,E-commerce,60,201.22,1 Year,27,27,15542,0,0.881,21,0
a3104b5e,E-commerce,33,206.52,Month-to-Month,55,12,31351,4,0.779,2,0
b6be6296,Technology,22,669.33,Month-to-Month,1,5,52595,1,0.628,9,0
56020f60,Healthcare,153,1653.61,Month-to-Month,41,84,38792,0,0.18,27,0
c0af2a49,E-commerce,635,5825.22,1 Year,20,161,74407,1,0.573,13,0
e0087d79,Healthcare,2957,29558.06,Month-to-Month,19,934,49221,3,0.469,17,0
4df0418f,E-commerce,18,398.51,Month-to-Month,76,7,17259,1,0.681,5,0
416894f2,Finance,5,544.64,1 Year,34,2,6389,1,0.372,6,0
66a3d29f,Finance,126,882.31,Month-to-Month,46,55,51039,2,0.652,0,0
94d470c4,Finance,611,5830.74,Month-to-Month,11,252,11909,2,0.156,11,0
1c77c3b1,E-commerce,185,1502.42,2 Year,20,95,19185,1,0.323,13,0
db291c09,E-commerce,607,5747.24,1 Year,23,272,79286,2,0.424,7,0
22d3b7ea,Healthcare,38,582.5,Month-to-Month,10,10,12417,4,0.491,19,1
b44b6c6d,E-commerce,21,507.24,2 Year,21,2,38591,3,0.678,1,0
32a1aa6f,Finance,64,1165.45,Month-to-Month,7,26,4981,1,0.269,0,0
478ef38a,E-commerce,33,284.41,1 Year,4,18,26938,2,0.472,1,0
9bf87603,E-commerce,147,767.34,Month-to-Month,12,40,196298,1,0.477,19,0
72296ea1,E-commerce,233,2664.74,1 Year,33,68,154373,1,0.738,2,0
14151928,Technology,262,2699.57,Month-to-Month,60,114,146491,3,0.562,0,0
6fb75759,Finance,117,1199.98,Month-to-Month,15,52,45213,4,0.407,15,1
54b295ba,Technology,78,138.3,1 Year,25,39,17456,3,0.384,11,0
e4a7fdcb,E-commerce,179,1692.08,1 Year,3,100,21921,1,0.489,1,0
b3bdc03b,E-commerce,5,50.0,1 Year,57,2,11536,3,0.27,14,0
1f961f49,E-commerce,74,980.98,1 Year,21,22,5134,0,0.925,3,0
afdbdde4,Healthcare,59,375.05,Month-to-Month,37,18,9247,2,0.599,0,0
8881960c,E-commerce,75,490.23,1 Year,38,25,31486,3,0.417,0,0
99667fcb,E-commerce,47,50.0,1 Year,8,23,1370,2,0.389,1,0
07a8ba14,Finance,104,1553.55,Month-to-Month,19,36,140005,3,0.359,17,1
01aba723,Healthcare,23,100.72,2 Year,78,11,41233,1,0.674,5,0
1715fa0a,Healthcare,297,3013.49,2 Year,3,73,9528,0,0.269,4,0
6f18ed86,Manufacturing,111,742.25,2 Year,28,47,26921,3,0.564,15,0
8be50c96,E-commerce,68,50.0,1 Year,79,22,23603,2,0.715,10,0
306d121b,Healthcare,19,50.0,1 Year,9,8,90196,3,0.483,21,0
0191c7b2,Finance,185,1664.23,2 Year,48,69,6419,2,0.398,0,0
af3822a8,E-commerce,74,886.38,Month-to-Month,66,35,28094,2,0.768,1,0
078a4337,Technology,17,50.0,2 Year,33,6,62120,3,0.374,19,0
83bb8a34,Healthcare,50,140.83,Month-to-Month,7,19,23355,2,0.544,32,1
d991aaa5,Finance,140,648.33,Month-to-Month,10,67,22126,3,0.623,3,0
eb0dade3,Technology,124,1264.23,Month-to-Month,1,48,20808,0,0.479,0,1
16d882f5,Healthcare,113,731.72,1 Year,43,45,71776,2,0.36,0,0
ebc96618,Finance,62,1280.4,Month-to-Month,46,29,6352,4,0.488,0,0
34d80b38,Manufacturing,254,2615.07,Month-to-Month,25,99,97142,2,0.668,10,0
62675915,E-commerce,349,3771.05,1 Year,11,84,3676,3,0.454,2,0
48130efa,Finance,165,1525.61,Month-to-Month,2,56,19209,2,0.691,4,0
daba7d0b,Healthcare,22,320.64,2 Year,34,4,24636,2,0.549,4,0
447011f2,Healthcare,11,50.0,Month-to-Month,32,4,25009,4,0.479,2,0
bb5faa1d,Finance,24,50.0,Month-to-Month,59,10,10392,1,0.455,1,0
17b26a33,Technology,1022,10227.57,Month-to-Month,32,421,46210,1,0.646,7,0
0c3f0f52,E-commerce,83,1115.2,1 Year,43,44,30217,2,0.825,0,0
20bf702c,Technology,1325,12277.09,Month-to-Month,33,699,41917,1,0.624,6,0
7af728a8,Manufacturing,45,200.45,Month-to-Month,24,19,47714,4,0.407,5,0
e449e9ef,E-commerce,37,1291.06,Month-to-Month,14,5,10618,0,0.819,3,0
e1062a1b,Finance,48,719.61,2 Year,56,22,126468,1,0.423,0,0
d73410a8,E-commerce,47,1238.82,Month-to-Month,26,15,88625,4,0.946,10,0
2bd769ab,Manufacturing,17,50.0,1 Year,13,8,88130,2,0.568,9,0
80356295,Technology,9,50.0,Month-to-Month,3,3,37927,6,0.424,13,0
c6934b31,Healthcare,115,1633.37,Month-to-Month,9,53,85754,1,0.712,7,0
a774cc2d,E-commerce,265,2961.76,Month-to-Month,19,119,49373,1,0.538,7,0
0bf42f34,E-commerce,2137,21322.81,Month-to-Month,8,1365,29942,3,0.689,2,0
aede6162,Manufacturing,28,50.0,Month-to-Month,7,12,69809,1,0.618,5,0
50e53315,Healthcare,32,898.43,2 Year,18,8,45807,1,0.324,7,0
c181e4b9,E-commerce,17,1425.11,2 Year,5,8,100,5,0.586,0,0
147dedd2,Technology,295,2164.07,1 Year,39,105,290503,1,0.7,12,0
e0ca8787,E-commerce,185,2551.81,Month-to-Month,16,98,28092,3,0.623,26,0
fd6bda3b,E-commerce,14,50.0,2 Year,21,7,42399,0,0.851,34,0
ff2a0846,Healthcare,14,50.0,1 Year,4,6,26038,3,0.662,16,0
67391e40,Finance,227,2404.82,1 Year,10,61,5284,3,0.552,16,0
b7e10878,Finance,97,367.24,Month-to-Month,13,34,89791,3,0.642,1,0
93e9486a,Manufacturing,170,1681.43,1 Year,40,90,57372,3,0.502,3,0
90d527af,Finance,14,50.0,2 Year,36,8,88163,1,0.672,14,0
51a6c28f,E-commerce,5,288.04,1 Year,7,2,33077,2,0.672,0,0
fdbdfdb6,E-commerce,14,1256.86,1 Year,23,5,78440,2,0.352,0,0
715f22a0,Finance,153,1210.23,1 Year,7,43,79904,2,0.755,10,0
a31995fc,E-commerce,1295,12865.63,1 Year,107,366,20495,2,1.0,5,0
546de55e,Technology,28,220.26,2 Year,73,11,204,1,0.709,11,0
20a1ac95,Technology,1658,17073.23,1 Year,20,779,98229,4,0.194,2,0
2fd8299a,E-commerce,189,2092.79,2 Year,29,47,10205,3,0.515,0,0
6ba2b08b,E-commerce,6,520.17,2 Year,39,2,101518,3,0.344,17,0
e2440c9e,Healthcare,75,496.88,1 Year,31,40,48155,1,0.542,15,0
36bbeb47,Manufacturing,199,2206.78,Month-to-Month,29,92,50357,1,0.737,6,0
01d47542,Healthcare,5,50.0,Month-to-Month,77,2,14199,1,0.456,21,0
bfcf367a,Technology,143,1763.73,2 Year,22,62,25759,1,0.977,2,0
d2a45040,Finance,317,2561.1,Month-to-Month,25,138,18705,2,0.024,4,0
4763b6ce,Manufacturing,99,826.2,Month-to-Month,46,43,10557,1,0.55,2,0
657c4311,Technology,49,862.63,Month-to-Month,27,26,64459,1,0.676,0,0
f2b1cd87,Technology,42,50.0,Month-to-Month,32,19,5037,3,0.356,10,0
78991bf3,Finance,38,924.72,1 Year,7,13,35868,3,0.382,8,0
e4994191,E-commerce,9,50.0,1 Year,12,3,38394,1,0.751,5,0
40032d4b,E-commerce,19,916.56,Month-to-Month,4,8,155485,2,0.986,19,1
8429e568,Technology,29,50.0,1 Year,17,10,101777,2,1.0,6,0
55b21051,Healthcare,64,50.0,1 Year,15,32,33833,3,0.531,5,0
446edf89,Manufacturing,23,215.53,1 Year,120,9,92953,2,0.87,11,0
caf3c11d,Technology,14,433.54,Month-to-Month,23,6,78170,0,0.586,0,0
09e6c70c,Finance,170,2035.47,2 Year,38,76,1414,3,0.783,3,0
b14cc849,Technology,95,382.26,Month-to-Month,10,31,127640,1,0.558,17,0
eadfd10f,E-commerce,24,50.0,Month-to-Month,43,7,58222,1,0.373,1,0
0a9ff8b3,E-commerce,116,1003.84,1 Year,23,38,55729,2,0.92,17,0
55abc8c7,Finance,27,528.22,2 Year,29,10,62497,3,0.973,10,0
c40abb7a,E-commerce,60,832.89,1 Year,9,33,12729,3,0.516,16,0
865de421,Technology,235,3136.06,1 Year,20,92,1480,0,0.787,0,0
f95ffad1,E-commerce,22,50.0,Month-to-Month,25,9,13188,2,0.571,12,0
61ba3e2c,E-commerce,9,50.0,Month-to-Month,22,4,79134,3,1.0,15,0
62962b18,E-commerce,43,1028.33,Month-to-Month,60,15,45480,3,0.301,0,0
1865d53c,Technology,7,167.6,Month-to-Month,55,2,22414,2,0.564,12,0
57fbc1e5,Healthcare,36,501.09,Month-to-Month,85,18,13821,2,0.311,6,0
e5d3de63,Technology,35,733.55,1 Year,27,15,80429,1,0.283,0,0
eeb28a35,E-commerce,5,681.82,Month-to-Month,86,1,30612,0,0.577,10,0
90304d58,Finance,121,1198.49,2 Year,43,43,47304,2,0.51,2,0
302775ec,Finance,41,998.28,2 Year,8,16,632,3,0.398,33,0
9eb1a28f,E-commerce,321,3486.07,Month-to-Month,14,138,28099,2,0.767,38,0
ec99af90,Technology,75,422.21,Month-to-Month,7,39,777,2,0.86,0,0
f349e180,Finance,164,1523.38,Month-to-Month,1,74,77423,2,0.703,1,0
678396df,Technology,325,3558.37,1 Year,5,98,14334,0,0.225,7,0
97bbcd17,Healthcare,44,85.59,1 Year,1,14,9143,1,0.668,9,0
6cfb4aa1,E-commerce,54,983.23,Month-to-Month,31,23,130451,0,0.666,10,0
3587160c,Manufacturing,5,129.09,Month-to-Month,14,2,908,3,0.432,12,0
51c1e665,Technology,350,3690.81,1 Year,9,110,11021,1,0.669,1,0
b92aa1bc,Finance,43,1150.25,1 Year,35,21,13753,2,0.499,3,0
0afd2fd2,E-commerce,12,298.28,1 Year,43,2,86524,0,0.436,7,0
c6ed42bd,Finance,165,1685.71,2 Year,89,71,61908,0,0.363,1,0
343575ba,E-commerce,5,50.0,1 Year,25,1,171185,1,0.767,16,0
1ba982a2,Technology,28,212.67,Month-to-Month,15,13,59348,1,0.859,15,0
061631b0,Technology,213,2286.15,1 Year,9,79,13480,1,0.572,11,0
a53d8297,Finance,28,961.66,Month-to-Month,7,13,9126,2,0.797,4,0
9e2a67a5,Manufacturing,18,50.0,1 Year,6,6,70407,2,0.905,8,0
c117b7d8,E-commerce,29,50.0,2 Year,13,15,115582,2,0.626,0,0
f6abb37e,Finance,5,692.52,Month-to-Month,116,1,121335,0,0.585,9,0
e84b6dc7,E-commerce,159,1306.93,Month-to-Month,1,77,73722,2,0.694,0,1
958b306e,E-commerce,45,558.05,Month-to-Month,6,15,79082,2,0.432,2,0
b355d7f5,E-commerce,36,64.1,Month-to-Month,6,15,54290,2,0.709,4,0
ed8ff21d,E-commerce,36,50.0,1 Year,31,15,66557,2,0.63,10,0
9d03270e,E-commerce,55,649.11,1 Year,11,14,6167,3,0.339,2,0
09455a0d,Finance,145,2007.58,Month-to-Month,15,72,19964,2,0.341,1,0
f1b05c1b,Technology,50,468.97,Month-to-Month,4,21,30633,4,0.403,6,0
177d74b2,E-commerce,7,50.0,1 Year,13,2,54580,3,0.703,13,0
8213e417,Healthcare,129,1344.54,Month-to-Month,3,56,27036,1,0.533,4,0
2bdbd760,Technology,115,772.02,1 Year,19,47,23500,1,0.595,19,0
d197104b,Manufacturing,74,50.0,1 Year,3,35,41459,3,0.873,28,1
1754cee4,Manufacturing,273,2689.56,1 Year,38,96,25079,2,0.689,12,0
deee68d8,Finance,57,828.84,1 Year,21,27,3765,2,0.471,16,0
22327dd2,Healthcare,289,3478.85,1 Year,31,132,174365,2,0.403,8,0
c098226a,E-commerce,450,5378.43,Month-to-Month,14,172,130294,1,0.661,8,0
ec0b4adf,Healthcare,130,1625.47,1 Year,12,76,1989,2,0.406,0,0
8ef37ec0,Manufacturing,17,636.78,1 Year,3,7,37664,3,0.851,7,0
b512444e,Finance,44,50.0,1 Year,18,18,62374,1,0.649,7,0
1afc58aa,Finance,350,4310.91,Month-to-Month,18,160,47062,3,0.626,8,0
ee485bb3,E-commerce,5,683.68,Month-to-Month,16,1,21800,2,0.409,2,0
9af409a2,Finance,30,116.44,2 Year,33,15,81297,1,0.724,4,0
b089c706,Technology,32,660.83,Month-to-Month,43,12,47692,2,0.826,29,0
788418d4,E-commerce,14,430.53,1 Year,34,6,13651,2,0.573,19,0
6fcc04af,Finance,202,2755.11,1 Year,4,59,47238,4,0.786,6,0
6d6e7473,Finance,96,884.45,1 Year,24,21,16056,2,0.519,5,0
b729a636,E-commerce,18,50.0,Month-to-Month,3,7,45298,2,0.588,15,1
de5a48cd,Healthcare,135,1105.0,Month-to-Month,29,48,72263,3,1.0,5,0
29c3e062,E-commerce,43,878.4,Month-to-Month,12,16,18015,2,0.526,9,0
77ecf003,E-commerce,14,50.0,Month-to-Month,4,2,16600,2,0.708,20,1
47c965bf,Technology,18,50.0,2 Year,48,10,64859,1,0.522,2,0
1e5962d9,Manufacturing,105,1497.12,Month-to-Month,23,43,35501,1,0.656,13,0
27a0d848,Manufacturing,223,2367.4,1 Year,11,118,7471,3,0.739,59,0
d97aefa1,Manufacturing,26,269.23,Month-to-Month,1,6,39449,4,0.42,0,1
87ed6e39,Finance,123,577.23,2 Year,19,50,54414,2,0.459,0,0
5107dbfb,Healthcare,585,4995.06,Month-to-Month,62,257,33796,2,0.714,11,0
ff9c1d9d,Finance,8,50.0,Month-to-Month,22,3,48929,2,0.632,5,0
0b9b9a56,Technology,93,1110.85,1 Year,86,39,22695,0,0.834,2,0
d1625f8a,Manufacturing,189,1597.12,1 Year,4,49,105110,4,0.654,7,0
715741f1,Technology,47,920.05,Month-to-Month,21,20,13719,1,0.972,22,0
97ccd7af,Healthcare,349,3012.97,Month-to-Month,39,110,16518,1,0.739,7,0
eee00ae4,Manufacturing,1477,14510.33,Month-to-Month,18,499,74285,7,0.976,28,1
7dbefe30,E-commerce,91,1261.6,1 Year,3,36,2979,0,0.938,8,0
800db3fa,Healthcare,38,191.54,2 Year,21,13,218624,1,0.472,2,0
7a10248f,E-commerce,236,2196.33,Month-to-Month,23,87,49579,2,0.896,18,0
650e970d,Healthcare,193,1608.26,1 Year,32,98,82368,0,0.788,4,0
3dcbad50,E-commerce,5,50.0,Month-to-Month,35,1,43846,0,0.774,9,0
5e659d39,Finance,54,717.09,Month-to-Month,36,19,77166,3,0.837,4,0
7b9d63ac,E-commerce,30,541.85,Month-to-Month,27,11,28475,1,0.538,5,0
07929701,E-commerce,98,1093.57,1 Year,6,28,42988,3,0.666,1,0
8e4e84d1,Technology,40,91.91,Month-to-Month,13,16,54224,4,0.516,9,0
bc19c805,E-commerce,48,379.25,1 Year,36,22,116102,4,1.0,3,0
53280be1,E-commerce,14,937.97,Month-to-Month,74,6,1769,4,0.449,4,0
cc3cff85,Technology,164,929.46,1 Year,2,66,5765,3,0.344,2,0
bb412bd5,Manufacturing,653,7472.95,1 Year,19,300,58663,1,0.436,4,0
72494405,Healthcare,15,199.86,Month-to-Month,9,5,21107,0,0.589,17,0
d4a6f575,E-commerce,6,50.0,1 Year,7,2,56618,3,0.588,30,0
4ea96f3b,Finance,56,1036.69,Month-to-Month,17,30,12921,3,0.778,5,0
2f276c83,Healthcare,52,50.0,Month-to-Month,23,19,49477,1,0.606,13,0
19a0693c,E-commerce,316,3850.16,Month-to-Month,1,145,32515,2,0.501,24,1
5cbb70ef,Technology,8,1008.86,Month-to-Month,37,3,6557,0,0.697,2,0
79bd8ecb,Finance,24,783.99,Month-to-Month,42,7,132555,0,0.833,1,0
f6dd54d9,Technology,5,50.0,Month-to-Month,81,2,78558,1,0.641,2,0
8646bc63,Technology,429,4672.08,Month-to-Month,5,145,75951,3,0.774,22,1
c21ef2d1,Manufacturing,79,1613.0,Month-to-Month,22,34,59688,4,0.617,3,0
4b5ac6c0,Finance,27,1041.37,2 Year,14,9,1078,3,0.548,7,0
6ae7d652,Manufacturing,7,50.0,1 Year,10,2,35121,1,0.74,33,0
e65f22e3,Finance,8,588.18,Month-to-Month,21,3,69507,3,0.646,6,0
b753dbe4,E-commerce,101,1907.79,1 Year,37,41,12215,2,0.801,4,0
3beac4c3,Healthcare,10,114.73,1 Year,1,4,47759,1,0.908,25,1
d26a7bc1,Healthcare,63,50.0,Month-to-Month,84,21,132594,3,0.577,1,0
4f4d34df,Technology,1169,12104.33,Month-to-Month,40,331,69904,3,0.729,12,0
2598f85a,E-commerce,32,846.93,2 Year,34,13,39663,1,0.814,5,0
a3f5247b,Finance,12,50.4,1 Year,35,6,18547,2,0.682,15,0
564cd8bd,Finance,96,364.64,1 Year,12,43,50604,3,0.702,6,0
dcf38561,E-commerce,8,570.94,1 Year,34,3,62658,1,0.629,17,1
271bb503,Healthcare,720,6815.6,1 Year,12,251,50773,4,0.651,5,0
8790cdb9,Technology,448,4678.67,1 Year,55,187,70410,3,0.704,1,0
b63b2227,Healthcare,42,1199.08,1 Year,5,13,16372,4,0.478,5,0
9e7a11d2,Finance,14,50.0,1 Year,9,5,35444,2,0.26,1,0
0b28d3a8,Finance,28,733.88,Month-to-Month,20,12,39778,1,0.582,0,0
5aa2cf46,E-commerce,35,246.71,1 Year,10,7,4709,2,0.566,2,0
459cc6bf,Finance,97,879.67,1 Year,14,55,9712,2,0.924,5,0
aed4a302,Finance,259,2847.16,Month-to-Month,17,69,18309,2,0.659,1,0
5b5140c1,Manufacturing,11,50.0,Month-to-Month,47,6,2446,1,0.712,11,0
a8451e10,E-commerce,248,1892.49,2 Year,18,78,13302,1,0.518,10,0
ba3afb54,Healthcare,137,477.9,2 Year,11,43,36923,3,0.481,16,0
8254c693,E-commerce,25,865.88,1 Year,7,9,39016,2,0.433,2,0
949e071e,Technology,10,50.0,Month-to-Month,13,3,14345,2,0.348,4,0
d0f0515b,Finance,64,924.97,Month-to-Month,18,21,146392,2,0.745,10,0
d31804d8,Healthcare,11,50.0,Month-to-Month,33,3,31477,1,0.661,5,0
770cd8f9,Technology,253,1949.12,1 Year,4,103,50705,1,0.895,4,0
75bec8e0,E-commerce,10,426.16,1 Year,7,3,1541,3,0.71,4,0
3f5e0ae8,E-commerce,124,1403.98,2 Year,12,60,25473,5,0.649,6,0
a5b858e7,Healthcare,48,361.55,2 Year,11,25,39056,2,0.204,5,0
009874a8,Healthcare,23,380.95,Month-to-Month,12,4,18716,1,0.982,7,0
5ecf53dc,E-commerce,46,50.0,Month-to-Month,38,26,9399,1,0.608,43,1
06459089,Finance,275,3280.3,2 Year,10,131,11228,3,0.183,6,0
e43c6185,E-commerce,9,736.2,2 Year,17,3,31419,0,0.645,14,0
39e62d87,E-commerce,29,669.65,Month-to-Month,24,9,3683,0,0.438,11,0
687242b8,Finance,17,50.0,Month-to-Month,7,7,13358,2,0.431,8,0
2f83aeb2,Manufacturing,51,539.67,1 Year,31,24,63566,4,0.653,13,0
965309dc,Technology,19,974.42,1 Year,20,12,12087,4,0.483,10,0
9445e0d8,Technology,5,690.58,Month-to-Month,15,3,6217,1,0.805,0,0
1fe735d6,Healthcare,11,1106.93,Month-to-Month,40,2,4373,1,0.577,13,0
e6cb38e2,Healthcare,636,5969.74,1 Year,7,241,224272,1,0.68,23,0
07e9f0eb,E-commerce,79,354.89,Month-to-Month,52,32,4543,2,0.713,16,0
e81ea038,Finance,75,817.19,2 Year,20,40,28413,4,0.65,4,0
a1ff3c9f,Manufacturing,35,553.45,Month-to-Month,23,13,35777,2,0.643,23,1
4a059315,Finance,50,428.86,1 Year,50,16,167018,2,0.628,1,0
35a57917,E-commerce,28,85.16,1 Year,41,11,110865,3,0.899,4,0
d9f01a88,Finance,120,1833.7,Month-to-Month,23,43,13569,2,0.769,0,0
c9b41cb7,E-commerce,63,584.63,Month-to-Month,34,31,4425,3,0.462,4,0
3acdfef8,Healthcare,9,50.0,1 Year,14,5,28806,2,0.378,0,0
f924abcc,E-commerce,79,240.16,Month-to-Month,20,38,5318,0,0.441,13,0
6ea10e92,Finance,5,173.53,Month-to-Month,2,2,102438,1,0.686,3,0
97fd6bee,Technology,101,2511.33,Month-to-Month,3,52,60831,0,0.379,7,1
1aff53b9,Healthcare,6,50.0,Month-to-Month,43,2,143929,2,0.469,8,0
e7164244,Manufacturing,47,312.56,2 Year,2,16,42134,0,0.331,3,0
7f5e96b7,Technology,9,1292.4,1 Year,5,3,22661,2,0.786,2,0
53f2563a,Finance,54,297.86,Month-to-Month,39,27,34722,2,0.733,8,0
53ecbb1e,Technology,129,1517.73,2 Year,1,55,8763,2,0.776,2,0
35693726,Healthcare,520,6137.96,Month-to-Month,8,156,31093,5,0.505,1,0
3b17d510,Manufacturing,5,50.0,Month-to-Month,22,2,332567,2,0.248,13,0
cdc627e0,E-commerce,235,2195.37,Month-to-Month,22,75,58640,1,0.433,3,0
bab04e8d,Finance,66,417.82,1 Year,37,18,3219,2,0.331,5,0
57805163,Finance,27,50.0,1 Year,17,8,64670,3,0.328,24,0
ec8132f6,Healthcare,170,2484.68,Month-to-Month,18,73,5304,3,0.827,1,0
d2e909fc,Manufacturing,38,87.3,Month-to-Month,32,18,24767,1,0.551,0,0
78e8ec6e,Healthcare,160,1161.88,1 Year,17,68,77147,4,0.658,5,0
2a44ed1b,E-commerce,12,50.0,1 Year,23,4,6853,2,0.821,9,0
098e881a,E-commerce,21,674.42,2 Year,55,6,17318,1,0.396,6,0
1023acdd,Manufacturing,224,2296.45,Month-to-Month,13,106,10861,1,0.723,0,0
eecf2c22,Finance,506,4664.17,1 Year,12,197,102047,1,0.309,5,0
4617dd97,E-commerce,51,714.57,1 Year,1,22,8003,3,0.65,6,0
999bce85,E-commerce,5,456.3,1 Year,23,1,38370,2,0.814,29,0
912cd512,Technology,40,388.12,Month-to-Month,1,17,16100,0,0.372,0,0
139a8110,Healthcare,57,452.62,Month-to-Month,17,25,35388,1,0.766,11,0
14f86a24,Finance,38,887.94,1 Year,40,24,9157,2,0.645,5,0
5bd08a86,Finance,90,810.41,1 Year,20,39,70853,2,0.509,20,0
305b5816,Technology,26,1064.1,Month-to-Month,8,9,51516,0,0.36,10,0
22918c7e,Finance,192,1541.18,Month-to-Month,38,80,2219,0,0.648,5,0
6ec8a62d,E-commerce,9,50.0,Month-to-Month,8,2,147409,1,0.699,10,0
23de573e,Finance,349,3038.1,Month-to-Month,32,106,111733,2,0.537,5,0
c1551bcb,Technology,558,5460.58,Month-to-Month,23,292,17675,1,0.404,12,0
11c39ec5,Manufacturing,13,131.25,Month-to-Month,5,5,17257,2,0.752,15,1
0d2b0f15,E-commerce,13,50.0,Month-to-Month,57,6,34575,1,0.837,11,0
f9f3d0a6,Finance,101,1058.38,Month-to-Month,6,23,48263,1,0.791,4,0
e4d9862c,Finance,9,372.68,1 Year,110,2,17197,5,0.918,0,0
f0bc4ad5,Healthcare,26,50.0,Month-to-Month,1,11,79323,1,0.47,1,0
0a647fd5,Finance,285,2589.41,1 Year,8,90,4087,3,0.317,6,0
e138b7df,E-commerce,165,1933.74,Month-to-Month,6,42,25361,6,0.682,8,0
77186817,E-commerce,1064,10095.29,Month-to-Month,1,310,40575,3,0.519,0,0
6dea6107,Manufacturing,70,542.01,1 Year,32,25,80392,1,0.798,6,0
9f478c5c,Finance,21,754.09,1 Year,29,9,102714,1,0.393,3,0
6ed90822,E-commerce,58,1477.59,1 Year,38,33,14012,3,0.407,0,0
9cb6100f,E-commerce,43,649.96,Month-to-Month,8,12,13791,0,0.614,4,0
9f9c5ffe,E-commerce,44,355.37,1 Year,15,13,22964,2,0.635,10,0
9e172216,Finance,52,269.3,Month-to-Month,26,13,27891,2,0.735,14,0
249d3c02,E-commerce,13,585.38,1 Year,14,5,94326,2,0.58,14,0
50b0aa17,E-commerce,83,1396.7,Month-to-Month,29,34,379,1,0.217,7,0
93c7e329,Technology,6,50.0,1 Year,25,1,57752,0,1.0,0,0
ec8111d0,Manufacturing,18,635.21,1 Year,3,5,12426,2,0.607,9,0
7d9a5fc1,Finance,45,146.48,1 Year,37,17,107024,2,1.0,0,0
a3d29776,Healthcare,5,50.0,2 Year,31,1,19088,3,0.575,5,0
637b2d41,E-commerce,173,1653.18,2 Year,26,51,38561,0,0.389,10,0
9fc7383e,E-commerce,5,545.81,1 Year,5,2,19951,3,0.537,1,0
01ed12bd,Finance,149,1644.7,2 Year,8,39,27693,1,0.82,9,0
5eb5ab29,Technology,7,211.17,Month-to-Month,12,2,36931,6,0.724,11,1
e0115ad3,Manufacturing,29,466.22,Month-to-Month,8,11,68824,2,0.662,22,0
1b77409e,Manufacturing,118,1413.83,1 Year,7,51,6434,0,0.588,2,0
9c4f9cc6,Finance,1476,14702.92,2 Year,40,769,21710,1,0.626,17,0
3fba9a9c,Technology,65,965.94,1 Year,25,23,51032,2,0.57,4,0
1bc9b782,Technology,5,50.0,Month-to-Month,21,2,44433,0,0.839,4,0
286160e6,E-commerce,228,2605.5,1 Year,7,46,75895,1,0.783,33,0
69cbf196,E-commerce,38,808.49,Month-to-Month,61,22,109944,2,0.412,7,0
c0f6b494,Technology,60,949.57,Month-to-Month,6,12,4939,1,0.305,20,1
74ee7c09,E-commerce,126,1635.51,Month-to-Month,39,49,62560,2,0.355,11,0
293d462b,Finance,5,282.43,Month-to-Month,82,1,16704,0,0.529,5,0
c6530f76,E-commerce,55,1136.72,Month-to-Month,32,17,32829,0,0.644,0,0
61781c94,E-commerce,29,50.0,1 Year,119,16,49412,0,0.589,6,0
47006e6d,Finance,341,3836.87,1 Year,26,175,8161,1,0.726,4,0
4332271c,Manufacturing,162,2607.73,Month-to-Month,6,80,21277,1,0.597,7,0
e76ee85f,E-commerce,5,50.0,Month-to-Month,6,1,186656,1,0.919,13,0
837c9a7d,E-commerce,362,3253.14,1 Year,10,204,7326,3,0.702,7,0
0d208d01,Healthcare,107,1713.16,2 Year,1,45,4350,2,0.604,11,0
8d06e8ed,E-commerce,5,50.0,2 Year,28,2,90638,0,0.298,12,0
65cd5347,Healthcare,59,256.64,Month-to-Month,8,39,28161,4,0.67,15,1
458a07f8,Healthcare,257,2654.97,Month-to-Month,41,130,56164,3,0.7,10,0
981f2494,E-commerce,8,50.0,Month-to-Month,11,3,18245,2,0.457,21,1
879e57f5,E-commerce,431,4747.51,Month-to-Month,16,194,11059,3,0.369,3,0
30f2e22d,E-commerce,5,50.0,1 Year,81,2,11943,2,0.819,18,0
bfd0ced9,Healthcare,16,340.32,Month-to-Month,7,7,10882,1,0.406,9,0
b7bc7700,E-commerce,13,272.24,2 Year,31,6,14182,1,0.633,9,0
1e099159,Finance,430,5131.94,1 Year,34,227,12501,2,0.606,2,0
75cedb3b,Manufacturing,26,842.65,Month-to-Month,6,16,84019,1,0.689,18,0
22112abe,E-commerce,9,50.0,1 Year,17,2,38102,2,0.408,9,0
c3f3a44b,E-commerce,106,427.75,1 Year,11,49,17584,4,0.576,1,0
850dafe1,Finance,147,1888.98,1 Year,36,65,21160,3,0.407,0,0
99424c85,Healthcare,148,1153.3,2 Year,24,53,158264,3,0.615,6,0
35d9f4ac,Manufacturing,36,192.16,Month-to-Month,16,12,10159,2,0.701,3,0
3807e5b9,Finance,79,260.09,1 Year,37,44,108909,2,0.779,3,0
55db2745,E-commerce,20,539.51,Month-to-Month,7,5,66742,2,0.899,0,0
b6a2b942,E-commerce,673,6406.75,Month-to-Month,34,174,47525,1,0.547,2,0
fc203a7b,Healthcare,303,3012.48,1 Year,49,104,48920,1,0.544,34,0
8353fa90,Technology,277,2760.25,Month-to-Month,51,61,27490,1,0.855,8,0
8d74d712,E-commerce,179,1881.78,Month-to-Month,37,56,28888,3,0.715,7,0
65a7bd6f,Finance,119,1520.82,Month-to-Month,13,35,79501,1,0.847,7,0
5e8ce5e0,Healthcare,8,50.0,Month-to-Month,97,3,83264,0,0.991,14,0
d9c1304f,Finance,141,1039.29,1 Year,12,76,42333,3,0.431,11,0
e816867a,Technology,64,50.0,2 Year,25,21,73178,3,0.762,2,0
4b16bfdf,E-commerce,363,3681.31,Month-to-Month,5,176,83050,5,0.48,6,0
eca1f24a,Finance,183,1751.5,Month-to-Month,95,86,20181,2,0.913,12,0
f0cc6606,Healthcare,124,884.76,Month-to-Month,30,22,48823,3,0.362,5,0
72ac5773,E-commerce,5,81.28,Month-to-Month,34,1,28616,3,0.784,7,0
f4c9ad7e,E-commerce,47,897.99,Month-to-Month,2,17,5163,2,0.489,0,0
86ac4a19,E-commerce,23,785.94,1 Year,35,10,52272,2,0.711,0,0
2d99b96e,Finance,79,50.0,2 Year,36,36,44274,3,0.854,14,0
0da7af07,Finance,29,109.57,2 Year,27,12,5412,0,0.471,14,0
3dba9e45,E-commerce,36,840.51,Month-to-Month,9,11,3672,5,0.306,7,1
a3bbda14,Manufacturing,108,1878.02,Month-to-Month,17,36,14359,3,0.548,16,1
e6f4b903,Finance,28,50.0,Month-to-Month,3,6,89612,2,0.523,15,1
b5b0410f,E-commerce,65,1339.16,Month-to-Month,16,26,3289,0,0.343,4,0
81df0e52,E-commerce,5,50.0,1 Year,7,1,30843,0,0.198,6,0
7fb1f9aa,E-commerce,15,724.14,Month-to-Month,11,6,9863,1,0.843,6,0
74e42dca,Finance,146,1319.12,Month-to-Month,5,68,14621,2,0.898,0,0
3c7cb9f9,Technology,8,861.41,Month-to-Month,7,2,73467,4,0.48,0,0
a466fe83,E-commerce,353,3297.98,2 Year,2,151,95057,0,0.541,18,0
0e7b22f4,E-commerce,235,2195.05,1 Year,61,88,43409,3,0.762,38,0
db9c4c9c,Finance,36,293.3,1 Year,19,10,99477,1,0.765,14,0
539879d4,Finance,4905,48281.47,Month-to-Month,13,1569,97201,2,0.956,0,0
fa13ece0,Healthcare,352,2638.76,1 Year,19,60,12520,2,0.724,9,0
090242d7,Technology,13,385.08,Month-to-Month,24,4,51784,1,0.395,9,0
46015cd2,Finance,167,2164.23,1 Year,62,56,75327,4,0.758,3,0
e75807a2,E-commerce,60,903.79,1 Year,5,17,41168,1,0.46,6,0
dd9db8e5,Finance,17,50.0,Month-to-Month,9,8,81937,3,0.587,0,0
5528c383,E-commerce,10,340.09,Month-to-Month,90,4,49554,3,0.823,6,0
71423236,E-commerce,242,1924.9,Month-to-Month,12,110,16735,4,0.419,3,0
bcbfa87f,Finance,22,423.83,1 Year,1,10,57853,4,0.585,2,0
ada3fa21,Healthcare,46,1025.65,1 Year,4,18,44336,2,0.355,36,0
f8606670,Finance,13,313.73,1 Year,1,5,49034,4,0.402,11,0
9a55f2fc,E-commerce,17,904.27,1 Year,111,8,5008,4,0.491,22,0
eeaa73c7,E-commerce,45,375.01,1 Year,8,21,6718,3,0.926,1,0
5fba8d53,Finance,97,861.68,1 Year,62,48,84276,3,0.607,2,0
1f43c370,E-commerce,5,83.68,Month-to-Month,120,1,28217,0,1.0,26,0
41dfa1e7,Finance,56,50.0,Month-to-Month,22,16,12121,1,0.791,3,0
37f76a1d,Finance,17,50.0,Month-to-Month,1,7,4862,4,0.796,21,1
ead5ac9a,Healthcare,447,4312.43,1 Year,3,152,15251,1,0.381,13,0
94e49e93,Technology,4510,44958.0,2 Year,16,2098,17491,6,0.569,0,0
c808d6fd,Finance,31,444.15,1 Year,13,13,203621,3,0.371,1,0
3ae4f710,Finance,5,50.0,Month-to-Month,23,2,89940,5,0.538,8,0
a9204be9,Finance,65,77.19,Month-to-Month,14,23,4085,1,0.509,24,0
cabdb3f0,Healthcare,40,966.03,Month-to-Month,66,20,69005,2,0.592,8,0
a460e294,E-commerce,1050,9496.38,Month-to-Month,19,517,41497,2,0.765,11,0
1abb5134,Healthcare,665,6958.19,1 Year,29,228,12969,2,0.548,11,0
040afe6f,Healthcare,199,1803.22,Month-to-Month,55,55,68634,1,0.769,1,0
46f85f10,E-commerce,22,300.06,Month-to-Month,4,9,1532,4,0.307,17,1
4bb7d680,Finance,150,2279.05,1 Year,7,77,65750,3,0.69,13,0
3801f3d5,Technology,81,744.41,Month-to-Month,3,22,112827,2,0.513,3,0
68fda3cf,E-commerce,78,1092.69,1 Year,4,34,107113,4,0.651,6,0
278dd39e,Finance,5,79.28,1 Year,18,1,73995,1,0.773,6,0
04d59763,E-commerce,268,2625.31,1 Year,10,79,136461,2,0.312,15,0
2bbe638c,Healthcare,64,523.41,Month-to-Month,14,31,61435,4,0.894,30,0
8ffb71dc,E-commerce,46,810.53,Month-to-Month,98,21,58034,7,0.561,19,1
829f9ee9,E-commerce,22,50.0,1 Year,5,8,1327,0,0.972,6,0
9c7207a4,Finance,16,50.0,Month-to-Month,19,7,9569,3,0.614,4,0
61275ca4,E-commerce,87,907.24,2 Year,3,40,76032,2,0.864,2,0
129b86a9,Technology,5,146.39,Month-to-Month,10,1,299627,2,0.612,11,0
3a3b9e04,Manufacturing,178,867.92,1 Year,18,72,63636,2,0.653,5,0
20458e7e,E-commerce,11,104.76,Month-to-Month,71,5,43354,3,0.623,1,0
c5326930,E-commerce,5,50.0,Month-to-Month,12,2,10131,2,0.556,0,0
22bea876,Finance,839,8703.42,2 Year,2,116,147741,0,0.549,8,0
0687cca6,Finance,15,50.0,1 Year,12,4,52452,1,0.645,20,0
4ab7ccf7,E-commerce,18,1142.54,1 Year,4,8,33573,2,0.71,4,0
ca6067cb,Finance,299,2820.9,Month-to-Month,7,102,98803,3,0.647,2,0
1a54242a,Manufacturing,881,8377.52,2 Year,24,451,153181,2,0.704,6,0
07d419f1,Finance,5,50.0,1 Year,2,3,23195,0,0.296,13,0
f199c4eb,Finance,13,408.14,Month-to-Month,15,4,36261,0,0.781,0,0
a34ed1f5,Finance,14,585.24,Month-to-Month,23,4,6114,2,0.451,20,1
b0d532bb,Technology,221,2072.84,Month-to-Month,14,66,160762,2,0.271,47,1
b4f1a966,E-commerce,638,5660.65,Month-to-Month,1,303,6430,2,0.97,5,0
0c48874a,E-commerce,10,50.0,2 Year,102,3,132273,0,0.882,18,0
a0a1e871,Finance,455,4693.19,Month-to-Month,11,163,10600,1,0.598,5,0
2d9e5784,Technology,18,673.66,Month-to-Month,37,5,119721,2,0.814,1,0
c9a87c84,Healthcare,90,1458.74,Month-to-Month,10,32,30101,4,0.534,6,0
70f412a7,Technology,8,164.05,Month-to-Month,16,2,44832,0,0.506,1,0
a395a96c,E-commerce,45,933.65,Month-to-Month,12,9,1813,1,0.481,2,0
b8f690ba,Finance,46,1416.17,Month-to-Month,11,14,25075,4,0.472,15,1
ace111e1,E-commerce,34,935.17,Month-to-Month,1,16,34001,1,0.548,1,0
2e9a0e6f,E-commerce,97,1431.02,1 Year,11,51,473,1,0.457,3,0
8ba6208e,Healthcare,12,50.0,Month-to-Month,53,4,54066,3,0.03,4,0
a4e41453,Technology,14,621.31,2 Year,29,5,91285,0,0.563,23,0
d05e148e,E-commerce,105,1280.62,Month-to-Month,4,45,1254,0,0.406,9,0
9cb1c1d7,Finance,408,4405.32,1 Year,22,243,33916,4,0.659,0,0
623ea272,Healthcare,52,1150.55,2 Year,54,15,1715,1,0.552,3,0
57a7777f,E-commerce,116,1339.28,1 Year,29,31,103294,1,0.727,0,0
ab7bf609,E-commerce,170,1648.73,1 Year,4,67,8766,3,0.603,13,0
d74d0e0e,E-commerce,189,1355.07,Month-to-Month,49,83,3015,1,0.347,2,0
d3d9907c,E-commerce,13,50.0,1 Year,9,5,97490,2,0.347,2,0
e4c2375c,E-commerce,17,276.43,Month-to-Month,15,4,29395,2,0.352,1,0
222b2538,Manufacturing,19,328.81,1 Year,18,9,5013,2,0.427,11,0
54009747,E-commerce,985,9971.94,Month-to-Month,46,380,52194,2,0.459,7,0
95d4dab0,Technology,117,1649.75,1 Year,65,53,61140,2,0.784,3,0
1462413a,Healthcare,109,1522.68,2 Year,64,60,42005,4,0.637,15,0
5c544ab5,Finance,94,908.96,Month-to-Month,1,23,20182,4,0.228,8,0
3f14b8a7,Finance,7,50.0,Month-to-Month,62,1,27624,4,0.425,2,0
53eebe1f,E-commerce,999,10181.68,1 Year,2,456,154878,2,0.593,0,0
1899630d,Technology,112,2243.17,2 Year,8,22,38217,2,0.399,0,0
16a59d19,Healthcare,161,1770.62,1 Year,18,57,25296,5,0.616,4,0
df441066,Healthcare,5,50.0,Month-to-Month,16,1,61582,2,0.432,0,0
9ae8414b,Technology,175,2017.92,2 Year,23,76,3960,3,0.573,2,0
0f589596,Finance,31,607.87,Month-to-Month,16,10,17140,2,0.486,0,0
9e3d5673,E-commerce,7,362.33,2 Year,66,3,12839,1,0.622,0,0
d6e41080,E-commerce,13,816.44,Month-to-Month,7,3,56987,6,0.888,3,0
c89e5485,Technology,8,273.05,2 Year,8,2,46306,2,0.779,7,0
a327b268,Healthcare,7,732.71,Month-to-Month,61,2,71238,2,0.384,4,0
99031dc3,Healthcare,59,705.12,1 Year,2,24,27823,2,1.0,1,0
04cf0cd5,E-commerce,30,1056.25,1 Year,23,12,9554,3,0.836,0,0
a1bede0b,Manufacturing,90,1503.37,1 Year,28,49,10095,1,0.463,2,0
7ac5c4b1,E-commerce,674,7200.9,1 Year,17,355,111399,2,0.427,12,0
7547a3cf,Finance,44,834.59,Month-to-Month,29,19,3892,2,0.668,11,0
84fd4c94,E-commerce,5,1200.76,Month-to-Month,5,2,45084,2,0.741,22,0
72a6bfe6,Manufacturing,37,908.31,Month-to-Month,46,15,13177,1,0.953,24,0
841d1ae1,Technology,327,2845.34,1 Year,4,169,12057,0,0.702,14,0
bec9e8af,Manufacturing,47,592.95,1 Year,13,20,5179,2,0.467,0,0
e11e1324,Healthcare,541,5277.64,Month-to-Month,2,186,193835,3,0.499,1,1
7f288bf0,Healthcare,107,2102.24,Month-to-Month,19,34,3146,1,0.725,13,0
d729de46,E-commerce,5,675.72,Month-to-Month,27,2,7993,4,0.332,17,1
2fc9249d,Technology,64,1655.98,1 Year,69,24,22719,5,0.899,9,0
4e0c1dee,Finance,85,470.0,2 Year,33,50,30421,1,0.491,4,0
5a126c44,Finance,276,3310.84,Month-to-Month,19,79,150592,0,0.792,2,0
f088ab5c,Technology,836,7677.74,2 Year,65,439,13839,1,0.84,11,0
63745236,Healthcare,213,1333.93,2 Year,16,76,63823,1,1.0,5,0
9d0616a3,Finance,105,851.52,Month-to-Month,20,46,53412,1,0.539,4,0
6628b720,E-commerce,150,2256.19,1 Year,22,40,36438,4,0.544,6,0
5ea7e37a,E-commerce,42,50.0,1 Year,13,9,15466,7,0.534,18,1
c11537fb,Technology,6,51.59,1 Year,44,3,8517,1,0.635,10,0
df269487,Finance,58,1174.42,1 Year,5,20,9710,1,0.471,8,0
b4dfc89d,E-commerce,94,1363.21,1 Year,20,46,21231,3,0.842,3,0
eec0e551,E-commerce,8,1188.09,Month-to-Month,31,2,7374,1,0.802,3,0
99f51f30,E-commerce,399,3991.69,Month-to-Month,57,198,327876,0,0.549,44,0
832d449f,E-commerce,246,2239.19,Month-to-Month,52,87,29512,2,0.458,6,0
a6d88bbf,Finance,6,50.0,1 Year,18,1,38716,4,0.513,2,0
a2c8452c,Healthcare,423,4046.0,Month-to-Month,25,196,47915,3,0.506,12,0
fbe0b140,Healthcare,34,50.0,2 Year,13,16,10894,3,0.699,13,0
d9d15c02,Finance,16,50.0,Month-to-Month,16,7,32865,2,0.639,4,0
7815b9d0,E-commerce,275,3731.7,Month-to-Month,57,106,3247,2,0.764,15,0
1b543082,Technology,50,524.45,2 Year,65,11,173958,0,0.897,20,0
24a0b893,Technology,942,10715.73,Month-to-Month,55,276,32011,3,0.66,17,0
2f1816ba,Technology,15,50.0,Month-to-Month,4,4,1505,2,0.719,0,0
4db6edd4,Finance,5,50.0,2 Year,46,1,45698,2,1.0,15,0
4502dce9,E-commerce,35,50.0,1 Year,72,17,5274,1,0.714,5,0
7c38ff40,Finance,178,1459.62,Month-to-Month,11,69,78027,6,0.502,1,1
e60afc0a,Finance,13,566.8,Month-to-Month,18,2,153260,2,0.586,22,0
d8bc631a,Healthcare,7,353.16,2 Year,37,1,124181,5,0.267,6,0
cd061ab1,E-commerce,76,1197.7,1 Year,20,25,27911,1,0.709,20,0
8313b86e,Manufacturing,6,731.14,Month-to-Month,120,2,62341,3,0.49,9,0
00fd74a2,Finance,86,1413.68,2 Year,15,37,8468,1,0.422,3,0
5a7d81ef,Healthcare,32,50.0,Month-to-Month,31,8,3935,0,0.427,8,0
1a61edd1,Technology,114,878.09,2 Year,38,29,86032,2,0.829,31,0
e1638b82,Finance,6,120.74,Month-to-Month,17,2,59399,2,0.548,9,0
ba117b2a,Technology,382,5683.92,1 Year,47,203,118790,1,0.753,16,0
18cfa279,Technology,41,796.2,Month-to-Month,19,8,123013,0,0.677,20,0
41bf7ef8,Manufacturing,171,1763.34,Month-to-Month,13,55,21330,0,0.64,4,0
64a9fff7,E-commerce,230,2636.64,Month-to-Month,3,117,19183,3,0.523,1,0
cddeb23e,E-commerce,9,50.0,Month-to-Month,12,4,29160,1,0.699,37,1
bc4c3409,E-commerce,205,2181.21,Month-to-Month,32,63,54783,4,0.515,21,0
54f62599,E-commerce,6,537.33,Month-to-Month,62,3,250,3,0.631,8,0
67c5565b,E-commerce,6,50.0,2 Year,7,2,38244,2,0.821,29,0
c8eab8a7,Finance,1038,10001.72,Month-to-Month,11,483,996,3,0.863,9,0
1dc5543a,E-commerce,289,2851.06,Month-to-Month,5,95,29953,4,0.513,9,0
94e4d2d4,E-commerce,1224,12080.21,1 Year,29,525,4293,0,0.674,9,0
1865190c,Technology,31,50.0,1 Year,78,8,41301,2,0.717,17,0
64bdc4fd,Technology,63,344.22,1 Year,25,21,18863,1,0.647,3,0
9cd5e0d5,E-commerce,120,503.59,1 Year,24,44,32592,3,0.753,3,0
3c24430d,Healthcare,53,50.0,2 Year,20,21,158141,2,0.755,0,0
f0c2b9b0,Technology,17,50.0,1 Year,3,10,20849,1,0.968,16,0
217d7160,E-commerce,14,616.73,2 Year,32,9,63520,4,1.0,3,0
a5eb781c,Technology,75,1494.58,1 Year,23,27,57489,1,0.567,2,0
e0c5ee16,Manufacturing,11,50.0,1 Year,26,6,101600,2,0.932,6,0
cdf611ab,Healthcare,10,890.09,Month-to-Month,55,2,20354,3,0.688,19,0
afac7579,Technology,98,416.7,Month-to-Month,37,43,2885,3,0.565,9,0
d11e7837,Healthcare,47,843.44,Month-to-Month,37,15,176390,2,0.721,18,0
8b1ae4b1,Finance,222,2349.28,Month-to-Month,63,78,22498,2,0.553,0,0
7059640e,E-commerce,28,597.93,Month-to-Month,111,18,10767,1,0.591,2,0
7b9861e4,Healthcare,22,50.0,1 Year,21,7,122729,1,0.381,12,0
ff56c65f,Technology,103,123.82,Month-to-Month,3,34,10573,0,0.616,3,0
dca03a3b,Healthcare,16,50.0,1 Year,15,4,37618,3,0.787,27,0
3fa0de37,Finance,20,413.43,2 Year,38,6,70427,5,0.744,14,0
5ae80537,E-commerce,21,1188.45,Month-to-Month,1,5,65654,0,0.673,12,0
f4da6d22,Technology,39,50.0,Month-to-Month,2,16,1495,1,0.947,0,0
908a0944,Manufacturing,779,7740.58,Month-to-Month,2,327,11309,3,1.0,11,0
0e936f96,Technology,6,50.0,2 Year,32,2,109683,1,0.7,7,0
06bd81ec,E-commerce,381,3801.39,2 Year,17,151,40280,0,0.92,1,0
53d84ce9,Finance,165,684.61,2 Year,12,56,58112,1,0.67,8,0
58e65b74,Healthcare,572,6469.02,Month-to-Month,3,191,25732,2,0.618,1,1
bb01fedc,Healthcare,6033,60342.02,Month-to-Month,32,2509,68364,2,0.792,6,0
12c393d6,E-commerce,467,5128.58,2 Year,10,184,17060,1,0.586,2,0
4ee9bdc8,E-commerce,218,2063.9,Month-to-Month,8,73,13200,0,0.128,0,1
6d6d7538,E-commerce,7,165.31,Month-to-Month,26,2,292360,2,0.548,4,0
bc3a47d8,Technology,9,654.44,Month-to-Month,20,4,8578,2,0.299,4,0
db6a6b9c,E-commerce,93,995.86,2 Year,11,55,199122,4,0.522,7,0
838028e9,Healthcare,5,133.85,Month-to-Month,25,1,130530,1,0.491,32,0
34aa77a6,Finance,137,973.03,2 Year,8,44,62706,2,0.492,0,0
02d4e78f,Technology,5,50.0,Month-to-Month,39,1,43610,1,0.39,2,0
8a8162c0,Technology,307,2563.59,1 Year,7,157,226,3,0.36,5,0
171bda40,Technology,33,50.0,Month-to-Month,5,13,50432,3,0.471,4,0
bcac7964,Healthcare,66,1285.61,Month-to-Month,37,28,74010,2,0.526,8,0
06ddf7f2,Manufacturing,17,1074.3,1 Year,30,5,66002,1,0.54,16,0
bace3fc0,Finance,5,50.0,Month-to-Month,5,1,9440,1,0.652,5,0
1bd4a1de,Healthcare,347,3667.59,1 Year,3,165,39321,1,0.741,3,0
210a9042,Manufacturing,404,3881.15,2 Year,44,169,39947,2,0.398,2,0
c2f1a4b0,Finance,32,1018.48,Month-to-Month,36,14,52904,0,0.425,15,0
f67ea347,E-commerce,147,1537.43,Month-to-Month,10,33,88876,2,0.933,0,0
846ecef4,Finance,30,296.26,1 Year,26,17,59904,2,0.751,6,0
abdcc15d,E-commerce,84,467.62,2 Year,4,35,7617,3,0.445,4,0
dc987445,Manufacturing,170,934.11,1 Year,17,37,960,1,0.349,10,0
29068d22,Finance,125,1630.47,Month-to-Month,1,62,7343,4,0.5,7,1
99c09ea2,E-commerce,408,4256.49,1 Year,12,147,2055,1,0.549,4,0
c5d50937,Finance,118,1368.72,Month-to-Month,2,47,28703,4,0.736,1,0
1e74860f,E-commerce,56,260.34,Month-to-Month,16,19,16686,3,0.14,1,0
835ba854,Finance,17,97.12,1 Year,14,6,366,1,0.407,11,0
c88c51ea,Finance,26,655.54,2 Year,15,10,4184,2,0.96,6,0
8c4739d2,Finance,184,2331.06,Month-to-Month,2,42,25336,4,0.603,15,1
6fcbefcf,Finance,5,50.0,1 Year,11,2,140472,1,0.612,25,0
e5588572,Manufacturing,286,2543.33,Month-to-Month,34,117,262943,0,0.487,11,0
26213992,Finance,35,50.0,1 Year,12,15,2571,4,0.758,24,0
7297f0a4,Finance,15,250.63,2 Year,31,7,88768,2,0.239,0,0
26eb5306,E-commerce,10,542.17,Month-to-Month,12,4,32721,1,0.515,7,0
fd4c9a40,Finance,150,1360.64,Month-to-Month,14,64,48516,0,0.184,3,0
7288605f,Technology,53,198.57,1 Year,20,13,35257,3,0.596,2,0
6b54af79,Manufacturing,591,5742.35,1 Year,73,187,129185,2,0.511,3,0
4ffb46fe,E-commerce,8,1233.16,1 Year,3,3,32550,4,0.274,17,1
f557c532,Technology,22,815.96,2 Year,1,9,9194,3,0.802,9,0
7f9b4ff9,E-commerce,47,835.5,Month-to-Month,23,20,75673,3,0.738,15,0
43207d9b,Finance,17,330.03,1 Year,72,9,36054,0,0.806,6,0
5bb6f99c,E-commerce,55,543.63,1 Year,110,21,6225,4,0.299,3,0
8fbf52ca,E-commerce,88,426.68,Month-to-Month,16,38,30956,1,0.399,6,0
23d273db,E-commerce,112,589.15,2 Year,16,45,58140,0,0.84,2,0
c0d9a583,Technology,522,4936.04,1 Year,25,195,17537,4,0.762,47,0
f9e96faa,E-commerce,7,50.0,1 Year,20,2,121505,4,0.881,14,0
3918a4a8,Manufacturing,90,596.09,2 Year,25,28,94842,3,0.552,0,0
76c4d312,Technology,20,149.05,Month-to-Month,50,7,41954,2,0.578,61,0
28c100e3,E-commerce,104,1027.35,1 Year,33,39,2795,3,0.723,1,0
0c864eaf,E-commerce,104,729.81,1 Year,17,40,43765,1,0.33,10,0
f08703e6,Finance,12,367.6,2 Year,15,2,26858,4,0.639,4,0
df5e5312,Manufacturing,14,50.0,Month-to-Month,25,5,64380,2,1.0,7,0
e582ddad,E-commerce,117,1277.35,1 Year,15,36,15532,5,0.528,12,0
1e50af9d,Healthcare,56,187.7,Month-to-Month,15,22,46540,3,0.279,3,0
6bb61d31,Finance,39,736.44,2 Year,1,11,40420,1,0.682,1,0
8e8e4f96,E-commerce,146,1192.58,1 Year,5,59,37417,3,0.42,10,0
48d92aae,Healthcare,163,2434.28,1 Year,17,60,6159,4,0.579,0,0
f4252bac,Healthcare,24,127.5,Month-to-Month,42,8,33655,1,0.818,2,0
907442d2,E-commerce,15,102.66,1 Year,8,6,39994,3,0.712,0,0
463db94c,Finance,8,376.79,Month-to-Month,18,3,131317,2,0.502,13,1
ee0c4563,E-commerce,57,975.93,2 Year,11,22,30889,1,0.768,21,0
66365f94,Finance,6,519.8,2 Year,3,2,51063,2,0.266,3,0
ce101acf,Finance,63,1517.79,Month-to-Month,77,22,42110,3,0.639,3,0
b1c6aedb,E-commerce,338,3710.94,1 Year,47,148,10860,1,0.523,1,0
5607f0e1,E-commerce,32,286.51,1 Year,2,12,10192,2,0.128,0,0
8d173d21,Finance,24,50.0,2 Year,31,7,67238,2,0.358,2,0
cca08ce8,Finance,1093,10863.09,1 Year,11,349,37018,7,0.597,19,1
1f43485b,E-commerce,525,5992.01,2 Year,120,271,113184,2,0.749,9,0
14aac6ff,Healthcare,17,50.0,Month-to-Month,9,9,119382,0,0.604,0,0
a49bdd4d,Healthcare,67,260.5,Month-to-Month,7,31,17625,2,0.541,9,0
d868fb2a,Healthcare,89,780.51,1 Year,21,30,5352,2,0.762,0,0
a508ac6d,Technology,74,323.84,1 Year,44,40,21085,1,0.655,5,0
fbdd1377,Technology,830,8095.61,Month-to-Month,6,382,3469,1,0.799,27,0
cdcbe302,Technology,62,1523.12,Month-to-Month,30,26,75992,4,0.715,9,0
37317261,Technology,77,620.95,2 Year,2,44,7901,0,0.458,9,0
a6146984,E-commerce,153,1735.82,1 Year,61,48,100630,2,0.734,11,0
9da9d5db,E-commerce,325,2420.9,Month-to-Month,3,155,26835,0,0.792,1,0
200ed960,E-commerce,222,1668.78,2 Year,59,70,16328,3,0.88,0,0
cc5af5ed,Healthcare,122,1686.34,Month-to-Month,17,41,34809,0,0.495,4,0
ea5beba9,E-commerce,5,884.01,Month-to-Month,15,3,46503,1,0.527,2,0
458844f2,Technology,26,370.71,Month-to-Month,87,11,60456,0,0.776,0,0
31ec4473,E-commerce,186,1706.99,2 Year,112,108,20638,4,0.768,4,0
94126c3f,Finance,79,1038.08,1 Year,26,35,203641,2,0.498,6,0
579f2e9a,Finance,188,581.28,Month-to-Month,4,82,27433,1,0.466,0,1
9aab7fc0,E-commerce,925,9364.56,Month-to-Month,17,312,89929,3,0.513,35,1
f0000c91,E-commerce,9,50.0,1 Year,19,4,1774,1,0.616,14,0
88699de4,Technology,300,3397.05,1 Year,18,120,75245,2,0.422,13,0
bfb56fa8,Finance,33,50.0,2 Year,21,13,40074,1,0.684,21,0
73995394,Technology,222,1905.81,1 Year,1,83,51030,5,0.255,8,0
f0b89c5e,E-commerce,51,489.51,Month-to-Month,30,19,23330,1,0.434,5,0
b1ff44a6,Technology,1326,12879.1,1 Year,30,533,39355,1,0.637,6,0
bbf73137,E-commerce,66,472.26,Month-to-Month,3,27,134574,1,0.416,2,0
76286400,E-commerce,20,652.22,2 Year,21,7,24391,1,0.516,4,0
81d189b0,E-commerce,102,1007.75,Month-to-Month,21,24,5589,1,0.575,15,0
3bfe1bee,Technology,88,414.71,Month-to-Month,28,39,63739,2,1.0,6,0
c6985e5e,Manufacturing,301,3480.2,Month-to-Month,3,116,35176,3,0.339,2,1
ce1fea5a,Healthcare,106,1185.49,Month-to-Month,24,7,27664,4,0.647,19,0
f4d01a9e,Healthcare,2236,22506.24,Month-to-Month,8,539,75212,3,0.395,10,0
f597d8c1,Manufacturing,46,50.0,Month-to-Month,17,16,41297,2,0.388,9,0
1053e6ee,E-commerce,47,50.0,Month-to-Month,36,24,49899,0,0.425,34,0
8da5ebfb,E-commerce,22,50.0,Month-to-Month,30,10,130235,1,0.569,25,0
929ce68b,E-commerce,62,116.07,2 Year,4,20,3014,2,0.887,1,0
b3eb3032,Healthcare,77,463.35,1 Year,22,29,15216,2,0.835,13,0
9227f3f7,Technology,83,409.07,2 Year,84,42,114247,3,0.508,23,0
9ea9eae7,Technology,60,656.35,Month-to-Month,5,20,78686,2,0.547,19,1
3ebb9d7a,Finance,21,650.44,Month-to-Month,47,6,10449,1,0.718,21,0
6dc94ab0,Finance,14,678.08,1 Year,30,6,9263,1,0.612,16,0
bf03d66b,Technology,31,728.61,Month-to-Month,36,15,87187,1,0.473,44,0
358c6b33,Healthcare,302,2571.19,Month-to-Month,8,102,40244,1,0.732,3,0
6913b509,Technology,417,4199.45,2 Year,9,187,98427,0,0.924,1,0
652f79e5,Finance,48,1262.58,1 Year,57,19,124859,1,0.812,0,0
c969bc31,E-commerce,13,50.0,Month-to-Month,11,4,3603,0,0.871,17,0
0c32e577,Manufacturing,48,1154.12,1 Year,2,24,174959,0,0.572,6,0
1ff554bb,E-commerce,1258,12081.95,Month-to-Month,23,419,63022,1,0.383,2,0
9068cd0f,E-commerce,244,2586.88,1 Year,4,116,89928,4,0.2,11,0
7f48d3aa,E-commerce,124,1446.39,Month-to-Month,39,50,49757,4,0.186,0,0
d106dd8e,Finance,231,2404.96,Month-to-Month,25,88,18203,3,0.559,2,0
c02adb94,Finance,550,6614.24,Month-to-Month,50,189,45743,1,0.701,4,0
107d8c10,Manufacturing,9,50.0,2 Year,37,2,36270,2,0.769,2,0
b0332599,Technology,30,50.0,Month-to-Month,3,11,134467,5,0.649,4,0
0c998a27,E-commerce,24,418.22,1 Year,12,8,40487,4,0.456,1,0
909c24ee,Finance,131,1224.98,Month-to-Month,36,53,1414,0,0.731,0,0
70f6b823,Healthcare,69,967.4,Month-to-Month,13,19,57933,4,0.36,6,0
f00494b0,Healthcare,169,2131.05,Month-to-Month,87,65,2593,1,0.379,0,0
bf8f8b63,E-commerce,25,233.16,Month-to-Month,32,11,144120,5,0.723,12,0
7a95f0eb,Technology,427,4488.16,1 Year,1,142,33334,2,0.353,0,0
91e70699,E-commerce,49,562.12,2 Year,51,23,172113,3,0.447,14,0
baa05538,Technology,154,2435.94,Month-to-Month,3,74,1310,3,0.404,0,0
4cba291c,Healthcare,328,3094.72,Month-to-Month,4,91,38055,5,0.634,36,1
6a9be40d,Finance,290,2556.46,2 Year,32,94,12822,3,0.718,4,0
617fe978,Finance,93,1370.37,2 Year,49,24,51185,1,0.723,3,0
636fcb72,E-commerce,186,1395.41,Month-to-Month,19,82,34478,0,0.484,3,0
42ca3646,Healthcare,744,7636.08,Month-to-Month,9,307,41749,3,0.566,2,0
17081da8,Manufacturing,117,1085.21,Month-to-Month,11,28,22286,4,0.747,1,0
68009bc8,Finance,18,129.34,Month-to-Month,11,6,2646,2,0.494,17,0
7e1aa894,Manufacturing,130,2518.65,Month-to-Month,10,56,5607,3,0.417,6,0
51bef980,E-commerce,51,1127.04,2 Year,7,20,97794,0,0.472,1,0
11035563,Manufacturing,5,560.79,Month-to-Month,23,2,60662,2,0.478,17,1
67e858e8,E-commerce,109,1355.29,Month-to-Month,56,31,73353,5,0.606,19,0
d23cd39f,Manufacturing,65,304.24,1 Year,9,25,6543,2,0.595,25,0
ae4495ac,Healthcare,309,3220.74,Month-to-Month,5,92,2524,0,0.567,0,0
85596dad,Technology,17,461.66,Month-to-Month,44,6,871,2,0.44,6,0
0cec936d,Manufacturing,5,149.49,2 Year,33,1,36887,4,0.414,9,0
bbf0898e,Healthcare,70,747.38,1 Year,65,29,34747,2,0.73,18,0
6d96cf94,Healthcare,96,761.28,2 Year,5,34,5863,2,0.669,9,0
5dbd4e2c,E-commerce,62,756.73,Month-to-Month,4,29,21279,1,0.513,6,0
f33753e2,Manufacturing,56,297.21,Month-to-Month,19,18,37773,2,0.589,14,0
d4d7e2a5,E-commerce,10,451.71,2 Year,23,2,56322,4,0.842,6,0
90962d9d,E-commerce,44,50.0,Month-to-Month,16,18,83036,1,0.586,3,0
0df6f86c,Healthcare,32,999.37,1 Year,22,18,51275,1,0.599,8,0
b38ee024,Healthcare,272,2064.17,Month-to-Month,5,67,1523,1,0.905,7,0
f71c9e5f,Technology,96,426.37,Month-to-Month,16,27,44105,1,0.814,6,0
0082802a,Healthcare,35,554.43,1 Year,26,14,4601,2,0.472,2,0
69893d4e,E-commerce,724,7509.97,1 Year,14,371,41610,3,0.814,18,0
15f59809,Manufacturing,36,1399.14,2 Year,28,15,23579,1,0.566,0,0
5febf25c,Finance,126,1408.14,Month-to-Month,15,42,16867,0,0.39,0,0
b533ee3f,E-commerce,42,399.77,1 Year,10,18,32861,2,0.861,1,0
07fa1435,Healthcare,630,6395.65,Month-to-Month,9,284,24021,1,0.458,1,0
c2533df3,E-commerce,62,1415.24,1 Year,13,20,88677,3,0.498,21,1
df1322ab,Finance,65,1862.2,Month-to-Month,1,31,12840,1,0.524,15,1
1d12eb6b,Technology,44,347.6,Month-to-Month,27,17,7350,1,1.0,3,0
07de5b1a,Finance,73,1001.39,Month-to-Month,45,16,90693,4,0.41,3,0
c241b437,E-commerce,330,3262.81,Month-to-Month,11,127,13946,3,0.479,5,0
12d8dc9e,E-commerce,194,1892.87,1 Year,2,66,1638,2,0.532,7,0
bd52beed,Finance,56,1499.53,Month-to-Month,104,29,24468,2,0.705,4,0
0786538f,Technology,700,6537.13,1 Year,8,186,85475,2,0.586,23,0
bea0da7b,Finance,202,852.86,Month-to-Month,4,71,28270,2,0.467,0,1
0e8d3182,E-commerce,28,438.72,Month-to-Month,12,11,31751,1,0.725,32,1
d4275d26,Finance,6,660.5,Month-to-Month,33,3,2417,1,0.871,8,0
2147fc68,E-commerce,29,399.95,2 Year,9,17,62075,2,0.275,29,0
f3b8ff74,Healthcare,101,1261.1,2 Year,21,39,21057,2,0.464,11,0
4986c11b,E-commerce,133,1706.2,Month-to-Month,13,57,65211,2,0.702,1,0
3e094194,Finance,419,4245.46,Month-to-Month,4,192,26463,0,0.353,11,0
c7b09567,Technology,10,378.15,Month-to-Month,10,2,37421,1,0.569,34,0
dea60773,Finance,28,549.81,1 Year,31,11,44517,3,0.854,6,0
a4470437,Technology,9,50.0,1 Year,23,4,10963,0,0.725,21,0
4a8b7e43,Technology,7,126.93,Month-to-Month,4,2,17408,4,0.704,45,1
f2afd5f7,Finance,21,50.0,Month-to-Month,5,12,44042,2,0.749,4,0
659eb783,E-commerce,94,920.91,2 Year,25,33,86563,2,0.665,5,0
1165a13e,Healthcare,173,1482.36,Month-to-Month,41,67,162781,2,0.533,3,0
c3a8d83b,Finance,13,647.01,1 Year,11,5,37134,2,0.793,25,0
e898a487,Technology,16,282.21,Month-to-Month,22,4,3839,1,0.505,9,0
2d6ecca3,E-commerce,5,286.6,1 Year,5,2,156193,1,0.568,14,0
d3e16914,E-commerce,75,654.27,Month-to-Month,9,27,27302,1,0.269,2,0
c5ea69b6,Finance,18,706.09,1 Year,1,7,5405,1,0.504,5,0
a4531c14,Finance,661,5811.34,1 Year,36,224,179139,3,0.616,10,0
62d33905,Healthcare,100,552.25,Month-to-Month,13,57,16460,3,0.605,13,0
db0ef0a4,Technology,42,1063.15,Month-to-Month,41,21,53477,4,0.785,10,0
0e86b023,E-commerce,20,50.0,Month-to-Month,30,8,7781,1,0.512,12,0
e5a05496,Technology,5,50.0,2 Year,43,1,63570,1,0.52,9,0
f8501853,Finance,7,796.32,2 Year,9,3,187143,4,0.492,2,0
9065581a,Finance,21,748.47,1 Year,5,10,210174,2,0.648,7,0
79233d3a,Finance,19,545.48,Month-to-Month,86,5,6745,2,0.909,22,0
2a45747e,Healthcare,12,167.2,Month-to-Month,31,4,73203,3,0.138,1,0
1f27936f,Finance,96,1790.37,2 Year,44,39,54575,1,0.502,2,0
c4a48914,Technology,118,1809.31,2 Year,1,60,80840,2,0.53,5,0
f301aab8,Technology,27,1043.93,Month-to-Month,11,10,20263,1,0.174,0,1
236a63fb,E-commerce,994,10287.75,1 Year,33,493,25687,3,0.575,4,0
b5cb15d3,E-commerce,5,111.4,1 Year,2,1,20913,0,0.529,5,0
47f3146b,Healthcare,59,390.42,Month-to-Month,21,17,72732,4,0.512,17,1
41bd8e43,Technology,39,50.0,Month-to-Month,14,22,82801,4,0.379,42,1
1eb72e2a,Healthcare,23,481.02,1 Year,1,6,14337,2,0.583,2,0
9dceea10,Manufacturing,19,482.68,Month-to-Month,7,6,42523,0,0.367,2,0
10eb0cc2,E-commerce,54,365.11,Month-to-Month,9,25,6731,4,0.432,24,0
d43c83ae,Finance,38,686.84,Month-to-Month,3,13,662,3,0.56,22,1
e8d7f8bd,Manufacturing,30,133.91,2 Year,24,10,47089,4,0.804,32,0
87f5f585,Healthcare,7,503.71,1 Year,7,2,91692,2,0.682,18,0
eab85f0f,E-commerce,5,50.0,1 Year,8,1,118518,0,0.723,7,0
d20667a0,E-commerce,35,50.0,1 Year,55,17,48426,1,0.992,8,0
c7a385b6,Finance,29,169.71,2 Year,16,12,82693,1,0.688,5,0
001cad0a,E-commerce,40,814.39,Month-to-Month,12,12,25895,1,0.391,0,0
7d946bd3,E-commerce,46,50.0,Month-to-Month,31,10,104107,2,0.487,6,0
3eff9199,Technology,24,764.84,Month-to-Month,58,6,74520,0,0.429,21,0
5ef4c321,Healthcare,39,50.0,2 Year,1,9,18446,0,0.573,1,0
ffc51be6,Manufacturing,15,50.0,Month-to-Month,15,6,45467,2,0.518,2,0
fb251fac,Finance,536,4653.46,1 Year,23,227,2630,1,0.411,1,0
4255664e,Finance,16,50.0,Month-to-Month,10,7,7925,2,0.785,0,0
393cbb01,Finance,31,493.23,Month-to-Month,36,14,146546,1,0.799,1,0
5a74a253,Healthcare,18,91.09,Month-to-Month,86,8,490,2,0.636,6,0
c0f0b1c4,Healthcare,17,50.0,Month-to-Month,69,9,11359,1,0.4,16,0
83b919b7,Manufacturing,56,301.69,Month-to-Month,8,29,7471,2,0.624,0,0
fe833dfa,Finance,46,680.91,1 Year,7,22,59993,1,0.478,5,0
5f2ebc33,Healthcare,27,85.93,1 Year,76,11,5585,2,0.857,18,0
51f8104c,Healthcare,35,250.66,2 Year,15,16,1016,1,0.361,25,0
af076ae5,Technology,18,50.0,Month-to-Month,6,6,133313,1,0.732,0,0
d232482c,Technology,99,698.85,1 Year,30,37,103083,2,0.727,10,0
f038af4b,Finance,1191,11612.33,2 Year,9,681,22193,1,0.779,11,0
5b13be34,Healthcare,14,50.0,Month-to-Month,8,4,5297,2,0.639,34,0
d33f31c6,Finance,98,603.43,1 Year,51,33,56691,1,0.534,0,0
9fe1225b,Healthcare,58,71.35,1 Year,5,21,107328,4,1.0,16,0
0302fb32,Healthcare,148,1290.14,Month-to-Month,2,51,183752,2,0.425,9,1
8cff3e87,E-commerce,155,1230.04,Month-to-Month,8,54,6970,1,0.744,0,0
bc0412ea,Finance,74,204.15,Month-to-Month,23,31,45840,1,0.604,4,0
9b2a35cf,E-commerce,51,893.01,1 Year,4,21,28154,1,0.669,7,0
2c2d4e5e,Finance,28,896.32,Month-to-Month,16,13,8524,1,0.668,0,0
2e4f0de6,Manufacturing,17,169.95,Month-to-Month,24,10,82485,1,0.384,12,0
0e21a199,Manufacturing,47,503.24,1 Year,46,17,76206,2,0.332,20,0
63ceceee,E-commerce,7,50.0,Month-to-Month,7,2,167120,1,0.345,7,0
a87b9078,Finance,22,753.52,Month-to-Month,41,4,4470,4,0.511,11,0
5faf0bbd,Finance,287,3739.09,Month-to-Month,7,77,13647,4,0.65,9,0
ee18d092,E-commerce,63,548.1,2 Year,28,24,87889,2,0.463,0,0
26ae0154,Technology,208,1819.28,Month-to-Month,14,92,25161,2,0.313,3,0
cd0c2a43,E-commerce,494,5110.74,Month-to-Month,3,221,32306,1,0.784,18,1
8aede5e6,Technology,41,474.47,Month-to-Month,31,18,47276,2,0.292,15,1
f2d84aa8,Manufacturing,74,489.92,Month-to-Month,6,38,26250,3,0.696,4,0
737395b5,Finance,34,575.6,1 Year,5,19,1801,3,0.45,7,0
d9a25b5c,E-commerce,16,629.08,2 Year,11,6,46315,1,0.844,26,0
290e47c6,Healthcare,13,50.0,1 Year,26,4,12995,1,0.495,39,0
7f79147f,Finance,193,3201.02,Month-to-Month,7,89,173480,4,0.248,16,0
a3e1eb00,E-commerce,74,50.0,Month-to-Month,5,36,58611,0,0.592,3,0
b4996f4b,Finance,871,8284.15,Month-to-Month,1,360,91833,1,0.432,1,0
b192e33b,Technology,234,2456.98,Month-to-Month,16,89,154393,2,0.762,22,0
a744b4f1,Finance,18,1303.44,1 Year,14,6,3271,2,0.666,10,0
9350582c,E-commerce,192,1638.7,Month-to-Month,7,75,8049,2,0.474,18,1
7d076066,E-commerce,34,50.0,Month-to-Month,2,15,82519,2,0.399,0,1
5d25eff7,E-commerce,338,3654.62,Month-to-Month,14,112,108050,2,0.38,8,0
aad360ec,Finance,26,135.7,Month-to-Month,38,8,244,2,0.483,20,0
fd663b6f,Technology,11,442.63,1 Year,31,5,145225,1,0.873,0,0
50299c08,E-commerce,16,124.61,Month-to-Month,48,5,30291,2,0.571,26,1
6539da3f,E-commerce,17,50.0,1 Year,1,7,31053,3,0.789,10,0
be7a5fc3,Healthcare,15,1324.44,1 Year,82,6,105491,4,0.304,4,0
cddb2911,E-commerce,23,50.0,Month-to-Month,11,9,17091,1,0.216,11,0
749ea8ab,Technology,197,2880.12,2 Year,112,66,43792,1,0.411,12,0
dd6b8012,E-commerce,807,8536.63,Month-to-Month,7,462,20337,0,0.731,10,0
f91aef1c,Technology,7,50.0,Month-to-Month,16,3,6026,1,0.542,12,0
efe46a58,E-commerce,363,4566.21,2 Year,11,126,22203,0,0.778,1,0
d1e00a20,Healthcare,26,50.0,Month-to-Month,11,11,9499,4,0.853,7,0
c0645343,Healthcare,92,1424.06,Month-to-Month,45,53,36800,3,0.409,3,0
9dc3c34d,Finance,5,50.0,2 Year,33,2,37729,0,0.767,1,0
49951278,E-commerce,119,617.06,1 Year,117,65,28751,1,0.878,12,0
6236c822,Technology,5,50.0,Month-to-Month,23,1,9546,3,0.807,9,0
ac5dfd7d,Finance,87,494.67,1 Year,15,27,6319,2,0.281,74,1
508ce397,E-commerce,80,805.79,2 Year,3,14,5525,1,0.229,18,0
4fbb731c,E-commerce,72,307.01,Month-to-Month,120,43,5948,2,0.51,5,0
89ee1baa,E-commerce,18,50.0,1 Year,20,4,17469,1,0.518,15,0
29d1bd1d,Finance,124,1471.73,2 Year,29,51,93,0,0.769,2,0
dfb79320,Healthcare,98,1004.48,2 Year,13,56,3213,2,0.406,6,0
ff81814d,Finance,39,594.46,1 Year,20,19,31785,2,0.683,5,0
15b3507c,Healthcare,149,1575.96,Month-to-Month,69,65,10086,4,0.383,9,0
328b1843,Finance,47,947.12,1 Year,5,24,15284,3,0.669,16,0
fb47ad5a,Healthcare,120,1162.26,Month-to-Month,9,39,21795,3,0.509,6,0
929ad6cb,E-commerce,45,956.26,1 Year,4,20,2022,2,0.672,20,0
d7023318,Finance,75,362.15,Month-to-Month,38,29,12424,1,0.527,13,0
8c009a9f,Manufacturing,129,930.66,1 Year,2,49,74959,0,0.159,3,0
3a951ab9,Finance,30,988.02,Month-to-Month,3,12,20843,5,0.702,7,0
1cab5449,Finance,8,757.83,2 Year,9,4,10299,1,0.834,19,0
2d1f377b,Finance,82,1106.87,Month-to-Month,18,45,11016,1,0.433,13,0
a754c137,Healthcare,325,2805.45,Month-to-Month,13,121,209102,3,0.762,17,1
9a6c2b86,Technology,85,365.18,1 Year,2,24,8035,1,0.477,2,0
4d29b0b6,Healthcare,87,1534.03,Month-to-Month,76,27,117914,1,0.33,15,0
adea4878,Manufacturing,51,1146.33,Month-to-Month,74,30,4198,5,0.478,5,0
99c8d7bc,Technology,165,1618.21,2 Year,8,90,103744,1,0.563,32,0
3dce2ff3,E-commerce,41,1580.94,1 Year,32,11,35353,7,0.336,6,0
1021918f,E-commerce,27,499.45,1 Year,21,15,46914,0,0.87,22,0
80636b4d,E-commerce,286,2306.4,Month-to-Month,7,94,14113,3,0.294,10,0
5282ef48,Finance,24,102.18,1 Year,8,11,114438,2,0.492,27,0
3e61d4cb,E-commerce,207,2072.74,Month-to-Month,17,68,44232,1,0.416,8,0
c664367e,Healthcare,286,2903.2,Month-to-Month,14,176,56304,1,0.871,2,0
cd664d0c,Healthcare,127,1895.0,2 Year,9,43,40682,3,0.299,10,0
11e3442d,E-commerce,8,50.0,1 Year,40,2,6689,2,0.765,2,0
b0eb7511,E-commerce,56,50.0,2 Year,16,19,90462,1,0.639,19,0
e4862980,Technology,40,701.16,1 Year,26,26,10141,2,0.35,0,0
9dcf625c,Healthcare,25,50.0,1 Year,6,10,17261,0,0.53,2,0
50cb2cb4,Technology,67,1881.75,1 Year,19,19,55360,4,0.563,15,0
371a5877,Finance,173,2201.61,Month-to-Month,10,55,4898,2,0.717,5,0
1c7d65b7,Finance,27,50.0,Month-to-Month,18,6,135455,2,0.471,1,0
7d6bd35b,Finance,42,1026.43,Month-to-Month,37,19,6626,3,0.726,51,1
ceda778e,E-commerce,38,745.21,Month-to-Month,36,10,55004,1,0.61,6,0
726554ec,Finance,312,3436.85,2 Year,11,159,50409,2,0.69,6,0
13858d56,E-commerce,37,308.88,Month-to-Month,29,17,59871,0,0.424,4,0
8e36eb94,Technology,8,290.23,1 Year,69,3,28400,2,0.552,0,0
ceb613f4,E-commerce,5,50.0,1 Year,24,2,24086,6,0.622,2,0
794f7487,E-commerce,94,1598.54,1 Year,4,46,190064,7,0.616,3,1
059fb791,Technology,17,50.0,1 Year,28,7,84956,1,0.592,8,0
94aff7fc,Technology,148,1258.94,Month-to-Month,3,47,33222,2,1.0,27,0
5e50a8ef,E-commerce,7,50.0,2 Year,50,3,10061,2,0.715,1,0
82c476cf,Finance,24,50.0,2 Year,18,10,110616,0,0.745,36,0
3c311924,Technology,7,50.0,1 Year,12,3,52312,0,0.649,6,0
d7f998d3,E-commerce,104,441.6,2 Year,2,42,7296,3,0.707,8,0
8cd161ac,Finance,144,52.76,Month-to-Month,12,62,10112,0,0.64,0,0
81cc569b,Finance,90,1003.53,Month-to-Month,57,38,38915,5,0.964,19,0
24d118a3,Technology,10,1143.22,1 Year,1,5,35027,3,0.588,20,1
4bc8b8e9,Healthcare,17,50.0,2 Year,16,4,26320,4,0.766,13,0
9c1b02b4,Manufacturing,77,1249.67,Month-to-Month,65,23,27832,1,1.0,1,0
4130d8cf,Healthcare,5,802.19,1 Year,13,2,9449,2,0.731,5,0
220219c9,Technology,38,50.0,Month-to-Month,14,12,14749,2,0.543,31,1
2b419a0e,Finance,531,5081.36,2 Year,21,223,33933,2,0.453,5,0
4a06c1aa,E-commerce,41,50.0,1 Year,15,11,3291,2,0.501,4,0
7950d8d0,Technology,5,50.0,Month-to-Month,5,1,21745,2,0.678,0,0
75947ba6,E-commerce,21,1061.01,2 Year,1,12,11809,1,0.957,0,0
57c92fec,E-commerce,21,321.84,Month-to-Month,23,7,9597,1,0.721,5,0
55c30a71,Healthcare,1353,13924.41,Month-to-Month,61,382,7925,5,0.523,7,0
b95bc14f,Healthcare,664,6618.05,Month-to-Month,3,257,7552,2,0.539,17,1
a1ac978b,Finance,163,1024.72,Month-to-Month,6,82,8743,2,0.57,23,0
24713ac1,E-commerce,32,659.06,Month-to-Month,12,16,23430,2,0.332,5,0
55954c7d,Healthcare,330,3926.29,Month-to-Month,40,83,5348,5,0.508,18,0
355eeab6,Healthcare,9,248.69,2 Year,8,2,113671,0,0.5,7,0
78b4385f,E-commerce,274,2984.56,Month-to-Month,52,115,34449,0,1.0,35,0
2f1105fb,E-commerce,219,1572.6,Month-to-Month,2,86,35137,3,0.785,26,1
e0f57b50,Technology,43,783.43,1 Year,68,10,11855,4,0.385,12,0
787bb827,Finance,301,3683.01,1 Year,20,77,100928,2,0.286,2,0
e6f703ca,Healthcare,27,472.29,2 Year,26,7,88051,2,0.339,25,0
18b1ab48,Manufacturing,8,50.0,1 Year,12,1,1742,1,0.883,1,0
1d9b75a6,Finance,236,3177.81,1 Year,37,83,65913,2,0.33,17,0
dc1b4b04,Technology,48,50.0,Month-to-Month,5,24,10183,2,0.922,6,0
5f9afb93,Technology,134,1533.89,Month-to-Month,2,44,40553,2,0.648,9,0
57a25ab3,Technology,838,8856.49,Month-to-Month,13,425,102210,0,0.551,20,0
31a8c1c0,Finance,18,719.81,Month-to-Month,47,7,135945,3,0.371,15,0
19df1ff7,Technology,44,50.0,Month-to-Month,34,16,10194,1,0.853,0,0
e59e947e,Technology,575,5808.61,1 Year,18,134,140318,5,0.709,4,0
91d4fe01,E-commerce,148,1505.51,Month-to-Month,21,76,3606,4,0.78,35,0
0aaa521e,Finance,19,909.51,2 Year,4,7,120024,4,0.545,4,0
298960e1,Finance,13,359.36,2 Year,45,3,73992,3,0.733,16,0
3e6e488c,Healthcare,24,964.06,1 Year,38,10,122568,1,0.896,13,0
2d3a7f36,E-commerce,18,449.96,1 Year,26,6,22796,1,0.719,31,0
9cc32764,E-commerce,77,732.92,Month-to-Month,16,31,141324,2,0.389,29,1
ba8172e9,Finance,61,706.93,Month-to-Month,81,25,85329,3,0.704,6,0
9c2affaf,E-commerce,83,1591.8,2 Year,51,43,19898,5,0.751,2,0
bfdf5b36,Finance,15,50.0,Month-to-Month,25,4,20695,3,0.935,3,0
bfb0c080,E-commerce,49,942.98,Month-to-Month,12,22,22097,2,0.717,3,0
c87b23f3,Manufacturing,5,50.0,Month-to-Month,24,2,44432,1,0.82,9,0
0964a46c,Finance,67,248.76,1 Year,21,43,10038,3,0.723,4,0
2610fc74,Finance,318,3691.71,Month-to-Month,13,160,28413,2,0.329,20,1
cdb1287c,Healthcare,6,50.0,2 Year,9,2,3502,0,0.766,3,0
c1425e72,E-commerce,112,1308.54,Month-to-Month,13,47,22182,2,0.624,46,1
3d540763,Technology,21,50.0,2 Year,21,11,54940,3,0.999,10,0
c141db26,Manufacturing,181,631.53,2 Year,14,67,44515,3,0.312,4,0
cc7bbebb,Finance,69,928.86,1 Year,8,33,19029,2,0.374,8,0
872b57b6,Manufacturing,100,1063.16,1 Year,35,61,14866,1,0.745,4,0
273dd3fa,Healthcare,60,50.0,Month-to-Month,19,23,19807,5,0.902,7,0
8c4075b6,E-commerce,400,3650.71,2 Year,2,79,3604,5,0.576,7,0
790c0a8d,Healthcare,91,50.0,1 Year,12,28,14891,0,0.577,14,0
47d17e23,Technology,18,545.84,Month-to-Month,52,7,61558,0,0.641,5,0
474a0941,E-commerce,63,1324.0,Month-to-Month,34,19,9846,1,0.503,29,0
b66cf850,E-commerce,31,734.75,Month-to-Month,10,11,7438,3,0.798,1,0
d8026465,Technology,69,1184.57,1 Year,67,25,93558,3,0.503,3,0
4cc822e7,Finance,29,50.0,Month-to-Month,2,13,13495,1,0.74,13,0
c9386072,Healthcare,19,463.46,1 Year,79,5,14457,2,0.335,9,0
dd3cb1bd,Technology,73,725.47,1 Year,7,24,31091,1,0.944,1,0
2221096b,Finance,59,682.66,Month-to-Month,1,31,31924,2,0.176,16,1
dbfccff0,Healthcare,269,3168.72,2 Year,14,94,10302,1,0.387,10,0
b1050c42,E-commerce,29,877.74,1 Year,11,13,40612,1,1.0,8,0
59ef1c58,E-commerce,5,50.0,Month-to-Month,19,2,59493,3,0.62,20,1
45836339,Healthcare,31,50.0,2 Year,39,12,33130,0,0.468,17,0
8fb816a7,Finance,5,50.0,2 Year,45,2,112897,3,0.345,3,0
cd6d4d49,Healthcare,101,900.36,1 Year,13,21,238930,3,0.513,7,0
2be159ce,E-commerce,5,192.3,Month-to-Month,14,2,37603,2,0.658,19,1
2bde2b2f,Technology,12,536.5,Month-to-Month,4,5,180035,3,0.697,0,1
b33d80bd,Manufacturing,31,50.0,2 Year,2,15,51991,4,0.664,3,0
acc91318,E-commerce,553,5194.54,1 Year,25,200,37624,3,0.243,4,0
63627562,Finance,10,50.0,1 Year,2,4,102020,3,0.628,3,0
b8907993,Manufacturing,55,1175.45,2 Year,32,8,169803,2,0.668,7,0
7d4e7b80,E-commerce,130,1195.81,Month-to-Month,19,43,345865,0,0.67,15,1
217e028b,Finance,505,4793.56,Month-to-Month,6,210,71184,1,0.606,6,0
282f2d40,Manufacturing,175,2019.15,2 Year,19,95,33208,5,0.354,0,0
27586813,Technology,281,2513.5,Month-to-Month,5,164,17551,0,0.416,19,1
d3af9319,Technology,199,1982.4,Month-to-Month,14,72,40820,2,0.843,2,0
52223113,Technology,8,987.04,2 Year,39,3,75148,3,0.445,5,0
5c465805,Finance,93,1823.15,1 Year,15,35,1359,1,0.456,0,0
796b4b4b,Finance,194,1736.31,1 Year,4,46,15574,1,0.541,5,0
a7e6f513,E-commerce,13,50.0,1 Year,31,5,21894,2,0.357,4,0
701e6ced,Finance,22,50.0,Month-to-Month,5,12,75694,7,0.727,3,1
4ea4b036,E-commerce,16,50.0,1 Year,33,5,47537,2,0.346,27,0
ebc9ee2a,Technology,173,2248.09,1 Year,16,53,27730,1,0.817,11,0
0184ca1e,Technology,49,1700.67,Month-to-Month,15,19,125830,1,0.331,24,0
5d6a9d60,E-commerce,33,108.28,1 Year,46,12,38625,0,0.544,6,0
fdd46069,Technology,7,50.0,Month-to-Month,30,4,64351,3,0.669,7,0
92562f5e,Technology,49,353.58,Month-to-Month,1,24,53279,2,0.758,29,1
2708ea87,E-commerce,23,272.52,Month-to-Month,9,9,97775,3,0.555,6,0
5f35e8d4,Finance,78,212.23,Month-to-Month,50,8,83666,0,0.459,0,0
28b5e87b,Finance,9,50.0,2 Year,1,3,225635,2,0.884,10,0
cfd7294d,Finance,71,1217.45,Month-to-Month,19,41,23836,2,0.636,2,0
db19dfeb,Healthcare,28,343.69,Month-to-Month,32,11,9008,3,0.566,30,0
6e8d9329,Finance,8,715.19,Month-to-Month,24,3,71317,1,0.236,0,0
2236317c,Finance,7,252.38,1 Year,35,3,103857,3,0.638,22,0
6690a58d,E-commerce,9,50.0,Month-to-Month,32,3,2795,2,0.599,1,0
7f7dbfc2,Manufacturing,40,111.99,Month-to-Month,29,22,20239,1,0.329,2,0
8d6af309,Healthcare,65,774.21,1 Year,42,27,82303,3,0.444,1,0
9229ec69,Technology,81,248.71,1 Year,25,26,57511,1,0.619,4,0
e50bc7ee,E-commerce,86,233.84,2 Year,13,34,70386,2,0.693,1,0
36b21bf3,Healthcare,17,50.0,2 Year,16,9,39175,5,0.396,4,0
64866f42,Manufacturing,267,2927.9,Month-to-Month,31,67,24050,0,0.398,3,0
c1026d94,E-commerce,28,96.88,1 Year,51,11,83404,2,0.623,13,0
275dd56d,Finance,107,1661.22,1 Year,8,43,40432,1,0.432,9,0
d133de66,Technology,42,50.0,Month-to-Month,11,10,36181,3,0.56,11,0
88f43fd1,Finance,95,50.0,Month-to-Month,65,45,66371,2,0.955,6,0
801a2d52,E-commerce,39,324.65,Month-to-Month,21,16,10589,2,0.591,19,1
f16d4f7b,Healthcare,98,1803.78,Month-to-Month,5,47,44094,1,0.805,4,0
db0a25ce,Technology,53,547.28,Month-to-Month,27,27,18150,1,0.351,5,0
9d7b3695,E-commerce,185,1163.95,2 Year,113,72,1084,4,0.446,1,0
5ce432d4,E-commerce,15,50.0,2 Year,42,5,69088,1,0.442,69,0
bcc148df,Finance,5,648.95,Month-to-Month,33,1,32187,2,0.379,6,0
de826631,E-commerce,12,50.0,Month-to-Month,6,4,116779,5,0.246,24,1
0573a75c,Technology,271,3480.9,Month-to-Month,51,108,34673,2,0.639,19,0
6e32de0d,E-commerce,43,757.05,Month-to-Month,18,13,512,3,0.677,3,0
f5a9e057,E-commerce,62,235.22,1 Year,53,28,26275,4,0.411,6,0
eb07ee93,E-commerce,11,693.57,1 Year,10,3,9381,0,0.451,8,0
c37b7647,Technology,60,138.05,Month-to-Month,2,13,126965,4,0.616,18,1
54051b15,E-commerce,11,50.0,Month-to-Month,16,3,29511,4,0.604,1,0
e82fe3d7,Technology,14,50.0,2 Year,8,5,35738,1,0.807,17,0
3dc9be39,Technology,29,674.37,Month-to-Month,31,7,22745,3,0.827,1,0
61a50f2e,E-commerce,106,1628.98,Month-to-Month,76,32,36930,2,0.466,5,0
0bdd07b7,Finance,124,1041.99,Month-to-Month,29,41,4321,2,0.586,19,1
5b1cb178,E-commerce,130,365.84,Month-to-Month,53,45,30692,3,0.4,2,0
7bbe422e,Technology,5,50.0,2 Year,15,2,54449,4,0.9,0,0
b326e425,Finance,54,50.0,1 Year,36,25,23281,0,0.653,0,0
0bc18a96,E-commerce,40,50.0,Month-to-Month,45,14,24933,1,0.799,2,0
acaf22ba,Technology,5,182.72,Month-to-Month,30,1,90829,2,0.527,7,0
c647f3ea,Finance,55,1519.06,2 Year,18,22,38461,2,0.804,22,0
a0b2610f,E-commerce,37,767.89,Month-to-Month,24,16,44293,0,0.749,12,0
a09acdf2,Finance,117,605.88,Month-to-Month,29,65,17606,2,0.856,16,1
93089e69,Healthcare,61,262.81,2 Year,8,31,32983,0,0.331,2,0
8140851a,Technology,23,50.0,2 Year,40,6,2773,2,0.615,4,0
3759362a,Healthcare,218,2374.61,1 Year,73,84,28131,4,0.82,7,0
e6f3b5fc,Finance,5,835.63,1 Year,16,2,81150,3,0.413,4,0
5b60a611,Technology,49,256.3,Month-to-Month,29,15,8804,3,0.704,13,0
47791b70,Finance,5,819.39,2 Year,33,1,72297,1,0.714,35,0
173c0a38,Manufacturing,13,1181.96,Month-to-Month,27,6,23437,3,0.74,14,0
87da8c92,Manufacturing,119,1015.05,Month-to-Month,20,50,1371,3,0.667,28,0
51e6368c,Finance,8,50.0,Month-to-Month,52,3,153101,3,0.724,38,0
0372e34c,Healthcare,6,50.0,Month-to-Month,15,2,10005,2,0.687,3,0
bae3268b,Technology,1944,19471.24,Month-to-Month,2,496,20381,4,0.837,9,0
50a76195,E-commerce,7,50.0,Month-to-Month,45,2,32766,2,0.456,14,0
99013ac6,Healthcare,649,6932.09,Month-to-Month,27,253,149232,2,0.668,9,0
ef569ce0,Technology,42,50.0,Month-to-Month,46,10,43514,2,0.844,9,0
6280afc6,Healthcare,24,50.0,Month-to-Month,4,9,117873,4,0.443,4,0
f5af8aa5,Technology,127,1434.59,Month-to-Month,1,55,41559,3,0.462,7,1
0f278424,Healthcare,405,4485.04,Month-to-Month,66,133,11495,0,0.705,4,0
769dd5b5,Healthcare,9,1187.64,Month-to-Month,4,3,41548,1,0.876,2,0
379c3cfe,Finance,25,50.0,Month-to-Month,40,10,5292,0,0.573,4,0
271dda9f,Manufacturing,194,1613.98,Month-to-Month,42,71,6224,0,0.619,5,0
e4e925db,E-commerce,84,50.0,1 Year,30,30,6145,2,0.673,1,0
f438f510,Technology,285,2295.07,Month-to-Month,4,104,616,3,0.503,6,1
6238e7ac,Finance,118,295.54,Month-to-Month,27,37,8201,3,1.0,10,0
f229ca68,Finance,822,7959.35,2 Year,53,357,21768,2,0.415,1,0
129fc86f,Finance,71,595.82,1 Year,14,22,3742,2,0.618,7,0
641075e8,E-commerce,76,994.73,1 Year,13,24,309,3,0.621,0,0
79dcc73e,E-commerce,88,730.7,1 Year,15,39,5954,4,0.162,19,0
912d7122,E-commerce,44,674.97,Month-to-Month,3,16,137488,4,0.432,5,1
5d678233,Finance,194,1997.04,1 Year,54,78,37289,2,0.33,2,0
cb68d550,Manufacturing,77,253.34,1 Year,49,17,28548,1,0.744,4,0
10032142,Finance,178,936.86,Month-to-Month,120,61,33389,1,0.261,10,0
b1b7ad3f,Manufacturing,225,2541.84,1 Year,22,127,40462,1,0.788,6,0
eee3dc85,Healthcare,103,1853.25,1 Year,34,22,5704,1,0.364,9,0
2b3c5e4c,E-commerce,115,2417.69,Month-to-Month,6,66,43944,0,0.792,9,0
8f1e1bfb,Finance,11,577.73,Month-to-Month,27,4,89855,1,0.321,11,0
9fd5c0eb,E-commerce,23,958.76,Month-to-Month,26,7,41122,0,0.685,26,0
3a824f95,E-commerce,193,2160.73,Month-to-Month,56,73,107299,2,0.787,10,0
bdc493ef,E-commerce,461,4761.0,Month-to-Month,43,241,7438,2,0.715,1,0
717f7fb2,E-commerce,5,105.5,Month-to-Month,67,1,87402,3,0.356,6,0
fe4b9525,Technology,23,177.1,Month-to-Month,49,12,54326,2,0.826,2,0
09791b98,E-commerce,56,863.54,2 Year,49,23,46275,3,0.709,1,0
7d515501,Technology,14,50.0,1 Year,2,7,44430,0,0.128,13,0
6a821c37,Finance,15,76.28,1 Year,45,3,6331,1,0.622,1,0
c006e033,E-commerce,111,521.02,Month-to-Month,23,41,51353,1,1.0,15,0
2190cb16,E-commerce,585,6087.46,Month-to-Month,12,97,25439,1,0.823,7,0
c2868ab7,Finance,5,50.0,1 Year,2,2,3267,3,0.5,5,0
f5ce4b05,E-commerce,42,436.87,Month-to-Month,28,12,11486,2,0.709,20,0
d4ad678d,Finance,109,1340.25,Month-to-Month,10,32,29221,0,0.521,23,1
784a1165,Healthcare,175,2042.95,2 Year,16,36,247936,3,0.803,2,0
c6ee093b,Finance,88,1265.75,Month-to-Month,28,39,28164,3,0.437,16,0
65303c45,Healthcare,766,7553.35,Month-to-Month,59,311,8112,0,0.842,9,0
b5bdc1e4,E-commerce,57,813.03,2 Year,42,18,115991,2,0.784,6,0
1eb9fe19,E-commerce,390,3656.69,Month-to-Month,15,166,1793,1,0.729,2,0
5bd3da61,Manufacturing,20,50.0,1 Year,12,6,6775,3,1.0,16,0
212217e2,Technology,59,855.15,2 Year,7,13,32096,4,0.801,21,0
0d6ad3b2,Healthcare,8,229.24,Month-to-Month,12,2,4868,1,0.804,13,0
f250530f,Technology,210,2606.66,2 Year,3,118,42383,4,0.825,3,0
18975131,Technology,45,437.36,Month-to-Month,86,22,8584,1,0.743,0,0
88761b9e,E-commerce,93,128.42,2 Year,21,41,52613,2,0.693,6,0
b5574af4,E-commerce,34,294.18,Month-to-Month,4,14,6259,4,0.465,3,1
9e7c5869,Manufacturing,131,1753.29,2 Year,11,47,83064,3,0.467,4,0
bd139aa0,E-commerce,99,1228.02,1 Year,20,46,66181,4,0.686,4,0
a39ca5fe,Manufacturing,12,50.0,1 Year,19,5,129782,3,0.722,2,0
4feece98,Healthcare,13,50.0,2 Year,1,5,3543,0,0.604,41,0
58af8fac,Finance,52,50.0,Month-to-Month,73,21,40517,3,0.504,19,0
9634de68,E-commerce,146,1698.62,Month-to-Month,8,34,61696,1,0.573,0,0
ddb5bf9a,E-commerce,892,8087.42,Month-to-Month,1,313,116479,2,0.589,18,1
bf9b4e50,Technology,86,700.88,Month-to-Month,2,24,32894,1,0.655,0,0
c32c2c66,Manufacturing,247,2489.21,1 Year,21,68,151119,2,0.556,17,0
334e37ce,Finance,5,624.97,2 Year,4,2,6532,0,0.833,2,0
043587b2,Healthcare,1118,11487.25,Month-to-Month,2,305,28390,1,0.578,6,0
14527360,Technology,135,1831.41,Month-to-Month,12,64,14596,2,0.471,3,0
32c1efd4,E-commerce,50,650.93,1 Year,24,25,8443,2,0.584,8,0
b81bd3af,Finance,42,50.0,Month-to-Month,3,16,16898,3,0.38,5,1
3985a0c9,E-commerce,10,50.0,1 Year,10,3,54639,3,1.0,0,0
bcd882d5,Technology,15,50.0,Month-to-Month,13,7,33005,1,0.731,13,0
3ea1a641,Technology,958,9875.39,Month-to-Month,5,436,10017,4,0.597,6,0
f08c318c,E-commerce,12,50.0,1 Year,17,6,1611,3,0.883,2,0
87e4f6a1,Finance,12,50.0,Month-to-Month,3,3,128523,1,0.559,9,0
eb498ed0,Manufacturing,19,201.25,Month-to-Month,2,7,18853,1,0.593,2,0
6eea76f9,E-commerce,9,910.66,1 Year,18,3,6824,3,0.459,7,0
a611a668,E-commerce,55,878.57,Month-to-Month,7,23,7899,1,0.412,5,0
fd3e8771,Finance,279,2403.57,1 Year,3,129,14613,3,0.642,7,0
2ab850c4,Technology,21,285.92,2 Year,14,8,13120,2,0.813,8,0
e84bd734,Finance,6,885.66,1 Year,60,3,16393,1,0.424,0,0
3b45e9f6,Finance,84,1147.59,1 Year,31,30,12777,5,0.552,10,0
390bd2a8,E-commerce,50,50.0,Month-to-Month,41,14,28162,2,0.559,3,0
de5450fc,Finance,245,1992.38,1 Year,50,81,72537,4,0.754,4,0
83c6cc03,E-commerce,27,50.0,Month-to-Month,87,8,1377,1,0.514,14,0
6f314f2a,Healthcare,36,1080.36,1 Year,35,12,10564,0,0.751,2,0
ffb67988,E-commerce,43,1058.14,Month-to-Month,23,16,62237,2,0.743,4,0
8d4fbeff,Finance,62,307.48,Month-to-Month,11,23,8060,2,0.468,0,0
48aa7b2d,Healthcare,30,50.0,1 Year,5,12,67610,2,0.541,33,0
b5196081,Healthcare,23,252.35,1 Year,28,8,36160,6,0.616,2,0
aad4de4a,Manufacturing,5,87.33,Month-to-Month,120,2,106690,1,0.513,20,0
5a08516c,Technology,23,50.0,Month-to-Month,16,4,510,0,0.421,9,0
1ae97d31,Finance,159,1465.43,Month-to-Month,31,28,76706,1,0.896,5,0
8531db23,Technology,195,1223.2,1 Year,17,97,42456,2,0.243,8,0
e1015364,E-commerce,26,896.16,Month-to-Month,14,12,31638,0,0.647,8,0
058a83b0,Manufacturing,383,2949.83,Month-to-Month,13,200,7874,4,0.873,9,0
8cf4017f,Finance,52,50.0,Month-to-Month,17,24,13332,0,0.439,4,0
5e334892,E-commerce,7,287.52,Month-to-Month,11,2,77095,3,0.605,21,0
3ffb0fab,Healthcare,5,50.0,1 Year,34,1,8067,3,0.781,15,0
c275dff8,Finance,339,3139.52,Month-to-Month,50,81,37469,5,0.0,38,0
bc2d5a28,Manufacturing,31,341.59,Month-to-Month,52,12,11636,5,0.59,17,0
b7cb3d7a,E-commerce,8,417.65,2 Year,7,2,33595,0,0.286,4,0
25dbe102,Finance,5,50.0,1 Year,55,3,14701,4,0.793,3,0
0b45290e,Healthcare,30,1189.59,1 Year,11,8,21624,3,0.442,6,0
ea5d157b,Technology,100,999.78,1 Year,9,39,81086,2,0.957,0,0
4ad3ccd9,E-commerce,19,785.4,2 Year,32,10,1891,1,0.409,4,0
2971c0c7,Finance,11,249.28,Month-to-Month,9,3,129047,1,0.69,0,0
b62c44af,Manufacturing,23,1295.6,Month-to-Month,2,8,19237,0,0.425,1,1
5e4c7476,Healthcare,352,4049.18,1 Year,12,49,45322,0,0.553,3,0
383ac4f2,Finance,6,81.73,2 Year,31,1,12535,4,0.599,10,0
c5df9878,Manufacturing,20,514.42,Month-to-Month,10,9,22215,2,0.605,36,1
bdb5e1f3,Finance,335,3219.59,Month-to-Month,24,190,30778,2,0.931,1,0
b08f4a20,Finance,114,1004.55,2 Year,26,35,58357,0,0.885,1,0
7d57c9b7,E-commerce,71,58.29,Month-to-Month,32,29,103213,2,0.45,25,1
24f0e7b3,Technology,20,50.0,Month-to-Month,55,13,100544,2,0.609,6,0
554e9d28,Healthcare,57,1600.49,Month-to-Month,14,26,20549,1,0.367,9,0
93363a95,Manufacturing,24,50.0,Month-to-Month,5,11,4644,1,0.322,0,0
4284098a,Technology,15,50.0,2 Year,10,4,129525,3,0.467,3,0
35116b9c,Finance,10,53.14,Month-to-Month,14,5,1558,3,0.937,7,0
bb01b010,Technology,176,1729.8,1 Year,31,58,106458,0,0.262,3,0
777afc1c,Finance,49,681.86,Month-to-Month,1,15,1308,4,0.715,16,1
ac2a1dba,E-commerce,87,635.44,1 Year,10,47,187795,1,0.692,9,0
8ab29b8b,Technology,68,902.69,Month-to-Month,37,22,560,1,0.451,31,1
b32698af,Manufacturing,105,1621.19,Month-to-Month,27,41,857,2,0.729,11,0
993c2e6e,Healthcare,37,1003.32,2 Year,32,20,35536,2,0.728,1,0
3245db2c,E-commerce,26,126.24,Month-to-Month,41,8,54946,2,0.593,7,0
27f266b7,E-commerce,16,465.67,1 Year,37,6,21753,1,0.57,1,0
fb28295c,Finance,6,50.0,2 Year,28,2,46557,2,0.551,19,0
4ad8d3e6,Finance,10,50.0,Month-to-Month,14,3,93493,0,0.431,4,0
a96389b3,Healthcare,31,50.0,Month-to-Month,99,12,79379,1,0.633,5,0
77593327,E-commerce,5,50.0,Month-to-Month,21,2,107742,2,0.499,20,0
28cf36ce,E-commerce,6,50.0,Month-to-Month,6,3,8667,4,0.632,3,0
846f75da,Finance,260,1839.65,1 Year,9,108,12721,3,0.478,6,0
7cc95a43,Technology,76,567.0,Month-to-Month,29,24,44301,1,0.469,15,0
3ebcf8d0,Technology,27,50.0,2 Year,63,12,64307,2,0.491,0,0
5c3c0e6b,E-commerce,1648,17143.6,2 Year,5,660,5678,1,0.854,3,0
22246a83,Finance,5,50.0,2 Year,3,2,9656,2,0.325,1,0
f8ef0775,E-commerce,235,2842.66,Month-to-Month,52,69,128152,1,0.955,13,0
6e15ed54,Finance,46,213.97,Month-to-Month,60,10,1308,4,0.754,1,0
92b930a3,Finance,177,1172.53,Month-to-Month,8,70,25690,4,0.287,31,1
9c061035,Technology,64,1227.76,1 Year,12,18,11840,1,0.484,4,0
99d26f4a,Healthcare,5,94.35,Month-to-Month,26,1,74432,2,0.275,7,0
e07bf134,Healthcare,63,1573.45,2 Year,10,34,99602,3,0.729,2,0
8178dd74,Healthcare,90,666.74,1 Year,51,35,14183,3,0.855,18,0
35d0bc86,Finance,5,50.0,1 Year,3,2,44565,1,0.646,2,0
742ba50e,Healthcare,1008,10582.4,1 Year,1,433,92642,2,0.844,6,0
43edd902,Manufacturing,87,1375.88,1 Year,6,39,45628,0,0.637,33,0
0bb56357,Finance,149,1566.72,Month-to-Month,9,51,45902,3,0.794,6,0
30224da4,Healthcare,9,1757.63,Month-to-Month,3,4,26624,2,0.658,7,0
4a20191d,Finance,153,1389.72,Month-to-Month,2,65,52924,7,0.603,19,1
6f87a719,Manufacturing,279,2155.27,1 Year,34,104,161363,2,0.755,22,0
ba65fc8f,E-commerce,79,288.72,Month-to-Month,5,34,17807,1,0.569,12,0
4966df8a,Finance,53,392.63,2 Year,59,17,11194,1,0.891,0,0
87a7a479,Technology,14,899.39,2 Year,12,5,158669,0,0.537,12,0
d0c19878,Finance,39,296.83,Month-to-Month,27,15,3103,0,0.713,13,0
06050ea0,Finance,25,1033.03,1 Year,7,8,91600,1,0.459,4,0
0b2a007a,Finance,128,1497.21,Month-to-Month,7,71,120283,2,0.285,10,0
ccdb66ee,Finance,15,691.68,Month-to-Month,21,5,12386,0,0.672,3,0
9f13bf26,Finance,127,1463.58,2 Year,20,77,27730,2,0.239,3,0
10b73584,E-commerce,15,339.62,2 Year,36,6,6564,5,1.0,4,0
513d5ea8,Finance,36,736.36,1 Year,35,13,22861,1,0.529,20,0
5b7270e2,E-commerce,137,1086.65,2 Year,27,47,30562,2,0.584,26,0
80a34499,Healthcare,18,50.0,1 Year,15,7,35623,1,0.538,12,0
df0adca5,Finance,144,1614.77,1 Year,54,70,6531,0,0.628,2,0
a2919d88,E-commerce,125,2220.56,Month-to-Month,24,18,25843,3,0.668,12,0
ea9f0fa5,Manufacturing,36,50.0,Month-to-Month,112,14,49060,2,0.432,2,0
929675cc,Finance,311,2095.41,Month-to-Month,42,62,34671,2,0.089,1,0
fea97592,E-commerce,61,478.13,Month-to-Month,2,30,92074,2,0.38,7,1
6c7ee355,Finance,285,3365.42,1 Year,10,142,150869,1,0.503,23,0
248cd711,Healthcare,804,8065.69,1 Year,21,324,84873,0,0.656,4,0
249a5f49,Healthcare,38,50.0,1 Year,31,15,2427,2,0.637,10,0
9ed4014d,Finance,143,1469.55,Month-to-Month,20,36,12082,2,0.751,13,0
e3ba1e0d,Finance,20,50.0,Month-to-Month,38,6,4584,3,0.271,18,1
419c3269,Finance,11,424.46,Month-to-Month,8,3,28443,1,0.421,0,0
d051ccd7,Technology,40,245.45,Month-to-Month,5,14,64331,6,0.512,7,1
953033db,Healthcare,7,50.0,2 Year,2,3,1644,0,0.905,22,0
6dac3600,E-commerce,13,343.59,1 Year,21,6,15533,2,1.0,3,0
187bdb54,Finance,132,1422.84,Month-to-Month,29,60,4930,3,0.33,0,0
dcc78cc7,E-commerce,25,50.0,1 Year,10,9,26390,1,0.818,4,0
91ef2e6c,E-commerce,158,2096.81,1 Year,23,51,129735,0,0.617,12,0
9314bc76,Finance,85,1248.47,1 Year,2,34,26622,4,0.711,37,0
940c4e97,Finance,877,7882.86,2 Year,3,376,50356,2,0.335,8,0
a07b0598,Technology,119,1074.88,1 Year,30,44,24471,2,0.871,26,0
9050fb4b,Technology,290,2359.86,2 Year,12,96,65737,2,0.156,27,0
cce4b32f,Finance,99,355.97,2 Year,27,45,67939,1,0.337,16,0
5048c3e6,Healthcare,87,1137.57,Month-to-Month,43,41,7427,0,0.546,5,0
740ad764,Technology,313,2920.37,Month-to-Month,46,84,52951,2,0.481,13,0
0519e012,Finance,148,1408.61,Month-to-Month,5,53,24416,4,0.605,25,1
7f6df061,E-commerce,74,405.16,1 Year,16,35,98215,1,0.463,19,0
a5710bd1,Finance,74,925.09,2 Year,32,36,8587,2,0.529,8,0
dd5d32e5,Healthcare,122,1559.17,1 Year,36,49,113861,2,0.563,21,0
1212ac7b,E-commerce,19,1275.13,Month-to-Month,37,8,35823,2,0.555,18,0
d9def9d5,E-commerce,18,89.51,1 Year,7,7,14753,1,0.63,1,0
6bb798d0,Finance,463,3905.79,1 Year,6,229,20373,2,0.779,3,0
d4090e27,E-commerce,894,8688.05,Month-to-Month,22,258,251,1,0.449,18,1
036afd24,Technology,13,553.53,Month-to-Month,33,5,149696,2,0.87,14,0
1fe044f3,E-commerce,20,50.0,1 Year,10,6,12742,1,0.61,4,0
1a4bfed2,Healthcare,303,2288.94,1 Year,3,154,120251,3,0.852,7,0
b02f1100,E-commerce,121,834.09,1 Year,31,35,95853,0,0.531,42,0
cff1fde7,Technology,150,1233.32,Month-to-Month,9,66,21468,1,0.427,4,0
06dd5875,Technology,209,1548.67,Month-to-Month,5,65,11843,3,0.616,2,0
12b691dc,E-commerce,38,488.74,1 Year,4,18,27809,3,1.0,11,0
31b62b0f,Finance,89,850.49,2 Year,10,39,135577,1,0.327,1,0
a3c620e7,Technology,79,1184.85,2 Year,22,33,96592,3,0.735,1,0
5362a1d2,E-commerce,15,50.0,1 Year,11,8,33531,6,0.635,21,1
6f91322d,Healthcare,87,1149.03,2 Year,1,28,39433,4,0.681,21,0
1919c2f9,E-commerce,349,3243.86,Month-to-Month,3,171,26267,2,0.359,14,0
fda2cc8f,Finance,33,50.0,2 Year,9,17,144799,3,0.691,0,0
2d93be35,E-commerce,68,408.49,Month-to-Month,26,33,225121,2,0.659,2,0
b1a9fc49,Finance,74,50.0,1 Year,3,24,17064,4,0.303,15,1
0afb4f7a,E-commerce,35,1244.11,Month-to-Month,20,13,149508,2,0.626,16,1
bfa79378,Manufacturing,150,1571.25,2 Year,4,50,150210,1,0.551,6,0
565a758c,Technology,19,50.0,1 Year,6,7,32069,0,0.529,18,0
f67f7754,Manufacturing,403,3841.18,Month-to-Month,5,127,26798,4,0.591,19,1
a3f5bc89,Manufacturing,139,164.77,Month-to-Month,2,50,101744,1,0.818,16,1
b4eb5eef,Healthcare,13,847.18,Month-to-Month,27,7,143286,0,0.692,14,0
1ac0af24,E-commerce,697,7638.27,Month-to-Month,15,256,25739,1,0.391,17,1
dd7e52fb,E-commerce,70,753.77,Month-to-Month,43,28,33883,3,0.699,1,0
c34efcc6,Technology,18,339.73,1 Year,3,5,20340,1,0.591,7,0
7c0685fe,Finance,286,2226.16,2 Year,4,113,11719,3,0.477,5,0
f9815165,Manufacturing,114,542.52,2 Year,9,55,278818,2,0.352,0,0
93775b9e,E-commerce,5,50.0,Month-to-Month,35,2,10463,3,0.761,45,0
3b602760,Technology,24,159.47,Month-to-Month,9,13,84148,2,0.486,7,0
afabead0,Healthcare,82,1350.52,Month-to-Month,13,22,27286,3,0.782,17,1
79bcaec3,Finance,5,50.0,Month-to-Month,9,1,4368,1,0.385,5,0
1b6a26a6,Technology,62,793.85,2 Year,3,22,19646,1,0.999,3,0
2e3e124e,Healthcare,69,1179.42,1 Year,68,38,4339,1,1.0,7,0
b17d7cbf,Technology,9,50.0,1 Year,20,3,200729,3,0.708,1,0
81be86a5,Healthcare,81,1732.78,Month-to-Month,38,20,15407,5,0.859,2,0
5a76bff8,E-commerce,55,1128.66,1 Year,26,28,68528,1,0.509,0,0
bac815d4,Finance,9,346.95,2 Year,18,3,27723,0,0.49,19,0
8c3606e8,E-commerce,216,2622.05,Month-to-Month,3,105,56881,2,0.839,7,0
30242bc5,E-commerce,191,2395.54,2 Year,25,106,14723,2,0.63,42,0
d201e1b2,Finance,35,496.32,Month-to-Month,5,10,4943,2,0.326,17,1
3e0c3c53,Healthcare,40,1114.14,Month-to-Month,13,22,82655,2,0.615,8,0
be021fff,Healthcare,162,1393.67,2 Year,24,63,63065,0,0.356,7,0
f2126bd8,E-commerce,40,630.91,1 Year,37,14,5793,1,0.563,6,0
fcdaa8ca,E-commerce,5,710.82,Month-to-Month,28,2,65642,3,0.81,0,0
3bf8ff89,Technology,113,50.0,Month-to-Month,27,31,45520,2,0.892,0,0
e6d1dabd,E-commerce,16,378.98,1 Year,4,6,9406,2,0.655,6,0
3a864f19,E-commerce,30,662.3,1 Year,11,11,87321,2,0.868,22,0
a8ef1039,Finance,486,4005.78,2 Year,2,148,60015,1,0.508,10,0
29315386,Healthcare,44,580.91,Month-to-Month,31,14,35343,1,0.94,7,0
214fe114,Finance,54,143.15,1 Year,74,27,9839,4,0.455,9,0
c98825cc,Manufacturing,117,1368.4,Month-to-Month,8,44,38844,5,0.438,3,0
5b14f2b2,Technology,116,1112.5,1 Year,3,35,8879,2,0.508,4,0
b27ef5fe,Finance,13,50.0,1 Year,16,5,10164,1,0.451,13,0
6bb46e16,E-commerce,49,1044.83,Month-to-Month,47,23,13810,3,0.703,2,0
615bc84c,Technology,57,360.82,Month-to-Month,20,22,53139,1,0.85,1,0
e632071a,E-commerce,82,954.98,Month-to-Month,2,22,56917,2,0.603,7,0
df12aeb0,Healthcare,84,1497.02,Month-to-Month,88,12,3777,3,0.662,13,0
d5a8965f,Healthcare,2646,26001.65,Month-to-Month,43,820,52619,4,0.324,3,0
23effe79,E-commerce,9,94.02,Month-to-Month,4,4,1760,0,0.619,5,0
15c86663,Manufacturing,237,2122.34,Month-to-Month,62,117,117686,3,0.954,7,0
13ee9e87,E-commerce,322,3083.91,1 Year,15,103,75403,4,0.883,21,0
c6fa9b4b,Healthcare,114,2218.04,Month-to-Month,12,42,64438,1,0.381,9,0
18b536ca,Finance,20,428.39,Month-to-Month,15,9,13669,3,0.512,19,1
956497ab,Technology,663,6786.8,2 Year,44,256,219333,1,1.0,4,0
05cfcc6e,Technology,5,312.04,Month-to-Month,26,2,129059,0,0.684,8,0
7390fbec,E-commerce,19,405.13,Month-to-Month,2,7,33659,4,0.903,10,0
fcbff98c,E-commerce,316,2247.09,1 Year,76,141,1765,3,0.919,24,0
ce3224e3,Healthcare,31,1458.38,Month-to-Month,4,11,35809,0,0.377,16,1
007b6712,Technology,598,5247.82,1 Year,33,192,8360,6,0.745,1,0
5c9cc758,Technology,5,916.3,Month-to-Month,25,2,44909,1,0.637,11,0
79b0fc51,Finance,10,409.01,Month-to-Month,5,2,215572,0,0.948,0,1
0c3f7231,Technology,24,330.39,2 Year,5,8,70719,2,0.992,50,0
bb7701e2,Finance,102,867.26,Month-to-Month,50,39,19449,2,0.434,5,0
a799b5b1,Healthcare,39,1692.58,Month-to-Month,14,18,25056,1,1.0,11,0
bd78c1e9,Finance,26,562.24,Month-to-Month,26,8,144636,0,0.634,2,0
1b843e40,Finance,459,4598.84,Month-to-Month,17,189,5835,1,0.726,15,1
7ce79964,Finance,528,5012.37,Month-to-Month,32,137,110437,1,0.07,11,0
b6308628,E-commerce,29,50.0,Month-to-Month,16,12,3872,3,0.802,4,0
f8eb650d,E-commerce,5,75.31,1 Year,9,2,26777,3,0.169,4,0
9c3f0575,E-commerce,5,50.0,1 Year,11,1,68413,1,0.571,11,0
bb733d23,Finance,78,1119.83,1 Year,48,25,25131,2,0.489,4,0
d2838c92,Healthcare,146,1137.18,1 Year,16,70,42328,2,0.693,29,0
f47eec44,E-commerce,60,1102.48,2 Year,6,41,33743,3,0.636,3,0
8f2431bb,Finance,49,981.29,2 Year,66,22,46398,2,0.717,3,0
ed194ecb,Finance,16,132.28,Month-to-Month,39,5,9373,3,0.849,14,0
80e4ef40,Technology,145,1740.15,2 Year,2,55,43148,3,0.399,1,0
8a770589,Technology,676,7075.18,Month-to-Month,120,187,218167,3,0.559,8,0
dd6c3348,Technology,5,50.0,1 Year,29,2,10776,0,0.431,9,0
bfb33373,E-commerce,48,1345.85,1 Year,5,24,3464,2,0.416,3,0
a82a9007,Healthcare,12,50.0,2 Year,7,6,24861,4,0.987,30,0
8513ed89,E-commerce,5,397.79,Month-to-Month,29,1,23449,4,0.346,5,0
2f5e0f32,Finance,10,461.81,1 Year,37,3,6718,2,0.436,3,0
ea78a946,E-commerce,96,50.0,Month-to-Month,7,52,42370,0,1.0,11,0
40b5fd46,Healthcare,100,671.54,2 Year,8,53,28776,4,0.575,12,0
aae65c03,Technology,488,5300.18,2 Year,9,146,90665,5,0.587,5,0
fe7afea2,Healthcare,55,581.13,Month-to-Month,22,19,27491,1,0.68,2,0
e2308ccc,Manufacturing,5,394.48,Month-to-Month,5,2,212246,2,0.359,9,1
0b8e7349,Technology,38,426.18,Month-to-Month,3,14,75672,2,0.416,2,0
7f8648f5,E-commerce,6,674.69,Month-to-Month,28,2,33417,0,0.477,2,0
7a8aea03,Technology,8,137.02,2 Year,37,2,40169,2,0.808,8,0
e79ae478,E-commerce,130,2012.04,1 Year,17,37,100776,2,0.734,42,0
8a16a80d,Technology,73,239.99,Month-to-Month,11,28,74395,2,0.474,11,0
7e712cf0,E-commerce,131,1246.18,1 Year,14,43,53608,3,0.573,16,0
ee4a0522,Technology,31,50.0,1 Year,12,8,15517,0,0.756,12,0
647aeaa2,E-commerce,178,1974.32,Month-to-Month,78,65,26411,4,0.123,4,0
79982bcb,Manufacturing,29,150.67,Month-to-Month,36,9,77366,1,0.66,23,0
f915bfc0,E-commerce,291,2795.24,1 Year,6,117,49371,2,0.752,16,0
ac51f5de,E-commerce,91,557.62,Month-to-Month,12,45,156748,4,0.416,11,0
7f731251,Technology,40,169.63,Month-to-Month,19,14,103132,2,0.73,7,0
8166b364,Technology,75,744.86,Month-to-Month,23,26,27851,0,0.603,4,0
5f332143,E-commerce,53,50.0,2 Year,16,26,17394,2,0.962,5,0
694fd4c2,Finance,598,4829.12,Month-to-Month,40,283,6623,1,0.495,3,0
0569c54f,E-commerce,78,809.57,2 Year,36,37,26181,0,0.718,25,0
58aae5a3,Manufacturing,54,50.0,1 Year,17,7,12853,1,0.306,3,0
358a69d5,Technology,38,283.43,Month-to-Month,47,13,842,0,0.615,27,1
e428b9be,Technology,193,1741.42,1 Year,34,66,7437,4,0.763,5,0
e4ede4ae,Healthcare,157,1841.02,Month-to-Month,37,49,30166,1,0.495,18,1
a182a738,E-commerce,36,50.0,2 Year,76,18,111474,1,0.824,2,0
0dd34935,E-commerce,9,874.76,2 Year,8,3,19353,1,0.784,33,0
b6de8786,Technology,14,564.08,Month-to-Month,8,3,29091,3,0.629,22,0
83be2e5a,Healthcare,41,50.0,1 Year,53,17,24231,1,0.546,12,0
fb9143c8,Technology,412,3977.83,Month-to-Month,36,164,23020,3,0.0,25,1
41146b1c,E-commerce,37,1133.59,Month-to-Month,63,11,64121,4,0.47,9,0
ac606d7d,Finance,22,50.0,Month-to-Month,2,11,35264,1,0.82,0,0
2fafba7d,Finance,5,50.0,1 Year,24,2,26249,4,0.545,2,0
9c8d6744,Finance,528,5982.06,Month-to-Month,4,239,143518,6,0.69,0,1
9080764a,E-commerce,128,1009.7,Month-to-Month,17,57,16168,0,0.507,0,0
f90b29b1,Healthcare,180,2361.49,2 Year,5,91,89443,2,0.315,6,0
0e530d4a,Finance,231,1855.0,1 Year,4,88,36180,1,0.75,37,0
ee2253b2,Technology,42,50.0,2 Year,1,11,29141,2,0.354,5,0
204c3345,Healthcare,61,1224.26,Month-to-Month,24,23,3251,1,0.548,34,0
07ebadc9,Finance,509,5309.37,1 Year,11,119,97770,1,0.673,22,0
7a58b8b5,E-commerce,71,962.28,2 Year,3,20,15780,1,0.464,1,0
f23dad71,E-commerce,131,763.52,Month-to-Month,10,73,56871,6,0.914,21,1
fc6811fe,Technology,201,1503.32,1 Year,5,58,103763,0,0.994,2,0
3a8692f3,E-commerce,143,2005.22,Month-to-Month,69,40,38408,2,0.438,0,0
6792b0ee,Technology,45,571.6,1 Year,10,21,51175,4,0.446,1,0
2673a16e,E-commerce,51,451.27,1 Year,10,24,20789,3,0.512,7,0
82355d8a,Healthcare,175,1860.46,2 Year,44,40,64829,1,0.831,9,0
12d37335,Finance,174,2494.25,1 Year,26,73,53443,2,0.697,0,0
dcb5eeaa,E-commerce,314,3501.84,2 Year,30,108,29420,4,0.75,12,0
a32a179b,Finance,124,1002.68,Month-to-Month,25,53,50338,2,0.863,0,0
a32540a4,Technology,133,628.26,Month-to-Month,71,49,15235,2,0.419,10,0
502e65e9,E-commerce,27,564.03,Month-to-Month,6,7,53620,1,0.701,0,0
9c45cf9c,Finance,22,50.0,1 Year,109,7,55850,2,0.61,3,0
d5969c65,Finance,176,1168.81,Month-to-Month,43,81,29429,3,0.686,21,1
ed311f27,Finance,23,887.87,2 Year,22,13,14342,6,0.83,32,0
e7c7d7bb,E-commerce,52,956.2,Month-to-Month,27,22,81244,3,0.57,0,0
bfd4082e,E-commerce,432,4512.84,Month-to-Month,26,155,70147,1,0.461,17,0
32257431,E-commerce,340,2780.8,2 Year,2,95,2939,2,0.39,9,0
6dd60b45,Finance,85,1744.63,Month-to-Month,6,32,34087,4,0.951,27,1
691c5dc7,E-commerce,35,864.43,1 Year,79,12,4831,4,0.592,4,0
7d8fd1fb,Technology,45,298.11,Month-to-Month,19,19,19250,2,0.326,11,0
1b7c1ff1,Finance,200,1742.36,Month-to-Month,12,78,27429,1,0.877,0,0
4c4907ce,E-commerce,51,549.24,Month-to-Month,35,22,9733,2,0.258,3,0
87a2f93b,Manufacturing,23,50.0,Month-to-Month,18,8,31640,2,0.29,6,0
f6968581,Finance,338,4485.93,1 Year,1,192,61246,2,0.537,5,0
317a4f75,E-commerce,71,517.24,1 Year,32,32,28720,2,0.491,14,0
0913b9be,Healthcare,22,50.0,2 Year,32,7,13337,5,0.662,1,0
f40f6130,E-commerce,111,1904.21,Month-to-Month,5,55,26791,1,0.215,0,1
df0aea46,Healthcare,234,2055.47,Month-to-Month,76,66,44874,4,0.665,0,0
4b7d9cc2,Manufacturing,12,513.22,1 Year,7,3,137751,0,0.856,0,0
c510f5ce,Technology,40,737.69,Month-to-Month,15,12,34601,3,0.404,3,0
b6a1d65a,Technology,37,340.72,2 Year,3,19,109401,3,0.524,24,0
c9859046,Technology,107,583.5,Month-to-Month,23,40,208526,2,0.44,11,0
1034915a,E-commerce,140,1375.91,2 Year,12,47,40937,2,0.664,4,0
19a8f12f,E-commerce,23,50.0,Month-to-Month,11,9,7953,2,0.385,2,0
0002df1d,Technology,5,50.0,Month-to-Month,43,2,104097,0,0.36,13,0
cc42d4a3,Manufacturing,256,2946.39,Month-to-Month,1,143,99154,2,0.57,11,0
6625f1ca,E-commerce,10,958.89,Month-to-Month,39,2,101460,3,0.667,9,0
ac8e2828,Manufacturing,82,276.08,1 Year,21,43,150338,4,0.63,20,0
3e379fef,E-commerce,44,314.77,2 Year,103,8,16178,5,0.512,9,0
e06d7352,E-commerce,69,427.59,Month-to-Month,22,33,20280,0,0.734,4,0
73789204,E-commerce,649,6626.87,Month-to-Month,2,335,58093,1,0.646,13,1
86426d18,Finance,5205,51289.1,Month-to-Month,2,2714,41494,3,0.366,2,0
f70627af,Healthcare,5,50.0,1 Year,52,2,101387,0,0.065,9,0
4c35891d,Finance,238,1533.99,Month-to-Month,45,69,14685,4,0.704,0,0
fab55f0e,E-commerce,43,50.0,1 Year,11,20,53707,6,0.549,5,0
decd53a3,Finance,262,2289.78,1 Year,24,76,141013,2,0.378,0,0
d625c75a,E-commerce,229,3125.44,1 Year,17,70,12159,3,0.925,33,0
36164976,Manufacturing,452,4693.8,1 Year,82,160,18327,1,0.923,1,0
1895070b,Finance,83,862.5,2 Year,72,30,26163,4,0.855,3,0
82745f5e,E-commerce,14,813.44,Month-to-Month,100,5,4556,1,0.645,3,0
d4795c1c,Healthcare,219,2381.8,Month-to-Month,49,72,9732,2,0.0,3,0
254714b0,Healthcare,65,888.79,Month-to-Month,58,28,24070,2,0.835,5,0
4e5d35b4,Technology,38,143.49,Month-to-Month,6,9,3865,3,0.416,3,0
807e481a,E-commerce,26,50.0,Month-to-Month,43,10,22521,2,0.488,4,0
213d359f,Technology,247,1814.44,Month-to-Month,30,92,13995,2,0.78,3,0
3328c85c,Healthcare,604,5739.46,Month-to-Month,79,302,99943,2,1.0,37,0
c9d75ea3,E-commerce,9,50.0,1 Year,21,4,46887,0,0.908,3,0
1f1e3a94,Finance,138,1552.36,1 Year,3,52,114379,3,0.635,3,0
83f04537,Finance,31,291.62,Month-to-Month,22,6,11337,1,0.748,4,0
270c649d,Healthcare,6,50.0,1 Year,28,1,4259,2,0.379,9,0
2d512a9d,Healthcare,68,224.16,1 Year,6,34,21851,1,0.275,35,1
b78e5381,Finance,15,349.56,Month-to-Month,13,5,2903,2,0.816,8,0
57ccf24e,Healthcare,5,50.0,2 Year,22,2,107499,0,0.665,41,0
cb721c5d,Manufacturing,16,336.9,Month-to-Month,12,7,10422,2,0.31,4,0
e0b9be16,Finance,11,50.0,1 Year,12,4,7603,2,0.59,25,0
597a4ce9,Healthcare,20,368.21,2 Year,4,8,77507,2,0.723,4,0
4faf7d3f,Finance,7,443.45,1 Year,68,1,62310,3,0.781,9,0
cf482e05,E-commerce,30,609.77,1 Year,34,10,2932,4,0.726,0,0
50c43c14,Healthcare,18,81.64,2 Year,1,7,35623,0,0.527,0,0
b331a0d4,Technology,95,1407.66,Month-to-Month,35,34,29787,0,0.43,2,0
1d28967d,Manufacturing,132,683.52,Month-to-Month,33,58,24457,3,0.623,0,0
bfcf691c,Finance,80,755.4,1 Year,1,40,6773,3,0.76,5,0
f761926b,E-commerce,38,283.3,2 Year,12,14,77405,3,0.781,5,0
9dd8500a,Healthcare,36,878.2,1 Year,23,12,13718,2,0.916,30,0
f13e7724,E-commerce,15,50.0,2 Year,15,4,30646,2,0.607,1,0
1a54a3f7,E-commerce,16,50.0,Month-to-Month,37,7,106458,2,0.378,6,0
d782b16f,Finance,156,2433.63,2 Year,14,74,19154,3,0.817,3,0
352d27b8,Finance,5,50.0,2 Year,5,3,1819,2,0.617,0,0
178ac84d,E-commerce,48,887.21,Month-to-Month,90,20,109970,3,0.343,1,0
d473c3d0,E-commerce,33,50.0,2 Year,7,12,34050,2,0.725,20,0
9424f3fe,Finance,134,1467.35,Month-to-Month,31,59,34364,1,0.882,5,0
255c046d,E-commerce,6,766.89,2 Year,4,2,40082,2,0.677,14,0
e60072b9,E-commerce,55,696.6,2 Year,10,17,9918,0,0.885,5,0
369926bd,Technology,91,1627.27,Month-to-Month,15,37,62743,1,0.503,24,0
4bd49c21,Healthcare,5,50.0,1 Year,6,2,13158,1,0.454,12,0
fe984f04,Technology,10,50.0,1 Year,15,4,17915,1,0.771,4,0
a696963b,E-commerce,47,863.42,Month-to-Month,5,20,49873,1,0.529,19,1
51cd1ed5,Healthcare,118,960.28,Month-to-Month,20,59,69265,0,0.841,0,0
50862025,E-commerce,71,1008.67,Month-to-Month,27,32,65581,1,0.634,0,0
1a85141f,E-commerce,126,1851.9,1 Year,2,53,4340,1,0.844,8,0
657ce704,Manufacturing,10,534.17,Month-to-Month,50,2,70238,2,0.726,13,0
5347c57c,Healthcare,5,50.0,2 Year,5,2,54342,5,0.42,9,0
93803edd,E-commerce,61,439.31,Month-to-Month,7,23,46455,2,0.202,10,0
68403d3f,Finance,8,220.92,1 Year,26,2,170372,1,0.756,3,0
9bfd261f,Manufacturing,14,50.0,Month-to-Month,16,6,21295,2,0.713,21,1
28fa5baa,Finance,221,2249.68,1 Year,17,99,57456,3,0.396,35,0
75ab9677,Manufacturing,72,867.54,2 Year,4,31,42575,2,0.76,4,0
fcd392d3,Manufacturing,23,50.0,Month-to-Month,40,10,24547,1,0.878,5,0
422fabde,Finance,19,93.28,Month-to-Month,24,7,77614,3,0.459,6,0
a32fd730,Technology,138,789.48,1 Year,4,51,25804,2,0.213,2,0
7e07429d,Manufacturing,75,511.08,Month-to-Month,12,43,40885,2,0.794,1,0
a46f80e2,Finance,8,50.0,Month-to-Month,40,3,41120,5,0.854,15,0
48548ba2,E-commerce,5,108.25,Month-to-Month,21,1,35803,3,0.453,9,0
85bc4c62,E-commerce,918,9083.39,Month-to-Month,3,144,30569,0,0.755,1,0
62b772ba,Finance,8,50.0,1 Year,12,4,9182,2,0.666,6,0
04beb434,Healthcare,120,2092.63,2 Year,7,25,13777,2,0.578,55,0
46701326,Finance,526,5137.29,1 Year,18,181,6591,2,0.716,7,0
fdc3437d,Finance,68,823.28,Month-to-Month,45,18,64275,2,0.5,24,0
d07be514,E-commerce,22,50.0,Month-to-Month,14,8,68186,2,0.38,18,1
bf96cc8b,Finance,6,50.0,2 Year,14,2,50878,5,0.681,1,0
902748fa,Technology,6,222.21,2 Year,57,2,124834,4,0.654,5,0
50ea5b76,Technology,96,793.87,Month-to-Month,21,30,15391,1,0.091,8,0
df223935,Healthcare,481,4811.65,2 Year,21,227,86025,2,0.364,10,0
0b051a63,E-commerce,30,703.41,2 Year,8,19,10279,4,0.466,3,0
79b4ea19,E-commerce,23,50.0,Month-to-Month,23,10,3511,3,0.705,0,0
c017a2ab,Manufacturing,155,883.92,1 Year,21,47,6,4,0.295,3,0
2cf5abbb,Healthcare,19,50.0,1 Year,13,9,43450,3,0.536,8,0
1da83d0b,Finance,82,1539.22,Month-to-Month,113,47,75420,1,0.988,4,0
83e0617c,Manufacturing,58,1045.57,Month-to-Month,52,29,86576,2,0.613,4,0
23d8a0b7,Manufacturing,29,617.9,Month-to-Month,34,7,31805,2,0.626,18,0
3c6d1348,Technology,53,311.97,2 Year,19,24,3025,2,0.588,5,0
e3b61eac,Technology,768,7013.46,2 Year,15,271,1820,1,0.796,34,0
bef66811,Healthcare,135,1208.85,Month-to-Month,5,54,124657,1,0.608,1,0
622b44c7,E-commerce,281,2763.32,1 Year,9,101,4877,1,0.556,0,0
11757e85,Finance,13,50.0,Month-to-Month,36,6,76777,3,0.63,2,0
40803e0b,Finance,282,2085.17,Month-to-Month,15,102,3605,1,0.865,0,0
92a306c6,Technology,142,554.84,1 Year,52,76,10127,3,0.68,2,0
65baaee2,Healthcare,5,378.7,1 Year,4,1,8888,7,0.611,7,0
b37d8592,E-commerce,122,617.32,Month-to-Month,18,46,16224,0,0.836,2,0
69ec2bad,Manufacturing,25,404.71,Month-to-Month,25,11,26012,1,0.496,17,0
075f8b6d,Finance,5,50.0,1 Year,18,2,6660,1,0.0,4,0
cc58a283,Manufacturing,66,954.82,1 Year,53,30,180890,3,0.69,5,0
bc1c5b83,Manufacturing,122,1387.91,1 Year,110,47,100,1,0.687,0,0
1f36acee,E-commerce,68,564.03,1 Year,3,36,73946,0,0.476,3,0
8eef4407,Finance,46,525.23,1 Year,4,22,37381,2,0.546,1,0
610fe778,Finance,33,274.83,1 Year,4,13,4473,1,0.852,2,0
3838befa,E-commerce,2208,21772.33,2 Year,28,1064,6393,3,0.691,10,0
e0a53f5e,Finance,9,580.04,Month-to-Month,12,3,44579,2,0.895,4,0
b53eee28,Finance,202,1808.46,2 Year,32,92,18935,4,0.654,0,0
aac3daaf,Manufacturing,55,506.57,Month-to-Month,13,26,29909,2,0.569,3,0
b9b2869b,Finance,15,50.0,1 Year,24,6,39835,2,0.742,20,0
ca2cfb02,Technology,50,637.02,Month-to-Month,36,15,42589,2,0.674,4,0
e2172bf1,Healthcare,6,50.0,Month-to-Month,20,1,43686,3,0.688,8,0
cbb029c5,E-commerce,22,50.0,2 Year,19,9,3631,0,0.554,6,0
fbf74db8,Manufacturing,50,80.22,Month-to-Month,3,16,67445,3,0.486,36,1
436b0c7a,Finance,5,50.0,1 Year,13,2,17371,7,0.493,3,0
fb884d48,Finance,116,156.76,2 Year,19,28,6076,3,0.704,12,0
e9ccd95f,E-commerce,12,461.18,Month-to-Month,15,6,5390,3,0.73,9,0
f2945719,Technology,6,50.0,2 Year,56,2,13525,0,0.074,9,0
aaa07c29,E-commerce,10,50.0,1 Year,57,3,49534,3,0.453,16,0
30c474ba,Finance,1427,13495.88,2 Year,42,506,31925,1,0.282,1,0
a6cd4e35,Finance,5,266.53,1 Year,12,1,5662,0,0.5,18,1
2db1ad2c,Manufacturing,105,732.84,1 Year,31,47,1644,0,0.479,1,0
0d9217b8,Manufacturing,17,823.04,Month-to-Month,13,4,1248,1,0.63,10,0
e13c146a,E-commerce,32,563.16,1 Year,7,9,27330,3,0.637,2,0
fd476677,Technology,135,2117.33,Month-to-Month,11,49,77591,2,1.0,10,0
ace36cc6,E-commerce,125,1318.49,1 Year,2,49,42622,1,0.675,1,0
a0c9b8a6,E-commerce,19,728.91,Month-to-Month,10,8,82951,7,0.728,12,1
224904d5,Finance,7,301.39,Month-to-Month,15,2,19238,1,0.316,3,0
8da4a7b6,E-commerce,138,1154.51,Month-to-Month,75,49,7560,1,0.533,10,0
68211b74,E-commerce,125,1343.61,2 Year,10,52,81227,3,0.383,7,0
ef36400d,Healthcare,35,50.0,1 Year,56,14,65068,0,0.72,2,0
ad82808b,E-commerce,105,2084.39,1 Year,7,39,44471,1,0.61,7,0
47b0cb47,Technology,27,219.57,2 Year,6,11,109355,2,0.532,1,0
d85a2508,E-commerce,15,163.11,1 Year,18,2,49804,3,0.791,48,0
4a4c72b6,E-commerce,54,734.99,Month-to-Month,27,26,37307,1,0.546,9,0
ddc3ee38,Manufacturing,118,636.53,1 Year,2,53,34888,1,0.867,7,0
49e87243,Healthcare,86,1520.69,2 Year,6,47,48034,2,0.864,25,0
c18a31e0,E-commerce,117,657.34,Month-to-Month,15,37,36348,4,0.473,3,0
d774246e,Technology,17,50.0,1 Year,10,7,15920,0,0.823,2,0
c8f0aed0,E-commerce,585,5766.74,1 Year,30,122,153817,1,0.623,10,0
ec07ce8e,Finance,32,50.0,Month-to-Month,18,7,158577,4,0.521,23,1
0313bde7,Healthcare,45,1230.97,2 Year,5,16,9126,5,0.679,10,0
855f1038,Technology,7,50.0,Month-to-Month,54,2,37814,2,0.283,0,0
2a4ff715,E-commerce,40,50.0,Month-to-Month,9,20,77941,2,0.492,19,0
faba4f65,Technology,121,1309.97,2 Year,32,62,2816,3,0.684,3,0
7c0f5122,E-commerce,171,1986.75,1 Year,37,90,6594,0,0.541,20,0
24e02f7c,E-commerce,568,5469.28,Month-to-Month,80,261,39361,1,0.816,39,0
82dcbae4,Technology,119,512.05,Month-to-Month,17,55,1437,1,0.52,10,0
fbf16beb,E-commerce,82,768.35,2 Year,23,22,89485,3,0.624,3,0
e756eadc,Finance,27,50.0,Month-to-Month,10,14,103243,2,0.576,2,0
6fb76d97,E-commerce,20,50.0,1 Year,28,10,66649,1,0.294,12,0
97ccccc2,Technology,234,1808.09,Month-to-Month,15,61,86399,4,0.678,0,0
2ada9a23,Finance,227,2348.12,2 Year,14,101,55693,3,0.663,10,0
ec8b7e00,Finance,10,551.51,1 Year,47,3,7649,1,0.213,3,0
626b94a1,Healthcare,161,1840.77,1 Year,2,94,1515,1,0.106,0,0
9a5fb117,Manufacturing,144,576.0,1 Year,52,43,94221,2,0.509,10,0
f7016a36,Healthcare,10,407.74,2 Year,46,4,61406,1,0.846,8,0
2542e2b7,E-commerce,122,1606.24,2 Year,17,51,25413,2,1.0,7,0
a25b9881,E-commerce,11,806.85,1 Year,17,4,79687,2,0.236,2,0
a67f767e,E-commerce,5,50.0,2 Year,11,3,2737,3,0.925,24,0
c7ed64ca,E-commerce,42,391.7,Month-to-Month,120,23,19215,2,0.832,0,0
7480a501,Healthcare,80,1083.76,Month-to-Month,3,18,20916,0,0.483,1,0
7aa7de4c,E-commerce,45,186.22,2 Year,22,20,5539,3,0.977,4,0
13aaefac,Technology,4026,40535.95,1 Year,28,1605,67681,0,0.693,4,0
25358e78,Technology,96,947.99,2 Year,66,46,75147,2,0.555,1,0
cc1341f4,Finance,68,256.77,Month-to-Month,37,28,43753,0,0.244,40,1
1e323438,Technology,103,649.38,1 Year,25,32,27052,2,0.62,43,0
72a2a569,E-commerce,28,904.64,1 Year,3,8,46703,1,0.608,14,0
cbf64e18,Technology,220,1701.79,1 Year,12,79,114326,2,1.0,3,0
f7b6e0c6,E-commerce,93,346.0,Month-to-Month,4,36,22139,1,0.411,4,1
c091bf16,E-commerce,87,1042.19,2 Year,52,36,20341,0,0.423,22,0
e9f2e388,Manufacturing,21,194.71,Month-to-Month,34,7,48739,1,0.498,0,0
b0dfb371,Technology,5,50.0,1 Year,35,2,57543,1,1.0,1,0
fcc73cd6,E-commerce,25,50.0,1 Year,26,11,30601,0,0.37,3,0
28d68992,Finance,83,421.61,Month-to-Month,17,40,98150,3,0.862,65,0
db3f0d33,Finance,28,50.0,1 Year,4,10,21715,0,0.288,0,0
16d630b1,Finance,84,2102.49,2 Year,10,24,51210,3,0.686,10,0
ef3e3937,Finance,38,228.71,Month-to-Month,4,18,55100,0,0.62,16,1
d32ddee3,Finance,104,599.37,1 Year,31,31,17465,0,0.46,1,0
92ff7fb2,Technology,12,1130.89,Month-to-Month,5,2,951,4,0.744,1,1
c7a13295,Healthcare,72,1164.13,2 Year,30,32,87611,2,0.44,3,0
3b222916,E-commerce,20,562.41,Month-to-Month,29,6,32929,0,0.277,8,0
074e8e76,Finance,5,50.0,Month-to-Month,15,1,5016,1,0.538,2,0
5196eb92,Finance,42,1015.74,1 Year,4,19,157982,3,0.417,7,0
d9ad58bb,Healthcare,547,5878.14,Month-to-Month,10,167,17579,2,0.652,2,0
2f2a8b3b,Finance,6,133.54,Month-to-Month,10,1,32167,0,0.543,13,0
fba24160,Technology,65,50.0,2 Year,29,33,33088,2,0.913,5,0
d87a8fa9,Technology,180,1790.04,1 Year,3,70,23165,0,0.536,2,0
3b5a96c7,Finance,1719,18054.97,1 Year,43,903,8219,5,0.655,15,0
14e8499e,E-commerce,26,370.19,1 Year,35,12,60919,4,0.368,2,0
aebb6516,E-commerce,21,50.0,2 Year,5,9,10875,2,0.515,7,0
7415afae,Technology,9,50.0,Month-to-Month,31,3,57336,0,0.418,0,0
66cd3ef1,Technology,302,2940.37,Month-to-Month,27,125,81001,1,0.837,3,0
97104c0b,E-commerce,14,50.0,Month-to-Month,34,7,1170,2,0.448,1,0
ea29668e,E-commerce,31,289.38,1 Year,6,14,65798,2,0.47,2,0
26104f18,Technology,5,771.37,Month-to-Month,5,1,50810,1,0.66,42,1
5e887324,Healthcare,205,2714.73,1 Year,7,92,10893,3,0.457,4,0
571cbf97,E-commerce,310,2722.83,Month-to-Month,11,104,48404,0,0.882,1,0
ba8f61b0,Manufacturing,194,2577.95,1 Year,38,71,27302,2,0.992,43,0
10bff4e3,Technology,5,430.57,1 Year,33,2,4419,2,0.421,3,0
247d95c7,E-commerce,135,1666.67,Month-to-Month,63,45,37084,0,0.769,13,0
8be80f0c,E-commerce,5,265.96,Month-to-Month,2,2,181127,3,0.431,21,1
4d4602b6,Finance,59,124.81,2 Year,1,25,52321,4,0.529,4,0
50ec4037,E-commerce,74,537.21,1 Year,29,27,20064,0,0.738,10,0
9e88546f,E-commerce,86,1276.46,2 Year,8,40,41448,1,0.628,0,0
5d7e9313,E-commerce,121,606.56,Month-to-Month,10,43,66932,2,0.633,5,0
c910fa04,Technology,53,50.0,2 Year,19,26,8494,3,0.82,22,0
cf50408a,Technology,5,203.1,1 Year,3,2,37626,1,0.818,16,0
30fbe3de,Finance,121,815.23,Month-to-Month,25,50,35348,1,0.61,2,0
94dd9763,E-commerce,63,1041.95,Month-to-Month,10,19,23624,0,0.473,0,0
2e9225e3,E-commerce,14,50.0,1 Year,25,5,68731,2,0.6,9,0
fc2f5e5b,E-commerce,5,172.19,Month-to-Month,44,2,41621,1,0.398,1,0
06d97c60,Finance,550,5664.04,2 Year,5,276,60014,2,0.757,16,0
756b5e9b,E-commerce,346,3218.95,1 Year,65,127,45312,2,0.562,6,0
c847d81a,Technology,157,1450.18,Month-to-Month,19,78,75920,4,0.379,5,0
bb6daf3f,E-commerce,19,50.0,2 Year,62,6,50246,0,0.868,2,0
db50e51e,Manufacturing,5,50.0,Month-to-Month,6,2,56620,2,0.597,7,0
4d5212ec,Manufacturing,171,1229.16,Month-to-Month,23,59,12776,4,0.45,17,1
cdf1ee73,Healthcare,94,828.25,1 Year,13,52,93497,3,0.829,6,0
1a0ca323,Finance,31,684.25,1 Year,36,16,8443,2,0.851,1,0
8f02571b,Manufacturing,295,2381.62,Month-to-Month,23,126,20761,1,0.223,8,0
0885c00b,Manufacturing,194,1696.47,Month-to-Month,17,67,110094,1,0.821,3,0
f5922c4a,Healthcare,71,969.13,1 Year,59,17,5747,3,0.632,7,0
54d8e3c3,Healthcare,57,50.0,1 Year,12,24,100749,4,0.794,0,0
f5604f86,Finance,58,1507.79,1 Year,6,24,32252,3,0.586,0,0
02d5a7af,Manufacturing,151,2032.63,1 Year,23,73,10141,1,0.676,13,0
f4e1e928,Finance,15,50.0,1 Year,24,3,66816,1,0.539,6,0
1d37a679,E-commerce,103,50.0,Month-to-Month,14,42,16695,5,0.798,5,0
59f50a33,Technology,13,144.81,1 Year,17,5,56646,3,0.466,30,0
2a7bd3b2,Healthcare,405,3489.88,Month-to-Month,77,125,78246,3,0.805,2,0
b2a6b64f,E-commerce,121,1690.75,Month-to-Month,32,49,42120,1,0.636,23,0
3138e966,Finance,19,387.0,1 Year,3,6,77088,5,0.751,17,0
3c340e90,Technology,61,671.69,Month-to-Month,6,19,136704,2,0.398,7,0
7972c1d1,Finance,15,50.0,Month-to-Month,90,5,39970,2,0.685,6,0
fd81712b,E-commerce,521,6010.0,Month-to-Month,32,194,8265,1,0.707,1,0
f52f2c25,E-commerce,622,6596.73,Month-to-Month,60,325,61825,2,0.971,4,0
898d7078,Finance,155,1851.58,Month-to-Month,9,57,26387,0,0.74,7,0
d39ba264,Healthcare,563,6230.03,Month-to-Month,33,177,37889,4,0.482,4,0
ec9f1089,E-commerce,68,170.57,Month-to-Month,31,32,49284,1,0.474,24,0
8996b892,Finance,171,2352.37,Month-to-Month,9,85,63202,1,0.752,0,0
10f4f7ea,Technology,342,3287.7,Month-to-Month,20,164,51053,1,0.492,3,0
482d7d48,Technology,54,707.36,Month-to-Month,24,28,13254,5,0.496,26,1
1f3baa4c,E-commerce,60,521.77,1 Year,16,25,68949,1,0.428,0,0
37b6e5d1,E-commerce,221,1271.07,Month-to-Month,43,91,82341,1,0.627,6,0
2f4e13b0,E-commerce,143,1908.67,1 Year,43,47,1920,2,0.644,13,0
6dc6b4bf,Technology,17,50.0,Month-to-Month,46,9,18418,1,0.535,4,0
7b244eb9,E-commerce,5,50.0,Month-to-Month,40,1,190379,0,0.939,16,0
9d261686,Finance,41,183.59,Month-to-Month,17,15,9784,0,0.714,1,0
dd3690ae,Finance,5,50.0,Month-to-Month,12,1,10094,3,0.952,42,0
45e95bdd,E-commerce,12,50.0,Month-to-Month,43,5,44741,1,0.626,10,0
57b55c37,E-commerce,14,262.41,Month-to-Month,17,5,20636,3,0.453,3,0
fd9d8fa1,E-commerce,23,56.67,Month-to-Month,7,9,53518,0,0.401,0,0
e60423a6,Healthcare,186,1727.92,1 Year,17,68,15234,0,0.575,8,0
13c03262,Technology,258,2122.5,Month-to-Month,4,98,27756,4,0.751,8,1
4e39beb2,Finance,117,1193.09,Month-to-Month,29,45,322913,1,0.541,5,0
01df0597,Finance,141,1247.38,2 Year,10,76,23375,2,0.771,27,0
3dad560c,E-commerce,146,639.52,Month-to-Month,8,32,4505,7,0.881,3,0
c1684d34,Finance,5,50.0,Month-to-Month,76,2,67824,4,0.439,8,0
d5b24269,E-commerce,55,50.0,Month-to-Month,37,27,44406,1,0.38,0,0
568ef74c,Finance,5,498.85,Month-to-Month,38,1,29401,2,0.79,6,0
bf5ea22f,E-commerce,117,974.25,Month-to-Month,24,45,119691,4,0.654,15,1
ee4346cc,E-commerce,5,1310.76,2 Year,44,2,7927,1,0.665,13,0
7b261bb2,Finance,41,893.45,2 Year,35,13,33641,2,0.739,6,0
7130ac3a,Finance,124,1174.87,Month-to-Month,22,52,10646,1,0.295,19,1
ab2eb9bb,Technology,10,389.74,Month-to-Month,78,3,4359,2,0.688,29,0
a3f97561,E-commerce,231,1265.1,1 Year,6,93,29201,0,0.636,5,0
360129a0,E-commerce,116,1641.19,Month-to-Month,69,61,147201,1,0.692,4,0
05f68880,Healthcare,96,549.85,1 Year,13,54,64018,3,0.409,10,0
4a757300,E-commerce,155,1594.87,Month-to-Month,19,65,13361,0,0.616,62,1
f4cb258b,E-commerce,31,50.0,Month-to-Month,4,8,31052,1,0.503,0,0
406f3bab,E-commerce,68,369.34,Month-to-Month,19,25,79838,2,0.809,4,0
f0b94ef4,Technology,55,459.43,2 Year,23,12,10871,4,0.583,6,0
a2de4206,Finance,53,568.42,Month-to-Month,120,19,11388,3,0.48,39,1
fd5dfcd9,Finance,19,176.54,2 Year,89,9,9985,0,0.402,17,0
3cd05d6a,Technology,8,79.01,1 Year,82,2,46753,1,0.775,3,0
c287e7c2,Manufacturing,32,50.0,Month-to-Month,11,12,1468,1,0.796,15,0
1baa275a,Healthcare,30,1466.02,Month-to-Month,114,9,44290,3,0.985,2,0
a8542c1c,E-commerce,18,295.99,Month-to-Month,15,10,87254,1,0.536,8,0
60a857e7,Finance,195,2168.78,1 Year,46,85,76312,1,0.397,0,0
06fa52c1,Healthcare,9,50.0,1 Year,6,4,54955,4,0.575,5,0
bbde5692,Finance,42,50.0,1 Year,17,18,12390,6,0.46,14,0
532650dc,Healthcare,314,3215.52,Month-to-Month,82,149,84754,2,0.474,3,0
6f9a4189,Technology,213,2274.64,Month-to-Month,71,108,157871,1,0.695,13,0
883d88c3,E-commerce,338,4030.9,1 Year,28,136,10153,1,0.818,3,0
dd526e83,Healthcare,22,1258.81,2 Year,39,7,120579,1,0.683,0,0
68a07e6d,Healthcare,177,2508.51,2 Year,5,54,95862,2,0.623,23,0
8da4e9d1,Technology,11,50.0,1 Year,31,6,193833,1,0.764,5,0
8e3e08d8,Finance,36,129.79,Month-to-Month,24,17,19229,2,0.555,13,0
5e414843,E-commerce,41,577.91,Month-to-Month,3,7,135959,1,0.89,9,0
944c8b45,Finance,23,50.0,Month-to-Month,3,8,9893,1,1.0,11,0
b13b67fc,E-commerce,31,288.09,1 Year,3,13,9629,5,0.474,7,0
00467c3b,Finance,26,50.0,Month-to-Month,31,14,5657,0,0.842,7,0
c5d5c9ce,Healthcare,12,577.11,1 Year,4,3,27910,1,0.842,20,0
69053968,Finance,197,1032.27,2 Year,16,87,612,2,0.705,8,0
a2d8cc7f,Finance,41,50.0,Month-to-Month,11,14,24010,1,0.857,16,0
80e34dd6,E-commerce,73,222.66,2 Year,20,20,49165,3,0.671,5,0
b70e693a,E-commerce,69,641.23,Month-to-Month,30,36,4074,3,0.73,36,0
6e746f58,Finance,59,50.0,Month-to-Month,28,17,85318,1,0.616,0,0
86cf2fcc,Healthcare,62,89.8,2 Year,18,30,17316,2,0.628,4,0
46950555,E-commerce,34,914.47,2 Year,15,8,2378,2,0.727,1,0
ab51b5e6,E-commerce,458,4523.82,1 Year,13,160,23469,1,0.684,3,0
4713d2f5,Manufacturing,170,1916.77,2 Year,48,77,7450,1,0.391,1,0
d7af0df2,E-commerce,56,50.0,2 Year,10,26,79305,1,0.702,6,0
0096c875,E-commerce,27,243.08,1 Year,8,11,20323,2,0.551,0,0
ccebdf61,E-commerce,45,382.07,1 Year,33,22,6222,3,0.489,8,0
17de6799,Manufacturing,102,622.36,Month-to-Month,11,37,30225,1,0.794,27,0
a90ac74c,Technology,517,5144.46,Month-to-Month,46,278,30071,1,0.413,1,0
56f150e2,Finance,6,50.0,1 Year,10,2,16121,3,0.546,10,0
c0d3e755,Finance,146,1679.3,1 Year,30,69,19800,2,0.387,3,0
6a0d732c,Finance,295,2750.25,Month-to-Month,2,128,73232,0,0.52,1,0
d3ad0631,E-commerce,5,50.0,Month-to-Month,12,2,50905,2,1.0,18,0
564cf096,Technology,41,835.88,2 Year,11,12,12081,0,0.447,6,0
34aa8ab1,E-commerce,11,326.02,1 Year,41,3,148003,1,0.57,0,0
1cfb8ced,Healthcare,104,880.83,2 Year,82,35,18172,4,0.878,7,0
9b3dadc5,Technology,31,50.0,2 Year,15,13,38118,1,0.688,38,0
8230fc85,Technology,44,1104.33,1 Year,42,15,42328,1,0.572,16,0
e34d3823,Finance,29,50.0,Month-to-Month,29,10,12018,0,0.461,8,0
d9aaa377,E-commerce,160,1914.68,Month-to-Month,83,62,17210,0,0.735,30,0
b4212a31,E-commerce,76,50.0,Month-to-Month,40,41,32763,1,0.535,16,0
5590af6b,Technology,77,1228.94,1 Year,2,35,14807,1,1.0,5,0
8246d515,Technology,69,1195.3,Month-to-Month,30,17,18237,4,0.543,6,0
ba42de78,E-commerce,128,323.69,2 Year,19,53,47485,3,0.938,26,0
9828aa20,E-commerce,36,584.67,1 Year,1,13,66166,0,0.776,0,0
ea60d6b1,Technology,700,7183.25,Month-to-Month,7,264,80717,2,0.774,3,0
f87b92fc,E-commerce,8,431.52,1 Year,62,3,6489,2,0.568,5,0
08355cb9,Finance,5,232.62,Month-to-Month,63,2,66779,0,0.508,2,0
3b23ef13,Technology,5,50.0,Month-to-Month,39,1,137730,1,0.548,1,0
951fb98d,Finance,5,50.0,Month-to-Month,97,2,43462,3,0.809,6,0
bfa6164b,Finance,149,2322.32,Month-to-Month,40,63,46403,2,0.705,8,0
69e5564c,Technology,124,686.09,2 Year,1,46,155415,3,0.227,6,0
a72ba30d,Technology,334,3501.43,1 Year,9,112,101793,0,0.342,5,0
5fc3ec8b,E-commerce,11,685.63,1 Year,1,3,40784,3,0.573,12,0
28f32202,Finance,167,1174.62,1 Year,3,59,72589,2,0.707,13,0
f2d48acf,Finance,59,50.0,1 Year,6,27,9977,0,0.554,1,0
ffa0a01c,Finance,70,66.95,1 Year,17,25,26646,3,0.499,0,0
c0c99de3,Finance,139,1587.49,2 Year,46,54,62835,3,0.403,0,0
3bd826b6,Technology,17,50.0,Month-to-Month,48,4,17024,0,0.783,13,0
a9c66f0c,Finance,2646,26392.32,2 Year,23,932,30247,2,0.62,0,0
181c9bcb,E-commerce,402,4705.64,1 Year,64,170,9481,1,0.936,37,0
8fd1ca2d,Finance,24,214.35,Month-to-Month,17,5,114042,3,0.34,12,0
433cd084,Manufacturing,10,50.0,Month-to-Month,53,5,113009,4,0.738,9,0
5a913dd2,Finance,47,532.7,2 Year,15,16,32538,2,0.71,0,0
e299cf7c,Healthcare,71,675.66,2 Year,8,40,10659,2,0.769,0,0
94fb29e4,Healthcare,270,2926.33,Month-to-Month,60,119,56848,2,0.765,6,0
11b15983,E-commerce,9,899.57,Month-to-Month,12,1,12010,0,0.499,4,0
2c40a5f0,E-commerce,83,1028.38,Month-to-Month,17,35,12977,3,0.564,3,0
a9393d31,E-commerce,5,1066.89,Month-to-Month,10,1,178860,4,0.633,1,0
5b4cee28,E-commerce,105,1277.65,Month-to-Month,27,45,5242,1,0.399,3,0
7358675d,Healthcare,46,76.33,Month-to-Month,120,25,23840,3,0.806,10,0
8eb17c4d,E-commerce,997,11114.15,Month-to-Month,1,469,40469,1,0.105,5,0
36658d75,E-commerce,5,50.0,Month-to-Month,56,1,5702,2,0.368,3,0
fb09f1af,Healthcare,426,3732.55,2 Year,1,110,1986,2,0.264,25,0
1faf3666,Healthcare,5,1211.86,Month-to-Month,11,2,39081,0,0.82,4,0
f533f4ec,Healthcare,7,50.0,1 Year,5,3,6083,3,0.643,24,1
ed562f09,Healthcare,5,50.0,1 Year,34,2,14462,1,0.493,0,0
b79647a6,E-commerce,79,514.26,2 Year,2,30,34385,0,0.619,17,0
fdaea5f8,Finance,9,172.31,Month-to-Month,20,3,21347,0,0.653,7,0
42ea6545,Finance,7,535.43,Month-to-Month,9,2,61989,1,0.352,7,0
fb07ddd1,Finance,74,50.0,2 Year,4,30,164109,1,0.629,9,0
c90ed0ef,Manufacturing,107,1533.25,2 Year,36,26,69957,3,0.878,10,0
7fcc93ff,Technology,57,292.73,1 Year,6,24,587068,2,0.913,17,0
1ac3f64d,Finance,42,213.55,Month-to-Month,7,18,24625,1,0.771,0,0
1bf56887,Finance,848,9337.6,Month-to-Month,8,296,18209,2,0.652,3,0
9b1acfc7,Finance,67,776.65,Month-to-Month,22,30,11950,3,0.785,6,0
961eb5b3,E-commerce,182,2043.85,Month-to-Month,26,88,108088,3,0.741,33,0
66ed9d72,Healthcare,67,645.72,Month-to-Month,1,36,24709,1,0.375,0,0
727c00e5,E-commerce,10,481.82,Month-to-Month,7,2,62056,4,0.417,5,1
05c0ca29,E-commerce,124,2049.01,Month-to-Month,14,57,56162,4,0.727,15,0
6259b8d1,Technology,20,50.0,1 Year,10,10,2938,4,0.466,26,0
652c121a,Finance,47,1012.31,1 Year,52,17,105865,3,0.395,16,0
701fb344,Technology,86,1633.52,Month-to-Month,38,46,33328,0,0.858,37,0
bd17826c,Technology,5,300.53,2 Year,24,1,12651,3,0.613,7,0
15bc732a,Healthcare,5,50.0,1 Year,10,2,193369,4,0.587,13,0
8de31d3a,Finance,213,1553.86,Month-to-Month,29,48,69950,1,0.359,21,1
6fc68069,Finance,20,1380.92,Month-to-Month,45,4,47951,4,0.51,5,0
c6abd300,Finance,21,50.0,Month-to-Month,22,5,222734,2,0.531,0,0
cea67d14,Finance,70,1458.82,1 Year,37,37,70649,8,0.419,0,0
57ecf632,E-commerce,30,495.26,Month-to-Month,34,9,6456,1,0.357,25,1
eb86e4d5,E-commerce,102,2042.92,Month-to-Month,21,32,236350,2,0.95,0,0
46d571b4,Manufacturing,50,340.87,Month-to-Month,9,22,45515,4,0.882,3,0
218e8e4f,Healthcare,73,50.0,1 Year,33,23,17793,2,0.579,19,0
3d22843e,Manufacturing,19,191.09,Month-to-Month,6,9,85055,2,0.334,5,0
a7b0bc1e,Finance,72,50.0,Month-to-Month,37,42,2455,4,0.255,2,0
f2de0022,Technology,286,4198.53,Month-to-Month,40,50,53118,2,0.51,1,0
39ab3631,Finance,23,544.75,Month-to-Month,42,10,8674,2,0.149,0,0
cee067ba,Healthcare,215,2539.07,Month-to-Month,16,41,4580,0,0.509,10,1
4b89246e,Technology,50,889.39,Month-to-Month,6,13,21846,2,0.196,3,0
161e7b3b,Finance,164,1293.21,Month-to-Month,3,73,22031,1,0.581,0,0
f698187f,E-commerce,66,593.98,Month-to-Month,33,20,45880,1,0.639,0,0
c1beeb04,E-commerce,51,565.18,Month-to-Month,53,21,41670,2,0.563,19,0
dc5d4956,E-commerce,92,1891.94,Month-to-Month,26,37,58229,1,1.0,1,0
6ad2e5e9,E-commerce,337,2791.45,Month-to-Month,4,79,9564,2,0.559,6,0
86a58388,Technology,77,405.71,Month-to-Month,66,35,102344,3,0.946,4,0
43eab727,Healthcare,111,928.53,Month-to-Month,109,47,97834,2,0.659,2,0
12d2baf3,E-commerce,31,50.0,Month-to-Month,14,12,12184,4,1.0,1,0
22ca80ec,Technology,576,5030.54,Month-to-Month,22,193,32082,3,0.249,10,0
b804dbe4,Healthcare,142,67.65,2 Year,37,62,33473,3,0.384,20,0
5aaac2a9,Healthcare,61,50.0,2 Year,32,16,127066,5,0.543,9,0
69c9de66,Technology,45,999.51,Month-to-Month,83,13,118020,2,0.921,4,0
8db7e4eb,E-commerce,236,2355.89,Month-to-Month,3,101,3492,2,0.552,3,0
00f8276f,E-commerce,21,627.77,2 Year,21,10,158539,4,0.464,4,0
a6224d81,Healthcare,5,50.0,1 Year,29,1,3551,2,0.721,4,0
57e1926a,E-commerce,60,550.83,2 Year,53,26,39877,3,0.781,7,0
a709c185,Healthcare,325,4056.58,2 Year,50,136,18668,2,0.447,4,0
99f9e8de,E-commerce,594,6716.36,2 Year,92,262,24752,1,0.462,8,0
82f67e66,Technology,46,930.99,Month-to-Month,18,15,49270,1,0.939,1,0
558d1e36,Finance,58,681.21,Month-to-Month,43,22,43831,2,0.85,3,0
d62f0b59,E-commerce,119,1448.98,Month-to-Month,14,47,9165,4,0.903,12,0
702421e0,Manufacturing,36,545.32,1 Year,14,19,174965,1,0.788,14,0
d47cce06,E-commerce,118,1096.54,1 Year,8,34,1455,2,0.429,11,0
fb62be9c,Technology,48,277.82,Month-to-Month,41,12,21032,4,0.593,4,0
11e8f615,E-commerce,248,3041.18,Month-to-Month,103,173,80817,2,0.388,5,0
57da03f7,Technology,161,962.19,1 Year,8,69,95169,1,0.795,2,0
5b022edc,Healthcare,184,2583.68,Month-to-Month,2,83,79799,1,0.491,33,1
d20e8069,Healthcare,40,262.28,1 Year,41,18,23300,0,0.258,20,0
a2d898e1,Finance,981,9152.97,1 Year,24,468,55950,2,0.623,28,0
9c45c21c,E-commerce,112,847.25,Month-to-Month,78,54,72259,0,0.825,8,0
0cadb17c,Technology,79,352.8,Month-to-Month,7,37,43132,2,0.325,6,0
356afdf6,Finance,17,50.0,2 Year,2,8,56818,3,0.575,20,0
fdcc0f2d,E-commerce,47,173.02,Month-to-Month,17,19,40329,0,0.489,5,0
e8402d9f,Technology,64,323.15,2 Year,3,32,2825,4,0.798,3,0
0161effc,E-commerce,16,50.0,2 Year,8,9,15961,1,0.191,6,0
8103b080,Finance,35,317.61,1 Year,4,14,60642,1,0.827,1,0
746fb933,E-commerce,42,801.93,1 Year,7,18,13822,3,0.459,14,0
fb4e369c,Finance,59,467.52,Month-to-Month,3,20,30391,1,0.568,5,0
e906f390,Healthcare,5,213.01,2 Year,74,1,38244,2,0.772,10,0
a99be9d2,Manufacturing,44,443.77,Month-to-Month,8,19,55580,2,0.896,8,0
df483775,Healthcare,30,570.29,1 Year,15,10,14997,1,0.61,8,0
2b4f085e,Healthcare,52,543.34,Month-to-Month,55,21,45219,1,0.455,26,0
f1d5ec65,Technology,257,2246.59,2 Year,28,111,45380,1,0.494,0,0
dba62b21,Finance,1186,11400.9,2 Year,24,654,93224,2,0.833,9,0
94687d6a,E-commerce,151,1615.11,1 Year,30,47,40153,3,0.423,3,0
60915882,Finance,8,716.69,Month-to-Month,43,3,17483,0,0.666,1,0
98e593ea,Finance,32,205.44,Month-to-Month,51,10,36980,4,0.601,0,0
d896da3e,Finance,133,979.57,Month-to-Month,25,63,5673,2,0.752,17,0
7d0dd1db,Finance,112,991.91,1 Year,53,54,46792,1,0.607,5,0
fc3d84dc,E-commerce,240,2119.3,1 Year,19,136,123924,2,0.513,12,0
74bb9ee6,Technology,47,136.51,1 Year,8,16,37730,0,0.499,26,0
142d8b08,E-commerce,31,50.0,2 Year,51,12,17277,3,0.495,19,0
789230cc,Manufacturing,756,7437.8,Month-to-Month,19,363,26003,0,0.324,2,0
4175d9a6,Healthcare,59,707.89,2 Year,57,27,116066,0,0.701,10,0
58cbb1e0,E-commerce,11,50.0,Month-to-Month,1,1,83850,2,0.642,3,0
a269b13d,E-commerce,499,4550.83,Month-to-Month,13,165,81272,4,0.307,0,1
636e81ab,Manufacturing,5,50.0,1 Year,71,2,41514,3,0.519,23,0
83ba774b,Healthcare,5,50.0,2 Year,7,1,25243,2,0.545,12,0
22d336f0,E-commerce,173,1252.2,Month-to-Month,69,83,7103,1,0.483,18,0
1f425b87,Technology,214,2041.07,Month-to-Month,74,107,185687,0,0.576,3,0
a3f7d826,Finance,101,338.97,2 Year,52,38,9867,2,0.579,3,0
a1417587,Technology,7,50.0,2 Year,20,3,14525,1,0.779,2,0
1231f1c8,Healthcare,49,138.27,2 Year,25,26,72251,2,0.599,3,0
fc47f253,Technology,35,50.0,Month-to-Month,49,17,21596,1,0.719,1,0
69290277,Manufacturing,24,428.6,1 Year,36,7,43837,1,0.322,13,0
ce11d3ba,E-commerce,454,4219.94,2 Year,24,173,71698,2,0.388,35,0
711e5c16,E-commerce,11,50.0,1 Year,97,4,40610,0,0.325,23,0
73ce2b42,Healthcare,87,1519.0,Month-to-Month,28,26,33737,2,0.521,1,0
803462e4,Manufacturing,327,2809.97,1 Year,90,165,2601,2,0.611,2,0
51268cc9,E-commerce,96,1742.94,Month-to-Month,2,32,33438,2,0.934,4,0
dc30ec07,Healthcare,351,3336.1,Month-to-Month,4,136,30350,2,0.434,2,0
dfb7ebb9,E-commerce,127,701.93,Month-to-Month,15,64,106226,3,0.77,11,0
8cdcc226,E-commerce,103,753.03,1 Year,12,36,29655,1,0.434,13,0
29f6ccc1,Healthcare,94,974.39,Month-to-Month,37,34,49704,4,0.605,14,0
0535b317,Finance,137,1997.25,2 Year,5,59,74302,2,0.57,8,0
542042be,Healthcare,30,699.41,Month-to-Month,90,10,31528,3,0.415,2,0
d7f44fdb,E-commerce,7,101.95,Month-to-Month,10,3,15113,3,0.431,1,0
fc81b573,E-commerce,228,2909.98,2 Year,14,70,112193,2,0.919,6,0
003e7881,E-commerce,311,2169.48,1 Year,8,53,112937,3,0.493,21,0
29c294fd,Technology,79,914.72,Month-to-Month,21,38,115047,4,0.8,3,0
8e440f71,Technology,23,384.97,2 Year,2,8,15926,3,0.736,3,0
e39ebfee,E-commerce,5,211.07,1 Year,4,1,18950,4,0.478,12,0
c58b8aa5,Healthcare,62,50.0,1 Year,33,27,125539,1,0.599,4,0
e73a9fe9,E-commerce,7,50.0,2 Year,5,3,6721,1,0.624,20,0
8a6d0c35,E-commerce,5,50.0,Month-to-Month,7,1,53338,2,0.697,20,1
d19772a1,E-commerce,52,1077.4,Month-to-Month,38,26,17288,2,0.519,23,1
32295575,E-commerce,17,1127.63,2 Year,3,8,63882,2,0.299,14,0
d9583eeb,Finance,91,577.78,Month-to-Month,14,54,89687,3,0.46,0,0
28756c58,Manufacturing,42,50.0,2 Year,1,14,26222,4,0.833,7,0
32fa7620,Healthcare,21,617.88,Month-to-Month,11,8,8194,3,0.594,6,0
11387a40,E-commerce,5,1357.19,Month-to-Month,29,2,65882,2,0.516,6,0
f5c910dc,Healthcare,15,703.47,Month-to-Month,3,5,2867,1,0.305,10,1
1d13e390,Manufacturing,16,50.0,1 Year,53,7,755,0,0.847,13,0
d0e19f65,Healthcare,8,1510.57,Month-to-Month,58,3,104855,0,0.559,7,0
23608257,Healthcare,33,673.4,Month-to-Month,3,14,84860,2,0.817,14,0
8fd35033,Finance,9,50.0,2 Year,113,3,43608,7,0.736,2,0
fbc566a4,Finance,42,1387.15,2 Year,9,15,54737,0,0.759,10,0
474cbe06,Finance,78,345.0,Month-to-Month,3,26,152460,2,0.932,9,0
f8523337,E-commerce,15,50.0,Month-to-Month,1,4,3241,1,0.624,4,0
c42127fa,E-commerce,103,1393.31,Month-to-Month,13,40,12205,0,0.573,7,0
28d3d0ac,Healthcare,7,57.55,2 Year,24,3,65319,4,0.913,45,0
7310c033,Finance,10,118.5,1 Year,10,6,15328,5,0.767,12,0
ce837f7b,Technology,46,479.35,2 Year,44,24,11613,2,0.459,5,0
fa51469b,E-commerce,153,2087.24,2 Year,31,54,29188,4,0.809,12,0
31e43547,Technology,200,837.8,1 Year,11,88,64313,1,0.903,4,0
7523429d,E-commerce,613,6272.26,Month-to-Month,32,119,11819,0,0.14,3,0
711d77d3,Finance,31,164.9,Month-to-Month,68,11,28066,3,0.351,6,0
8c01f189,Healthcare,45,73.75,2 Year,3,16,36575,5,0.438,5,0
5151a338,Finance,11,50.0,1 Year,9,6,9450,1,0.745,30,0
5d206de5,Technology,8,50.0,2 Year,15,3,32388,1,0.758,38,0
2a0954a5,Manufacturing,76,360.79,2 Year,17,30,100449,2,0.704,3,0
489ce8fe,E-commerce,17,815.23,Month-to-Month,19,6,68533,4,0.775,0,0
d1130877,Healthcare,346,3876.03,Month-to-Month,9,128,35003,2,0.378,2,0
c4dc702c,Healthcare,6,50.0,1 Year,27,2,6692,2,0.359,26,0
1477869e,Finance,113,424.37,Month-to-Month,25,37,1181,1,0.851,1,0
441e4582,E-commerce,12,530.93,Month-to-Month,21,5,3480,0,0.621,9,0
f6742081,Healthcare,15,804.92,Month-to-Month,3,8,69358,2,0.842,0,0
1092c9a6,Manufacturing,122,1737.1,2 Year,16,50,60932,1,0.46,7,0
5417a89c,Finance,19,50.0,2 Year,11,7,68533,0,0.389,5,0
fa056bb9,Manufacturing,25,50.0,Month-to-Month,17,9,18351,1,0.346,12,0
dc142002,Technology,16,987.96,1 Year,62,8,4711,2,0.76,7,0
54af8ae6,Technology,794,7335.36,1 Year,16,328,62646,3,0.826,6,0
ac31b2b9,E-commerce,21,449.11,1 Year,1,7,127852,0,0.708,9,0
21b50b4c,E-commerce,58,50.0,1 Year,14,27,30091,2,0.503,12,0
b3710281,E-commerce,40,249.84,Month-to-Month,42,13,72262,2,0.727,10,0
56c17c9f,E-commerce,76,1052.58,Month-to-Month,37,28,65111,5,0.722,21,1
62a5565c,E-commerce,21,195.02,Month-to-Month,18,8,96101,2,0.195,1,0
74c09336,Manufacturing,40,661.96,2 Year,7,12,1439,1,0.53,31,0
df4e2c2d,Technology,98,366.9,1 Year,16,21,155394,4,0.656,11,0
a4770d28,Technology,14,50.0,2 Year,20,6,100256,2,0.822,2,0
a26666c9,Technology,279,3030.91,Month-to-Month,120,50,104567,0,0.583,5,0
02eb5f8f,Finance,323,3578.44,1 Year,25,99,280690,3,0.63,3,0
c223b3cc,Healthcare,135,1459.91,1 Year,29,64,51009,2,0.587,12,0
335a65c5,E-commerce,60,1073.53,1 Year,17,26,4260,5,0.653,54,0
026f232f,E-commerce,5,50.0,Month-to-Month,11,1,86522,3,0.326,20,1
449710f3,Technology,103,796.9,Month-to-Month,41,31,7244,4,0.479,19,0
f7de26f0,E-commerce,30,1211.34,Month-to-Month,17,10,66950,4,0.154,5,0
e4f933e5,E-commerce,37,1011.73,2 Year,120,16,27584,4,0.512,5,0
33b88121,E-commerce,5,366.82,1 Year,15,1,331,3,0.699,2,0
628a36bf,Healthcare,114,1062.32,Month-to-Month,2,31,28615,2,0.442,4,1
830e03f9,E-commerce,6,577.41,Month-to-Month,28,1,79644,3,0.55,9,0
105cc320,Technology,65,864.57,Month-to-Month,2,23,4572,0,0.678,18,1
b9e80708,Finance,212,1361.28,1 Year,7,92,110,0,1.0,0,0
70d10da8,E-commerce,27,767.88,1 Year,11,11,30143,0,0.584,29,0
7bf6add0,E-commerce,338,2946.98,2 Year,33,93,74,1,0.744,2,0
31510c51,Finance,17,549.84,1 Year,17,9,136468,2,0.563,2,0
7746593c,Healthcare,134,532.01,Month-to-Month,1,43,87109,4,0.671,5,0
eb1e8397,Manufacturing,7,869.51,Month-to-Month,24,3,49728,1,0.594,10,0
ac5ed8cb,Finance,256,2422.55,Month-to-Month,13,78,873,1,0.516,8,0
029b8a13,Finance,203,1475.33,Month-to-Month,62,131,42177,1,0.559,2,0
4e8129aa,Finance,110,755.75,1 Year,17,58,55598,1,0.849,31,0
069c2ad1,E-commerce,30,131.58,Month-to-Month,30,9,44269,2,0.658,9,0
7eea9543,E-commerce,6,57.12,Month-to-Month,6,2,146770,4,0.361,17,0
3c5b14b5,E-commerce,30,959.07,1 Year,35,8,88994,1,0.515,24,0
4ac488a9,Healthcare,288,2915.07,Month-to-Month,31,104,22713,2,0.422,5,0
40d9dc98,Technology,66,50.0,Month-to-Month,57,29,59339,6,0.785,2,0
8e75cf30,Finance,5,50.0,1 Year,1,2,30915,3,0.448,10,0
77a865da,Finance,10,1478.77,2 Year,15,2,131796,1,0.772,4,0
fec5b17b,E-commerce,357,3637.69,Month-to-Month,28,116,48133,2,0.795,4,0
e4edb152,Finance,113,1605.4,1 Year,3,55,43622,4,0.629,1,0
82bd8c3d,Technology,8,50.0,1 Year,13,4,34727,1,0.709,17,0
b67ad9db,Manufacturing,5,50.0,1 Year,69,1,23719,2,0.5,15,0
53b67ccc,Finance,21,50.0,1 Year,14,10,8011,1,0.77,10,0
4d552460,Technology,5,114.16,2 Year,102,1,16005,3,0.352,4,0
723bdd84,Technology,43,199.88,Month-to-Month,2,15,20210,0,0.507,34,1
cc3c7e09,Manufacturing,2159,22549.23,Month-to-Month,31,616,8362,5,0.538,4,0
70b61ea5,Finance,5,50.0,1 Year,21,1,83755,1,0.797,9,0
f7762d4b,E-commerce,41,50.0,2 Year,17,24,111,2,0.941,1,0
c2f5576b,Finance,390,4304.4,Month-to-Month,85,153,123711,4,0.509,1,0
30276821,Technology,167,2136.0,1 Year,4,62,6864,2,0.581,31,0
1e3aa275,Healthcare,43,444.99,Month-to-Month,55,14,2615,2,0.364,12,0
2ef0bb58,E-commerce,43,128.93,2 Year,29,15,266823,2,0.583,0,0
2d2b618e,Finance,9,50.0,1 Year,8,2,424885,2,0.82,10,0
1c53c85d,Finance,36,970.36,Month-to-Month,56,14,10644,0,0.241,0,0
cd6e2e2c,E-commerce,78,1214.28,1 Year,14,30,7181,2,0.604,13,0
5c7a4a8d,Technology,286,2640.06,1 Year,41,101,11018,1,0.744,0,0
a0b0bf52,E-commerce,21,239.79,Month-to-Month,12,7,35802,2,0.611,4,0
cd600938,Technology,41,296.66,2 Year,46,17,19370,1,0.562,4,0
61b3283d,Finance,13,944.37,Month-to-Month,25,4,20501,1,0.775,8,0
7d87fddb,E-commerce,76,241.04,Month-to-Month,4,28,82923,2,0.438,2,1
2dd3467f,E-commerce,176,1449.97,1 Year,26,62,110452,4,0.444,11,0
f82bb514,Healthcare,140,1041.64,2 Year,6,25,175046,4,0.231,7,0
5cccfb10,E-commerce,9,245.08,Month-to-Month,13,4,36153,1,0.665,4,0
45fd1146,E-commerce,68,708.06,1 Year,5,14,14127,3,0.644,14,0
98ca2a97,E-commerce,19,290.03,Month-to-Month,1,4,40474,4,0.485,9,0
8d46d024,Technology,248,2039.7,2 Year,6,121,102416,2,0.421,22,0
73dacd75,E-commerce,42,1162.45,Month-to-Month,19,12,1569,3,0.591,7,0
9a446e68,Healthcare,5,50.0,1 Year,16,1,121092,0,0.619,3,0
1c8b0928,Healthcare,39,983.79,1 Year,17,20,12844,4,0.36,0,0
15f463b2,E-commerce,108,2649.56,Month-to-Month,7,36,18589,1,0.211,8,0
66c08cd1,Finance,78,343.33,Month-to-Month,28,40,22632,1,0.255,23,0
8ba83946,Healthcare,25,421.19,Month-to-Month,30,7,122531,0,0.309,1,0
4c550cba,E-commerce,22,154.2,2 Year,11,5,9679,2,0.359,37,0
6cd59631,E-commerce,12,1135.44,Month-to-Month,52,4,12616,2,0.583,10,0
c3050081,Finance,30,159.67,2 Year,25,8,65671,1,0.617,2,0
0df52fbb,Technology,15,274.35,Month-to-Month,30,6,136428,3,0.566,29,0
2539a44e,E-commerce,233,2443.43,Month-to-Month,8,108,5531,2,0.672,45,0
a5d357b0,Finance,14,89.8,2 Year,1,6,36933,0,0.68,0,0
341d0bc5,Technology,65,1027.74,1 Year,49,23,122938,3,0.666,30,0
5385858b,E-commerce,59,636.7,1 Year,42,31,108617,1,0.618,3,0
d0bd7c82,E-commerce,225,2490.93,2 Year,4,69,148267,0,0.389,13,0
e851a8f9,E-commerce,279,2896.8,2 Year,12,115,116192,4,0.333,3,0
26503733,Healthcare,155,1247.73,Month-to-Month,26,59,18895,1,0.488,6,0
5d9b824c,E-commerce,92,785.52,Month-to-Month,26,54,11660,2,0.827,3,0
2d36a30a,Finance,11,387.71,Month-to-Month,48,5,115872,1,1.0,12,0
60ebb1e1,Manufacturing,10,375.68,2 Year,4,4,62231,2,0.711,16,0
b951c9f6,Technology,15,772.5,Month-to-Month,14,6,23782,2,0.672,13,0
68d906e5,E-commerce,168,2609.62,1 Year,3,92,62402,3,0.813,31,0
a28b54ae,Finance,60,339.47,2 Year,12,19,18350,1,0.903,1,0
ec9fb995,Finance,200,2067.44,1 Year,1,39,43535,2,0.416,8,0
8764c6d2,Finance,245,2353.3,Month-to-Month,55,74,13285,1,1.0,29,0
3a72c3a4,E-commerce,18,50.0,Month-to-Month,18,6,41247,3,0.918,6,0
77382829,Finance,57,852.28,Month-to-Month,46,30,128302,0,0.327,21,1
dea07f5c,E-commerce,53,918.92,Month-to-Month,2,26,73797,1,0.4,0,0
52de7aae,Finance,33,50.0,Month-to-Month,7,13,53365,3,1.0,29,0
54a5f465,Manufacturing,24,52.75,Month-to-Month,8,10,14119,2,0.807,0,0
49151a56,Healthcare,322,2983.96,2 Year,12,105,3273,4,0.481,0,0
af9ec6bb,Manufacturing,59,50.0,2 Year,39,35,61992,1,0.616,4,0
5176ec83,Manufacturing,55,531.81,2 Year,12,28,42912,3,0.751,18,0
4c78ea3e,E-commerce,16,50.0,Month-to-Month,6,6,11951,4,0.778,0,0
b2862093,Technology,150,1579.5,2 Year,2,58,136484,3,0.874,26,0
4d274533,E-commerce,12,254.56,1 Year,2,5,40150,1,0.648,2,0
1274a381,E-commerce,108,1276.51,2 Year,35,42,42415,1,0.656,0,0
e97d506e,Finance,112,1340.66,2 Year,15,24,17745,3,0.527,8,0
841a4dfb,Finance,29,1055.47,2 Year,32,16,105757,1,0.414,17,0
eaf165cb,E-commerce,87,465.68,Month-to-Month,28,44,111000,2,0.405,35,0
7c30b30f,E-commerce,72,340.76,1 Year,4,31,62789,2,0.571,2,0
3427188c,E-commerce,51,837.58,1 Year,4,18,5227,0,0.669,18,0
a24b96ec,Finance,55,484.01,Month-to-Month,34,22,4408,3,0.309,1,0
9e0d8017,Finance,59,1152.66,Month-to-Month,31,8,31685,1,1.0,13,0
dbfe5099,Healthcare,66,940.84,Month-to-Month,12,19,7663,4,0.461,0,0
b8bb10f4,Healthcare,59,1549.06,2 Year,2,34,20167,1,0.429,4,0
520f5d3e,Finance,10,54.34,2 Year,1,4,9397,3,0.594,16,0
d308ca54,Healthcare,43,50.0,1 Year,9,8,18561,1,0.126,1,0
f9d73625,Healthcare,81,980.33,1 Year,1,25,143158,1,0.672,9,0
cb4a07d2,Technology,63,594.16,Month-to-Month,7,13,69992,0,0.402,17,1
885df88f,Healthcare,228,2547.24,1 Year,14,73,7442,1,0.216,2,0
77053b72,E-commerce,138,1711.3,Month-to-Month,4,52,55269,3,0.629,16,1
f86ac577,Finance,14,50.0,Month-to-Month,3,7,1549,3,0.628,3,0
a905713b,Technology,42,50.0,2 Year,55,20,205599,0,0.989,5,0
6db51401,E-commerce,34,267.03,1 Year,22,12,37931,2,0.636,13,0
8ea594be,Finance,54,50.0,1 Year,66,20,35201,4,0.634,17,0
fbcbf9fc,E-commerce,54,580.33,Month-to-Month,11,17,13743,3,0.608,3,0
a4cec52d,Finance,136,1156.28,Month-to-Month,28,69,30609,1,0.084,2,0
5f779759,E-commerce,71,1140.84,1 Year,6,36,37352,3,0.615,8,0
80f8b619,Healthcare,345,2457.08,Month-to-Month,24,91,53676,1,0.59,8,0
94a4bb98,Manufacturing,78,783.17,Month-to-Month,4,17,2349,3,0.571,0,0
d0b57c5d,E-commerce,15,938.11,Month-to-Month,1,5,20940,1,0.433,8,0
a2a64586,Finance,27,607.7,Month-to-Month,65,10,24469,2,0.713,10,0
2a605c49,Technology,135,1840.34,Month-to-Month,20,57,8075,1,0.405,1,0
30e2b4a3,Finance,5,219.87,Month-to-Month,63,1,13707,1,0.741,16,0
96709f12,Technology,7,50.0,1 Year,10,2,13503,2,0.678,6,0
eef8a8ad,E-commerce,55,633.26,Month-to-Month,10,21,83135,1,0.88,9,0
1ad986c7,Technology,227,2474.24,Month-to-Month,13,73,58113,3,0.507,7,0
845287c3,Healthcare,387,3330.89,2 Year,30,187,128034,3,0.867,6,0
e6dba49b,Technology,39,326.72,Month-to-Month,21,22,18545,1,0.642,3,0
972261d3,Technology,268,1229.46,Month-to-Month,63,92,106710,1,0.585,4,0
25cf141b,Finance,60,432.95,Month-to-Month,1,29,99682,3,0.429,12,1
3a0d27b5,Healthcare,5,50.0,Month-to-Month,30,1,29706,1,0.679,9,0
ee36af99,Finance,53,1231.12,Month-to-Month,10,16,49675,0,0.505,9,0
ba50534f,Manufacturing,21,50.0,1 Year,5,6,45559,1,0.594,16,0
c3ee8e3e,Finance,216,2026.82,Month-to-Month,18,103,18396,4,0.755,7,0
7a42b6b9,E-commerce,52,480.39,Month-to-Month,17,17,15195,2,0.594,3,0
5d966607,Healthcare,8,50.0,Month-to-Month,4,2,9253,4,0.663,9,0
a5a340fa,Finance,5,409.9,Month-to-Month,6,1,90904,3,0.903,15,0
09694494,E-commerce,52,50.0,Month-to-Month,13,24,38127,2,0.713,21,1
f8006cb3,Manufacturing,5,618.29,Month-to-Month,13,2,20652,2,0.464,6,0
031a2166,E-commerce,25,244.06,2 Year,10,13,35666,2,0.519,4,0
fb2aa10d,Technology,77,1420.82,Month-to-Month,4,35,4201,2,0.628,18,1
c08a96fb,E-commerce,11,50.0,2 Year,1,4,5601,0,1.0,5,0
70453dc5,Healthcare,242,1201.89,2 Year,85,110,71221,4,0.333,33,0
aa22fdf5,Finance,325,3104.01,1 Year,69,121,115755,1,0.638,5,0
68b4a119,E-commerce,11,362.96,1 Year,16,4,19302,3,0.873,42,0
62982beb,Manufacturing,34,62.53,2 Year,120,16,26311,0,0.723,1,0
25308e27,Technology,242,2711.92,Month-to-Month,27,76,23398,1,0.574,4,0
b9272ea2,Finance,54,1030.65,Month-to-Month,2,30,32604,1,0.256,3,1
c0dda31d,Finance,6,393.0,Month-to-Month,4,2,26720,3,0.902,50,1
8034d418,Finance,44,491.63,1 Year,60,26,24407,1,0.505,19,0
ee0e3d8d,Manufacturing,15,197.8,Month-to-Month,24,4,53932,4,0.409,13,0
de1f939f,Technology,287,2562.6,2 Year,45,81,15880,3,0.65,24,0
a62417c3,Technology,135,1322.31,Month-to-Month,55,59,142915,1,0.885,24,0
7b03d6f1,Finance,34,50.0,2 Year,15,14,18442,0,0.681,2,0
05a91d62,E-commerce,67,277.64,Month-to-Month,2,23,12076,0,0.527,4,1
72d3a7b2,E-commerce,7,327.18,1 Year,6,1,178610,1,0.65,0,0
a1fdc4bc,Finance,17,50.0,1 Year,2,6,12990,2,0.624,3,0
b34364c5,E-commerce,561,5241.22,Month-to-Month,6,236,38466,2,0.506,12,0
ad2d4d65,Healthcare,59,814.62,2 Year,13,15,19943,1,0.613,12,0
4ad4fec8,Healthcare,220,2389.95,Month-to-Month,4,78,4032,2,0.435,5,1
4163350b,Technology,77,662.35,Month-to-Month,5,33,152787,3,0.402,1,0
5660321a,Technology,392,3845.53,2 Year,15,187,23441,1,0.711,0,0
6c387864,E-commerce,5,257.97,Month-to-Month,10,1,51756,5,0.521,2,0
4270f0dc,E-commerce,41,894.48,Month-to-Month,16,13,99116,1,0.595,0,0
2be305b9,Finance,643,6530.54,Month-to-Month,14,264,40258,3,0.446,46,1
7f831bc5,Technology,229,1693.98,1 Year,25,86,62388,3,0.487,1,0
fa607fb5,Technology,398,3869.29,1 Year,67,100,76764,1,0.503,16,0
5058bc81,Technology,54,336.43,1 Year,3,19,24026,3,0.483,4,0
d3699345,Technology,24,50.0,1 Year,3,8,49547,0,0.518,9,0
6cc03e26,Finance,11,358.97,Month-to-Month,46,4,11530,5,0.639,7,0
43c1805e,Finance,10,387.43,Month-to-Month,17,3,2846,1,0.878,0,0
4f261a00,E-commerce,183,2193.1,1 Year,35,63,216096,0,0.752,23,0
2b4cb95a,Finance,117,674.54,1 Year,6,44,4858,1,0.533,23,0
2108ad91,Technology,49,568.73,Month-to-Month,43,22,27994,0,0.473,3,0
2c562608,Finance,117,1166.86,Month-to-Month,62,47,3489,3,0.244,1,0
c1a8cd6d,Healthcare,67,823.7,2 Year,25,44,128002,3,0.465,1,0
08f1a0d7,Finance,231,2374.86,2 Year,3,63,5781,2,0.38,18,0
90c1af03,Manufacturing,227,2263.73,1 Year,55,111,77207,2,0.611,8,0
801d9ca2,Finance,11,50.0,Month-to-Month,38,4,62894,0,0.934,4,0
10bbfcd5,E-commerce,82,1373.42,1 Year,34,21,2304,3,0.521,4,0
eae41a12,E-commerce,5,50.0,Month-to-Month,1,1,63875,1,0.309,7,0
f2204f54,Healthcare,66,573.41,1 Year,39,16,174191,1,0.561,3,0
ce6512b6,E-commerce,135,1890.69,1 Year,4,55,36803,1,0.512,0,0
7b86313a,Technology,7,50.0,Month-to-Month,7,2,17089,3,0.852,5,0
f995f3e3,E-commerce,29,50.0,Month-to-Month,21,9,39369,3,0.223,20,1
4947c896,Technology,55,916.97,1 Year,8,16,6449,1,0.402,16,0
98a30e4b,Finance,77,58.04,2 Year,26,38,156135,0,0.752,24,0
15f9b7aa,Healthcare,35,680.32,1 Year,23,13,22732,1,0.286,10,0
4d6a7188,Manufacturing,9,50.0,1 Year,3,3,30532,0,0.715,0,0
b479f36d,Finance,50,705.0,Month-to-Month,26,20,25657,0,0.467,6,0
a045cf1b,E-commerce,5,50.0,1 Year,62,2,1412,1,0.805,0,0
6cd3b08a,Technology,38,972.54,1 Year,5,13,1747,4,0.59,34,0
6af8af49,Finance,28,50.0,Month-to-Month,22,15,41319,2,0.568,11,0
507c4094,Technology,44,802.48,1 Year,11,27,34890,0,0.72,0,0
f328ff96,Healthcare,23,50.0,1 Year,15,12,215236,2,0.604,32,0
30ad7f7f,Finance,5,954.15,1 Year,9,2,15274,7,0.353,4,0
e389b27a,Healthcare,31,274.31,Month-to-Month,11,12,22981,2,0.496,1,0
af16718a,Technology,220,3175.43,Month-to-Month,1,112,220571,2,0.275,13,1
7895779b,Finance,362,3210.56,2 Year,96,117,2453,2,0.427,1,0
4865ed6d,Technology,2119,20968.67,Month-to-Month,24,1210,51449,2,0.172,2,0
c31a4a51,Manufacturing,690,7505.36,Month-to-Month,17,330,5359,1,1.0,0,0
09355864,E-commerce,9,50.0,2 Year,12,3,146309,1,0.595,12,0
d024814f,E-commerce,29,50.0,Month-to-Month,19,12,16990,2,0.707,2,0
faf57525,E-commerce,52,767.53,Month-to-Month,12,24,84126,2,0.433,16,1
13854ec1,Finance,48,50.0,Month-to-Month,11,17,121100,2,0.705,9,0
bf6b353e,E-commerce,60,860.91,2 Year,15,30,93871,2,0.755,4,0
4ee70569,E-commerce,2021,20295.2,Month-to-Month,8,1065,40698,4,0.787,35,0
01e2fbc7,Manufacturing,10,50.0,1 Year,5,3,181373,4,0.583,2,0
2d5453aa,Manufacturing,18,663.88,1 Year,20,6,56444,2,0.803,14,0
372e86ae,Technology,642,5788.78,Month-to-Month,45,250,77123,4,0.478,1,0
b05c1e16,Technology,21,595.64,Month-to-Month,4,5,13993,4,0.675,2,0
84889df5,E-commerce,98,1044.24,Month-to-Month,1,22,27096,2,0.61,1,0
0f13b07f,E-commerce,257,2342.49,2 Year,7,91,45588,1,0.365,27,0
71a0be89,Technology,113,577.3,2 Year,94,34,7880,1,0.234,6,0
fd188a40,Finance,72,884.63,2 Year,43,41,168672,3,0.54,18,0
c0ccdeff,Manufacturing,223,1793.74,Month-to-Month,22,79,5810,2,0.541,0,0
d816720d,E-commerce,14,743.98,Month-to-Month,64,6,65999,5,0.546,8,0
63adfa64,E-commerce,25,872.23,1 Year,15,8,2988,2,0.81,5,0
3e84e99b,Technology,121,2031.02,1 Year,99,69,5414,1,0.875,43,0
abcac78d,Manufacturing,5,190.45,1 Year,9,1,48819,3,0.731,15,0
0e2f49d9,Finance,457,4367.85,2 Year,7,125,30118,2,0.717,26,0
14fd370a,Technology,86,711.55,2 Year,25,40,182,4,0.584,6,0
01f63456,E-commerce,68,494.96,Month-to-Month,12,28,25016,2,0.635,16,1
de915755,Finance,5,174.0,1 Year,24,2,14390,4,0.686,2,0
d80efb99,Technology,7,288.3,1 Year,9,2,102624,2,0.628,12,0
f56156c2,E-commerce,30,915.78,1 Year,24,12,61565,1,0.719,35,0
4abf9f41,E-commerce,183,1840.06,1 Year,8,45,66875,3,0.609,9,0
206fd283,Finance,5,50.0,2 Year,2,2,150744,3,0.501,0,0
99820aed,E-commerce,178,1576.29,1 Year,59,72,61869,2,0.652,4,0
362bb132,E-commerce,31,1087.93,Month-to-Month,52,12,8751,1,0.553,9,0
239e4596,E-commerce,39,50.0,Month-to-Month,85,14,138479,1,0.89,1,0
1f5b4d02,Finance,79,1159.57,2 Year,31,29,6001,1,0.515,5,0
035cb187,Manufacturing,81,614.71,2 Year,28,39,10697,1,1.0,5,0
33c652e7,E-commerce,18,50.0,Month-to-Month,20,5,16783,2,0.928,21,0
5a0d6c3e,Technology,139,1587.81,1 Year,4,65,9624,0,0.373,8,0
844abfb4,E-commerce,5,830.48,Month-to-Month,6,1,924,2,0.85,7,0
4d5df07f,Finance,27,440.22,Month-to-Month,9,5,30731,1,0.575,4,0
4ac73e34,E-commerce,68,548.73,Month-to-Month,54,36,58232,0,0.713,4,0
3aeeb70d,E-commerce,32,50.0,Month-to-Month,5,9,27342,0,0.915,8,0
4f25b09e,E-commerce,5,50.0,Month-to-Month,62,2,13379,0,0.445,1,0
662d2f70,E-commerce,170,1033.93,1 Year,18,63,107237,2,0.507,6,0
c9ac44f7,E-commerce,8,50.0,2 Year,31,3,24575,3,0.751,7,0
8514dcc0,Healthcare,49,458.47,1 Year,3,19,91280,1,0.527,11,0
8a6c9e4d,E-commerce,68,50.0,Month-to-Month,8,34,9831,1,0.155,9,0
6a0ffe41,Finance,56,1254.16,Month-to-Month,77,14,20276,2,0.793,3,0
334e52c1,Healthcare,315,2530.74,Month-to-Month,8,147,81357,1,0.674,7,0
77773fad,Manufacturing,50,407.02,Month-to-Month,9,19,1545,3,0.595,0,0
a122ffdb,E-commerce,103,1296.92,2 Year,6,25,126593,2,0.625,11,0
8cc1710d,E-commerce,50,1154.27,Month-to-Month,4,17,25255,1,1.0,2,0
0f3ce7bf,E-commerce,136,963.92,Month-to-Month,7,32,190794,1,0.803,17,0
5bf3775c,Manufacturing,441,3155.41,Month-to-Month,25,102,60425,0,0.428,12,0
b9bf5adb,E-commerce,67,1209.33,2 Year,15,23,149182,3,0.625,1,0
03e0fafa,Technology,176,1135.25,1 Year,20,91,3425,4,0.837,3,0
4f297ae5,Finance,484,5019.72,1 Year,4,208,64009,2,0.833,13,0
bf5f239e,Manufacturing,418,4390.79,1 Year,39,221,104157,0,0.3,12,0
825b8cdc,Technology,30,50.0,Month-to-Month,37,12,219360,2,0.5,7,0
fbddd6d6,Technology,258,1772.58,2 Year,1,143,1698,3,0.373,3,0
064d20e5,Finance,79,559.59,Month-to-Month,12,43,4340,2,0.728,7,0
74258225,Finance,291,1617.94,1 Year,2,88,65779,6,0.419,47,1
7873f4cb,Finance,128,610.97,Month-to-Month,38,52,1985,0,0.911,5,0
564eeaf6,Finance,82,881.44,Month-to-Month,33,26,571,2,0.859,7,0
8eb45604,Technology,104,995.76,2 Year,56,40,39380,2,0.551,16,0
a2c4340d,Healthcare,80,951.33,1 Year,7,45,37694,4,0.347,0,0
44435e09,Healthcare,84,1064.61,Month-to-Month,15,28,47531,4,0.442,24,1
3de8dc28,Finance,43,50.0,1 Year,5,12,709,2,0.69,18,0
6d5faf21,Finance,37,50.0,Month-to-Month,12,10,34988,4,0.77,7,0
10548345,Finance,768,8060.68,2 Year,18,276,16891,1,0.592,7,0
fe28c826,Technology,111,1872.17,1 Year,2,85,70541,2,0.086,24,1
f91e38f5,E-commerce,23,50.0,Month-to-Month,31,12,21401,4,0.736,12,0
15f74c6b,Healthcare,36,489.45,Month-to-Month,19,4,22049,0,0.196,14,0
ec2cf958,E-commerce,266,3063.54,Month-to-Month,43,105,53099,2,0.176,2,0
c69ce543,E-commerce,18,298.78,1 Year,8,6,54038,3,0.8,0,0
acfce3f2,Healthcare,5,50.0,Month-to-Month,57,2,3003,1,0.363,5,0
ad2e195c,E-commerce,6,50.0,Month-to-Month,120,1,49175,1,0.65,1,0
f9c3f01b,Technology,5,1042.63,2 Year,61,1,53625,3,0.618,5,0
c3ef46bf,Technology,7,118.1,Month-to-Month,37,2,30580,1,0.439,9,0
390dbfab,Technology,9,284.47,Month-to-Month,41,2,87973,0,0.641,9,0
3a81cc47,Healthcare,436,4522.16,Month-to-Month,21,202,457,3,0.49,11,0
a60de933,Manufacturing,50,93.79,Month-to-Month,6,18,172689,4,0.61,1,0
c6920fa8,Technology,31,335.41,1 Year,28,15,23582,5,0.523,2,0
cc79b57a,Manufacturing,6,50.0,1 Year,30,1,45279,5,0.5,11,0
b732adb1,Healthcare,44,269.93,Month-to-Month,102,21,1746,3,0.468,2,0
ac5ffbcd,Manufacturing,5,208.48,Month-to-Month,19,1,61704,3,0.42,2,0
98637a63,Technology,31,50.0,Month-to-Month,8,14,39230,0,0.771,11,0
184f9ddb,Technology,1208,11477.61,Month-to-Month,28,422,161402,1,0.509,12,0
a5c46553,Healthcare,147,1721.36,Month-to-Month,94,71,27454,6,0.374,3,0
272a30c6,Technology,39,124.19,Month-to-Month,5,6,63983,1,0.518,20,1
7398b870,Manufacturing,155,1377.49,Month-to-Month,10,49,3856,1,0.494,18,0
af744ce5,E-commerce,24,50.0,1 Year,19,12,3335,3,0.521,9,0
93a07cfe,E-commerce,16,641.54,Month-to-Month,5,6,148804,3,0.743,17,1
7187e6c2,Manufacturing,703,7292.01,1 Year,1,161,14604,4,0.474,38,0
e22b363d,E-commerce,9,444.03,Month-to-Month,10,2,121745,0,0.524,28,1
43f9c989,E-commerce,32,513.66,1 Year,49,14,4585,3,0.729,1,0
79dc2e05,E-commerce,86,102.02,1 Year,2,27,50769,4,0.689,4,0
a7f7cf3e,Manufacturing,13,244.5,1 Year,14,6,40101,4,0.463,12,0
f33d4b84,Healthcare,144,1135.43,Month-to-Month,35,73,169332,3,0.793,0,0
e375172c,E-commerce,34,50.0,Month-to-Month,74,15,25876,1,0.782,1,0
15e23b03,E-commerce,147,1720.02,2 Year,102,73,2480,1,0.768,5,0
6a93400f,Technology,131,2139.25,Month-to-Month,14,45,32130,2,0.661,0,0
9ad24033,E-commerce,37,1116.67,Month-to-Month,73,20,86916,2,0.565,5,0
1cf721e9,Manufacturing,710,7411.07,2 Year,1,360,2694,1,0.385,4,0
d35cd3b4,Manufacturing,20,184.89,1 Year,33,7,1843,2,0.323,12,0
2e3bd4c3,Healthcare,412,4012.23,2 Year,25,97,86228,0,0.583,0,0
4df63eef,E-commerce,318,2727.75,Month-to-Month,7,51,86856,1,0.603,5,0
1bb4715d,Healthcare,777,7635.13,Month-to-Month,17,387,11155,0,0.548,32,0
baaca661,Finance,70,1154.26,Month-to-Month,4,16,53570,4,0.578,20,1
a12c7435,E-commerce,16,1071.57,1 Year,50,4,3321,0,0.873,12,0
6d590906,Manufacturing,1230,11891.76,Month-to-Month,11,550,72538,2,0.925,38,0
9ff337ac,Technology,33,50.0,Month-to-Month,24,8,18206,3,0.379,0,0
f0bf4687,Healthcare,16,50.0,1 Year,5,10,13101,7,0.658,2,0
4d6f7ae9,Healthcare,41,861.98,Month-to-Month,6,17,56604,1,0.61,1,0
93091372,E-commerce,12,1156.14,1 Year,116,6,121270,1,0.735,14,0
fa30b5c1,E-commerce,120,1855.02,Month-to-Month,34,60,2119,3,0.947,19,0
a40cd476,Finance,22,862.64,Month-to-Month,79,3,7758,3,1.0,10,0
94525c39,Technology,35,50.0,Month-to-Month,9,16,14767,5,0.744,2,0
366b15f3,Manufacturing,233,1919.31,1 Year,5,92,131413,4,0.608,1,0
a9104d67,E-commerce,139,728.1,Month-to-Month,17,54,104843,3,0.527,7,0
0f49faac,Technology,55,217.26,2 Year,17,21,118850,1,1.0,1,0
d531cdda,Finance,70,1157.05,1 Year,5,35,23770,1,0.447,1,0
8dd2266d,Technology,55,1362.24,1 Year,32,31,13174,2,0.765,8,0
90024a4e,E-commerce,28,452.76,2 Year,11,7,10638,2,0.547,1,0
c258c963,Healthcare,54,412.44,Month-to-Month,5,22,106833,2,0.332,24,1
fdc373c3,Manufacturing,114,606.64,1 Year,10,61,13147,3,0.943,2,0
c130f0e8,E-commerce,45,393.74,Month-to-Month,20,17,37840,5,0.252,17,1
430beacf,Technology,102,1121.56,2 Year,32,42,20153,5,0.17,8,0
f9438ace,Finance,15,50.0,1 Year,16,6,34551,3,0.74,1,0
46829e94,Healthcare,22,680.74,1 Year,18,13,21214,1,0.539,36,0
098870a4,Healthcare,18,50.0,Month-to-Month,4,8,17332,4,0.686,7,0
56db85d2,E-commerce,23,660.71,Month-to-Month,60,13,27871,3,0.599,2,0
92f6d1ad,E-commerce,376,3754.54,Month-to-Month,64,215,20242,0,0.72,2,0
5b0eb6a4,Finance,162,1768.61,1 Year,28,61,91532,1,0.541,1,0
519886d0,E-commerce,10,50.0,Month-to-Month,1,4,43453,4,0.78,8,0
6b0e0c76,E-commerce,105,877.69,Month-to-Month,19,63,9689,2,0.786,9,0
bced044c,Technology,30,621.02,1 Year,24,8,13455,3,0.91,8,0
7055ccfa,E-commerce,19,124.25,2 Year,120,9,2752,3,0.853,18,0
5a13acc6,Manufacturing,5,50.0,Month-to-Month,120,2,17811,2,0.579,0,0
1e082bfc,E-commerce,234,2395.79,2 Year,47,87,55360,2,0.739,0,0
d64a51ef,E-commerce,7,262.84,Month-to-Month,2,2,10103,0,0.683,18,1
1b746738,Finance,50,1186.44,Month-to-Month,74,18,5223,1,0.684,1,0
6e68b00a,Finance,13,706.28,2 Year,23,6,19357,1,0.335,1,0
2a6a19b6,Healthcare,174,1707.68,Month-to-Month,39,95,47404,2,0.751,7,0
afa8284c,E-commerce,33,56.33,2 Year,13,15,32006,1,0.722,5,0
f8bb1d93,Finance,44,325.85,Month-to-Month,10,12,20187,4,0.964,10,0
ce26a5d3,Finance,46,198.13,2 Year,15,25,107258,2,0.833,2,0
f7cd3478,Technology,85,1103.08,Month-to-Month,4,44,31608,3,0.63,18,1
93c179d2,Finance,55,1070.83,1 Year,11,20,30352,3,0.58,2,0
f0eb4c4f,Finance,51,1129.92,2 Year,47,17,1608,1,0.399,5,0
6910f0b3,Finance,25,50.0,Month-to-Month,1,7,50991,2,0.964,0,0
cd089c0b,Technology,5,50.0,Month-to-Month,4,2,30748,2,0.387,33,1
2737e4da,Healthcare,10,50.0,Month-to-Month,4,2,7837,0,0.226,3,1
66a49da0,E-commerce,160,633.98,2 Year,13,81,13968,2,0.78,7,0
d2a5fe79,E-commerce,34,50.0,Month-to-Month,120,12,11305,1,0.617,6,0
786310fa,E-commerce,20,182.72,1 Year,5,8,6511,2,0.653,5,0
247d7b15,E-commerce,6,249.64,1 Year,4,1,28594,4,0.637,1,0
3c40f15f,Technology,5,295.59,2 Year,60,1,22571,1,0.388,9,0
d06790d8,Healthcare,19,50.0,Month-to-Month,52,6,22323,1,0.674,8,0
9b92c3ca,Finance,206,1814.44,2 Year,1,63,14486,1,0.535,5,0
89ea9a26,Finance,23,95.25,Month-to-Month,34,10,28672,3,0.507,7,0
8fe0de1f,Healthcare,99,799.44,1 Year,26,42,39650,2,0.885,10,0
519e27d9,Finance,22,564.01,Month-to-Month,36,13,47273,2,0.758,19,0
e0d417ed,Finance,142,765.91,Month-to-Month,17,64,12411,3,0.14,2,1
3535475b,E-commerce,32,50.0,2 Year,115,10,65068,1,0.643,14,0
b173199a,E-commerce,8,50.0,Month-to-Month,2,4,1370,4,0.813,16,1
5369f2dc,Finance,36,50.0,Month-to-Month,7,12,69402,1,0.351,13,0
235f66e3,Technology,854,7589.76,1 Year,13,297,16631,0,0.427,17,0
17423d01,Finance,800,7253.26,1 Year,15,320,23101,2,0.8,8,0
94d18799,Finance,113,1008.64,Month-to-Month,62,63,43459,3,0.509,0,0
197a818b,E-commerce,44,755.27,1 Year,20,22,47138,2,0.204,11,0
16a7dc78,Healthcare,86,1185.68,1 Year,2,43,27335,3,0.84,19,0
22adcc88,Healthcare,87,1663.96,2 Year,13,51,138949,2,0.565,3,0
e3c4cea0,E-commerce,51,560.83,1 Year,13,25,97711,3,0.675,13,0
ea086e22,Manufacturing,105,1168.1,Month-to-Month,81,29,12746,1,0.59,1,0
48900c23,Technology,74,614.8,Month-to-Month,22,33,44447,2,0.824,10,0
ab3be1d9,Healthcare,33,229.09,Month-to-Month,25,18,63824,2,0.38,0,0
c4cbb77a,Technology,9,1130.27,Month-to-Month,30,2,12227,3,0.733,7,0
9a0ac922,Technology,27,400.68,Month-to-Month,36,10,931,0,0.864,20,0
4a34a778,E-commerce,181,1984.14,2 Year,25,53,185667,0,0.33,4,0
72489657,Technology,52,50.0,2 Year,7,21,158920,2,0.452,2,0
b327445f,E-commerce,85,1055.21,Month-to-Month,50,43,19308,2,0.929,11,0
32eab5fc,Finance,35,679.17,Month-to-Month,32,18,13663,0,0.816,18,0
254c39f6,E-commerce,11,665.16,Month-to-Month,33,4,8398,3,0.436,3,0
e15a6fd1,E-commerce,38,695.04,Month-to-Month,120,17,58100,1,0.357,8,0
6a5898b4,E-commerce,11,50.0,2 Year,39,2,70384,3,0.657,10,0
b6250cf7,E-commerce,10,50.0,1 Year,43,2,27271,6,0.666,4,0
8a47d277,Manufacturing,333,3293.96,2 Year,73,170,13907,1,0.588,0,0
084b9621,Manufacturing,29,343.59,1 Year,4,2,29775,0,1.0,17,0
52a9b0ba,Technology,17,803.83,1 Year,17,5,36320,2,0.729,18,0
70614391,Technology,618,6716.32,1 Year,21,289,39197,1,0.432,1,0
3ce925ee,Manufacturing,185,2226.46,Month-to-Month,10,78,29292,0,0.812,8,0
5b9a32b7,Healthcare,31,1324.6,Month-to-Month,44,3,187,1,0.612,13,0
31950ccf,Finance,103,50.0,2 Year,35,46,31911,0,0.465,0,0
95cf5e58,E-commerce,38,149.97,Month-to-Month,31,11,21329,0,0.78,18,0
f1ab233f,Technology,19,184.36,Month-to-Month,120,7,40659,2,0.895,4,0
c0b4bf30,E-commerce,111,773.89,1 Year,8,37,3595,1,0.643,8,0
f381e425,Technology,33,50.0,Month-to-Month,32,10,105676,4,0.405,4,0
334e489a,Healthcare,61,50.0,1 Year,20,13,104148,1,0.623,7,0
584d693b,Finance,252,2364.34,Month-to-Month,10,91,41518,0,0.409,10,0
cff672a1,Technology,214,2587.01,2 Year,5,112,66802,0,0.645,12,0
5ad28821,Finance,23,616.97,Month-to-Month,55,8,28804,3,0.751,5,0
b55c6766,Finance,113,753.94,Month-to-Month,22,40,44616,2,0.205,1,1
33f6c4a2,Finance,10,210.12,Month-to-Month,42,3,48074,2,0.743,4,0
f77565e3,Finance,107,1748.8,Month-to-Month,19,29,21839,1,0.525,17,0
1cad8120,Technology,68,50.0,1 Year,6,20,162046,4,0.488,8,0
5ce19c63,Finance,96,880.58,2 Year,10,40,46141,0,0.335,5,0
6855be3c,E-commerce,34,483.25,1 Year,12,21,232989,3,0.385,11,0
1c226f7c,Healthcare,1244,12445.01,Month-to-Month,87,618,28314,4,0.953,17,0
556db612,Technology,14,565.32,Month-to-Month,1,6,1642,5,0.77,21,1
beb8ba59,Finance,234,1591.09,Month-to-Month,102,140,18008,2,0.859,12,0
51e8324c,E-commerce,11,50.0,1 Year,95,4,52603,1,0.429,0,0
d9534b6b,Technology,116,1501.02,Month-to-Month,120,58,120588,2,0.96,2,0
c884e550,Finance,129,438.89,1 Year,16,54,47746,4,0.587,33,0
f7a3e1be,Technology,59,995.88,Month-to-Month,80,26,31910,5,0.442,12,0
6973e671,E-commerce,25,474.91,Month-to-Month,13,6,4209,3,0.384,22,1
c09e8621,E-commerce,67,1040.96,2 Year,1,24,7818,4,0.39,7,0
742bfac4,Finance,81,575.36,2 Year,7,27,2747,4,0.451,1,0
f080c32e,Manufacturing,800,8254.92,Month-to-Month,70,270,62097,3,0.421,1,0
92cb77d8,Technology,14,50.0,Month-to-Month,1,4,88919,1,0.781,31,1
2fa1f903,Finance,23,50.0,1 Year,19,12,8982,2,1.0,4,0
57aa0c1c,Finance,83,848.17,1 Year,2,30,19669,1,0.551,4,0
e5bbffcc,Technology,37,50.0,2 Year,9,14,32610,0,0.554,36,0
3d212c1c,E-commerce,46,569.05,Month-to-Month,3,28,7703,0,0.228,6,0
aeebc68d,Technology,271,2137.9,Month-to-Month,48,129,26909,2,0.415,0,0
b678a05e,E-commerce,5,184.33,Month-to-Month,22,2,170308,0,0.276,7,0
b1f3a317,Technology,22,1090.93,1 Year,56,11,63496,3,0.763,13,0
29adc211,Finance,5,50.0,1 Year,28,1,9131,1,0.987,7,0
74e1bfc8,Finance,9,78.72,1 Year,85,3,5202,1,0.384,10,0
c1cbc116,E-commerce,2012,19311.02,2 Year,18,732,29452,0,0.559,7,0
e8c77649,Manufacturing,133,913.52,Month-to-Month,25,56,220939,0,0.55,2,0
e9470d03,Finance,227,2620.97,1 Year,21,101,78820,3,0.737,0,0
ff0407b5,E-commerce,48,264.69,2 Year,16,14,17344,2,0.621,0,0
61f8bc72,E-commerce,170,2071.21,2 Year,45,74,1331,1,1.0,11,0
e54d2e67,E-commerce,5,227.94,Month-to-Month,25,2,26490,3,0.45,4,0
931d5bd0,Technology,259,2557.74,1 Year,39,91,8749,3,0.78,7,0
86bf463a,Technology,15,50.0,1 Year,38,5,9939,1,0.481,1,0
fe0fb33d,Healthcare,24,582.74,1 Year,6,6,8854,0,0.28,8,0
2b0ee56f,Manufacturing,116,1312.07,Month-to-Month,26,28,63578,0,0.885,2,0
25980d63,Technology,87,105.98,1 Year,6,24,1824,5,0.975,16,0
75d781d9,Technology,61,127.74,1 Year,22,28,41589,4,0.682,9,0
21f6a500,E-commerce,7,50.0,Month-to-Month,28,3,69821,1,0.474,0,0
7e3a4263,Technology,63,50.0,Month-to-Month,120,37,8504,0,0.372,2,0
d6df3c7b,Healthcare,230,2143.31,Month-to-Month,1,92,111714,1,0.712,2,0
015b35ec,Finance,24,50.0,1 Year,3,9,4067,2,0.175,16,1
022a2e5c,Technology,392,3504.17,1 Year,2,170,57396,2,0.774,6,0
f9efd9d7,Finance,14,835.29,Month-to-Month,13,4,9434,3,0.516,10,0
635eb1cc,Healthcare,55,1064.41,1 Year,42,26,82003,1,0.512,6,0
e07d80fa,Technology,546,5112.67,Month-to-Month,45,239,42361,3,0.385,5,0
d4cdad54,Technology,19,586.77,Month-to-Month,33,5,44483,6,0.313,17,1
5238fa53,Finance,265,3257.44,Month-to-Month,55,115,21234,2,0.588,17,1
d2d0713b,Technology,1055,10859.27,Month-to-Month,10,502,16652,4,0.639,18,0
7ae9482b,E-commerce,70,849.46,1 Year,3,18,31117,1,0.582,31,0
e1c3cd30,E-commerce,24,789.16,2 Year,2,12,70881,1,0.819,4,0
a2dd9354,Technology,17,554.76,Month-to-Month,46,6,9209,4,0.612,12,0
88b209de,E-commerce,386,3253.45,2 Year,32,35,84714,1,0.743,4,0
6166cb7a,Finance,370,3605.53,1 Year,29,183,32680,0,0.306,22,0
05d72ff3,Finance,480,4523.97,Month-to-Month,10,256,30093,0,0.512,7,0
d08c2810,E-commerce,51,1086.24,Month-to-Month,12,14,836,1,0.897,4,0
365bd74f,E-commerce,258,2289.79,1 Year,77,60,6630,0,0.794,0,0
12342f3b,Technology,50,123.91,1 Year,2,26,28279,1,0.667,11,0
6ecc0f77,Technology,14,653.34,Month-to-Month,36,4,198957,1,0.524,6,0
698afed6,E-commerce,294,3069.84,Month-to-Month,9,157,14394,3,0.413,1,0
41baa02f,Technology,633,7385.89,2 Year,1,139,515,2,0.494,4,0
f6aa0ddd,Finance,11,50.0,Month-to-Month,33,5,28621,3,0.727,7,0
4132bf08,Healthcare,11,50.0,2 Year,10,5,804,2,0.203,4,0
926df34f,Technology,57,1130.98,Month-to-Month,31,25,20490,2,0.959,14,0
8f505504,Healthcare,229,1650.45,Month-to-Month,30,45,21852,0,0.848,13,0
180b8485,Finance,9,749.85,Month-to-Month,19,3,117,3,0.843,1,0
191d8715,E-commerce,76,156.27,Month-to-Month,37,38,75608,2,0.723,7,0
726e3d11,E-commerce,22,525.11,Month-to-Month,21,5,122007,2,0.622,6,0
867d18e5,Technology,156,638.47,Month-to-Month,9,54,334650,3,0.676,13,0
b673ad5b,Finance,16,182.56,1 Year,32,7,35543,1,0.527,6,0
f2510b70,Healthcare,173,1045.23,Month-to-Month,22,49,18308,5,1.0,3,0
010683bd,Finance,43,1393.14,1 Year,1,22,63199,3,0.572,6,0
e13b036d,E-commerce,13,50.0,2 Year,56,6,66678,2,0.505,6,0
2953d63b,Finance,60,185.57,2 Year,19,25,23836,2,0.547,2,0
feb90851,E-commerce,5,317.71,Month-to-Month,49,2,41687,1,0.455,4,0
762111b2,Technology,23,50.0,1 Year,52,7,86234,1,0.762,5,0
08e843e1,Manufacturing,90,1249.98,1 Year,15,41,10485,2,0.496,0,0
77d76f45,Finance,5,50.0,Month-to-Month,18,1,1034,1,0.575,9,0
6d21a124,E-commerce,5,50.0,Month-to-Month,13,1,38793,1,0.867,2,0
dba9d2ba,E-commerce,5,50.0,Month-to-Month,15,1,54590,2,0.814,4,0
6d2e7edc,Manufacturing,399,3381.53,1 Year,55,216,42780,2,0.395,1,0
617c4037,Manufacturing,48,678.18,2 Year,38,24,45347,1,0.836,13,0
9d4dd57a,Finance,24,678.65,2 Year,4,7,24968,4,0.317,8,0
f34d8620,Technology,225,2526.5,1 Year,23,120,52705,0,0.3,2,0
c92c022d,Finance,29,611.64,Month-to-Month,120,9,2187,2,0.535,2,0
bb01bdc1,Healthcare,81,50.0,2 Year,22,47,8195,5,0.659,2,0
c2ad4220,Healthcare,56,329.18,1 Year,37,31,29422,1,0.555,31,0
1944fb9e,E-commerce,26,146.47,Month-to-Month,36,16,143224,0,0.688,6,0
55b7b072,E-commerce,84,1567.23,2 Year,11,36,51710,2,0.525,26,0
6276e421,Healthcare,174,1449.35,Month-to-Month,12,64,21946,0,0.188,47,0
fb9e43ec,E-commerce,41,50.0,Month-to-Month,31,15,30620,3,0.562,7,0
a7007103,Finance,27,50.0,1 Year,17,11,93421,1,0.296,0,0
e65a21c9,E-commerce,32,50.0,2 Year,21,9,39095,0,0.601,16,0
951c2dbb,Finance,5,50.0,Month-to-Month,30,1,2452,2,0.349,9,0
36823e7e,Finance,83,1314.35,1 Year,37,29,26966,2,0.703,0,0
c3345fcd,E-commerce,8,50.0,Month-to-Month,8,3,24553,1,0.871,6,0
5025d957,Finance,140,1623.01,1 Year,4,63,115074,0,0.254,10,0
a200b11a,E-commerce,47,50.0,Month-to-Month,9,20,18221,1,0.192,5,0
c11ebb5a,Finance,63,1383.49,2 Year,18,26,3344,2,0.54,8,0
5246bae2,E-commerce,156,1421.92,2 Year,11,80,21911,2,0.826,27,0
18711792,Finance,13,50.0,Month-to-Month,21,4,2244,0,0.631,1,1
3d5e8ada,E-commerce,94,1204.13,2 Year,2,31,89276,2,0.515,6,0
73c6165a,Technology,81,306.35,2 Year,18,49,44605,2,0.385,0,0
ed8b0678,Healthcare,41,697.77,Month-to-Month,12,3,31685,1,0.745,5,0
eedad05d,E-commerce,13,50.0,2 Year,19,6,22302,3,0.907,2,0
58c42fcf,Healthcare,133,1032.7,2 Year,14,60,27034,3,0.226,2,0
a5dc92cb,E-commerce,156,1516.22,Month-to-Month,9,62,77520,2,0.659,2,0
297abd13,Finance,64,95.16,Month-to-Month,57,31,9923,3,1.0,14,0
2d01ccde,E-commerce,10,50.0,Month-to-Month,5,4,3705,1,0.479,7,0
19650a63,E-commerce,24,409.74,Month-to-Month,28,6,41245,2,0.562,4,0
077423c7,Manufacturing,49,50.0,Month-to-Month,63,14,97916,2,0.593,0,0
0ee80da3,E-commerce,153,2075.65,Month-to-Month,19,53,41303,2,0.518,18,1
4637a57c,E-commerce,5,457.99,2 Year,51,1,79519,2,0.819,0,0
fc3c7e16,E-commerce,23,50.0,1 Year,4,9,111633,1,0.96,16,0
dcfe6fee,Manufacturing,29,50.0,2 Year,17,13,4000,5,0.259,12,0
ec27f0da,Technology,48,900.95,2 Year,15,24,44480,1,0.413,1,0
f59c9487,Finance,7,452.26,Month-to-Month,1,2,89415,3,0.849,9,0
cb8cf037,Technology,39,701.52,1 Year,15,12,51576,0,0.72,0,0
e59e6212,E-commerce,34,50.0,Month-to-Month,12,14,44767,5,0.687,2,0
8fd7b4c3,Technology,11,1024.32,1 Year,27,4,77576,2,0.739,2,0
413f1184,Technology,45,72.5,Month-to-Month,67,21,61424,2,0.619,39,1
52547d80,Finance,24,359.74,Month-to-Month,3,9,34819,3,0.696,8,0
8f9adad9,Technology,114,1265.89,Month-to-Month,10,55,2251,2,0.535,0,0
7e584822,Finance,14,936.47,1 Year,15,5,47510,1,0.554,1,0
5fe83291,Finance,62,682.58,2 Year,15,32,11987,2,0.581,2,0
4ec250a5,Finance,16,367.92,Month-to-Month,36,6,14657,1,0.519,17,0
00d6333a,Technology,22,181.44,1 Year,15,7,56900,3,0.694,11,0
82c2b48e,Finance,85,251.7,1 Year,1,31,30174,2,0.66,6,0
3bc61180,Healthcare,77,50.0,Month-to-Month,30,36,63076,1,0.227,16,1
f84f7201,Technology,29,306.29,2 Year,52,7,24924,4,0.559,6,0
d3ec0e0c,Finance,36,50.0,Month-to-Month,18,13,102023,1,0.604,16,0
b50a7538,Healthcare,6,235.09,Month-to-Month,21,3,27849,1,0.906,2,0
33389fca,Finance,447,4544.38,Month-to-Month,5,201,34043,3,0.543,26,1
6f2fdc7c,Finance,153,1592.22,1 Year,6,43,6749,1,0.619,31,0
5f8827fb,E-commerce,145,923.54,Month-to-Month,7,62,35015,1,0.585,10,0
5cefd095,Healthcare,5,568.27,Month-to-Month,14,1,13708,2,0.864,10,0
61246f78,Manufacturing,22,457.39,2 Year,64,9,71980,0,0.361,8,0
5f70e033,Technology,33,50.0,Month-to-Month,18,17,62595,2,0.443,5,0
9e207f10,Finance,5,1084.27,Month-to-Month,6,2,798,3,0.43,1,0
39aa914a,Finance,207,1964.6,2 Year,8,59,34042,3,0.603,2,0
c1d80036,E-commerce,483,4162.86,1 Year,12,183,2322,1,0.301,10,0
42595b5f,E-commerce,1203,11650.82,Month-to-Month,24,504,42114,4,0.893,6,0
6d487033,Healthcare,11,50.0,Month-to-Month,14,5,115955,2,0.683,2,0
ac293608,Finance,65,1329.71,1 Year,12,33,100933,2,0.717,0,0
ce274348,Technology,397,4510.22,1 Year,20,115,13973,1,1.0,31,0
dbec7fee,Finance,37,739.74,2 Year,7,13,7547,4,0.531,11,0
fba3cd59,Finance,23,505.57,1 Year,2,10,78286,1,0.771,2,0
5747d2c7,Technology,5,674.17,1 Year,1,1,39503,1,0.716,13,0
5938462c,E-commerce,298,2859.0,Month-to-Month,7,134,27567,3,0.908,1,0
5eb1908a,Finance,53,741.33,Month-to-Month,3,14,83167,3,0.738,8,0
d82c66dd,E-commerce,18,50.0,1 Year,10,7,14551,0,0.498,8,0
d076dd06,Healthcare,83,753.28,Month-to-Month,36,41,12719,0,0.685,1,0
bff6f918,Technology,68,905.04,2 Year,31,27,47328,2,0.471,10,0
ec91867e,E-commerce,70,50.0,1 Year,23,29,15912,1,0.507,8,0
6897eee6,Technology,39,80.14,Month-to-Month,46,18,27825,2,0.597,16,0
9a0b1b51,Manufacturing,622,6302.49,1 Year,8,221,30331,2,0.563,23,0
edc7fc29,Manufacturing,44,401.24,1 Year,52,20,11472,3,0.421,12,0
bc108c7c,Manufacturing,619,5963.8,1 Year,13,245,3183,1,0.146,3,0
1cdca51d,E-commerce,127,1564.58,1 Year,13,39,72766,5,0.659,3,0
3a404e7a,Finance,92,566.14,1 Year,13,45,76528,2,0.674,3,0
43788118,E-commerce,46,50.0,2 Year,3,24,45611,2,0.673,19,0
4d84fe29,E-commerce,235,2941.88,2 Year,90,121,8044,3,0.981,6,0
bc82ac47,Technology,64,1161.32,Month-to-Month,4,31,32333,1,0.293,31,1
242b8769,Finance,13,50.0,2 Year,11,5,9794,1,0.911,10,0
d3af26d7,Manufacturing,12,85.65,2 Year,10,5,106546,1,1.0,9,0
14d22f8a,Technology,102,1442.99,1 Year,2,39,59748,1,0.953,22,0
999b6213,Manufacturing,13,152.02,1 Year,4,4,1593,2,0.53,8,0
1c1c4db3,Technology,49,755.1,1 Year,2,9,83,3,0.691,17,0
cf5f80cf,Finance,266,2897.78,Month-to-Month,9,64,206016,1,0.446,6,0
4036e787,Healthcare,86,700.41,Month-to-Month,49,34,2033,1,0.465,9,0
45751fa9,Healthcare,18,437.96,2 Year,10,4,100443,7,0.945,3,0
dc51539b,Finance,452,4037.53,1 Year,4,199,155969,4,0.74,20,0
18ddb35a,E-commerce,124,1437.14,Month-to-Month,25,71,18415,2,0.752,3,0
ef31d79d,Technology,251,2472.95,Month-to-Month,120,19,38841,3,0.375,33,0
9e977ab6,Technology,5,50.0,Month-to-Month,7,1,52122,0,0.305,4,0
e336eed1,E-commerce,89,266.63,2 Year,8,55,36742,4,0.811,5,0
a438f9c4,Healthcare,193,1995.83,1 Year,86,93,12008,2,0.684,6,0
dd2c5830,Finance,699,7009.27,1 Year,5,271,43522,2,0.54,4,0
749dd53c,Healthcare,6,50.0,Month-to-Month,18,2,14965,0,0.947,8,0
22f6d5b1,Finance,333,2531.56,1 Year,7,152,9017,4,0.719,10,0
70e68262,E-commerce,643,5607.76,2 Year,65,320,35212,2,0.43,1,0
4ec6b912,Healthcare,5,50.0,1 Year,96,1,23260,2,0.212,17,0
8ac49c7c,Finance,111,1263.25,Month-to-Month,41,60,1389,1,0.72,10,0
7e018646,Finance,137,2294.99,2 Year,10,60,149465,6,0.506,13,0
3dfcf346,E-commerce,33,307.42,Month-to-Month,13,16,2018,2,0.572,28,1
75d4f119,E-commerce,26,50.0,Month-to-Month,7,13,116629,2,0.556,16,0
a945f600,E-commerce,148,1376.54,Month-to-Month,54,63,10519,3,0.886,9,0
a0c249f6,E-commerce,21,835.68,Month-to-Month,60,9,7649,1,0.769,3,0
eb2662a7,Manufacturing,39,50.0,Month-to-Month,14,17,3583,2,0.581,9,0
748a6762,Finance,184,2399.3,1 Year,26,67,27730,4,0.575,0,0
66d8831d,E-commerce,758,7667.86,Month-to-Month,5,352,44198,3,0.658,9,0
f8c2cb3c,Technology,122,1543.44,2 Year,14,45,117032,0,0.864,5,0
22d512f7,E-commerce,66,1589.43,Month-to-Month,24,26,76565,1,0.617,11,0
03bf7ae0,Manufacturing,25,50.0,2 Year,12,13,8695,1,0.485,3,0
af707ff0,Finance,11,558.25,Month-to-Month,11,4,9179,2,0.359,9,0
d728fb6c,E-commerce,288,2832.65,1 Year,1,127,409,2,0.583,15,0
21285188,Healthcare,43,50.0,Month-to-Month,40,16,58209,1,0.36,1,0
bbdcb822,E-commerce,306,3009.68,1 Year,53,111,881,1,0.668,11,0
6d12329f,Finance,33,1175.49,2 Year,84,19,7456,2,0.691,35,0
cc171d48,Finance,20,867.47,1 Year,31,5,50331,5,0.838,20,0
415e4772,E-commerce,102,50.0,Month-to-Month,20,41,8141,2,0.558,1,0
d3367173,E-commerce,48,95.08,Month-to-Month,8,13,8315,1,0.806,5,0
748d9ec3,Healthcare,8,551.45,Month-to-Month,120,4,13328,1,0.922,2,0
5c656fff,E-commerce,833,8319.13,Month-to-Month,22,328,24327,3,0.615,0,0
a10cbd07,E-commerce,21,200.99,2 Year,28,7,394,1,1.0,15,0
d024e2c2,Finance,219,1405.84,Month-to-Month,28,47,68533,3,0.887,17,0
8f42a5e6,E-commerce,193,1557.26,Month-to-Month,45,107,74322,0,0.504,10,0
c91878ed,Technology,8,50.0,Month-to-Month,1,2,22844,2,1.0,0,0
90f4da97,E-commerce,12,50.0,Month-to-Month,6,5,80005,5,0.586,0,0
edbe0274,Finance,34,50.0,2 Year,27,16,16757,2,0.88,8,0
fa3cdf6e,Finance,14,50.0,Month-to-Month,55,8,212351,0,0.726,23,1
89b563e6,E-commerce,727,6889.44,Month-to-Month,28,250,25352,2,0.661,1,0
48452c26,Manufacturing,40,50.0,1 Year,13,12,55254,1,0.862,9,0
1edd1171,E-commerce,207,2580.23,Month-to-Month,11,73,19463,2,0.63,6,0
6c2ada17,Healthcare,117,716.43,Month-to-Month,33,39,29967,1,0.585,2,0
45a8a6d4,E-commerce,81,1523.09,1 Year,33,17,51793,2,0.591,5,0
e779a22d,Technology,58,338.01,2 Year,23,32,21349,2,0.371,6,0
a7b9951f,Healthcare,349,3709.6,1 Year,9,125,53441,1,0.813,1,0
57e67348,Manufacturing,15,385.57,2 Year,63,5,7892,1,0.468,1,0
d703e5b9,Manufacturing,727,6821.08,1 Year,20,336,33058,4,0.642,11,0
848d3988,Healthcare,7,50.0,Month-to-Month,38,3,15931,0,0.604,1,0
21f919bd,Manufacturing,176,1508.53,Month-to-Month,6,49,126304,1,0.721,15,0
86d4049c,Finance,6,246.22,2 Year,11,2,87063,1,0.597,18,0
7f429d16,Technology,34,275.58,Month-to-Month,50,9,33414,5,0.546,1,0
2fa42590,E-commerce,62,245.8,Month-to-Month,2,26,30233,0,0.683,28,1
10f64a38,E-commerce,26,319.53,2 Year,18,11,89785,1,0.666,37,0
4074e489,E-commerce,41,579.81,Month-to-Month,16,14,58631,5,0.388,0,0
c58ebe6d,Technology,6,985.02,1 Year,34,2,57493,2,0.578,0,0
30f3f0e6,Healthcare,12,154.06,1 Year,8,5,39731,3,0.854,29,0
0fe595b7,E-commerce,115,1155.0,1 Year,6,45,99155,3,1.0,0,0
1f84a32b,Finance,57,784.2,Month-to-Month,63,21,10505,1,0.258,3,0
13f580f1,Finance,19,50.0,1 Year,21,5,98983,0,0.766,6,0
3663d4cb,Finance,397,3107.25,Month-to-Month,3,115,36775,1,0.621,1,0
bea6a229,E-commerce,8,50.0,1 Year,6,2,48554,5,0.482,5,0
4a4d1604,Finance,31,846.05,1 Year,120,9,164065,2,0.514,26,0
0804e148,Healthcare,25,866.78,2 Year,6,8,27626,1,0.412,21,0
1c82eb93,Healthcare,137,430.31,Month-to-Month,23,53,55135,2,0.328,1,0
8891d8e9,Healthcare,58,913.04,2 Year,14,23,36920,2,0.677,28,0
96435cf4,E-commerce,46,50.0,1 Year,53,20,134123,2,0.957,12,0
c0093dcd,Manufacturing,5,279.59,1 Year,34,2,33436,2,0.671,35,0
5687c49f,Healthcare,199,2189.68,Month-to-Month,22,81,14794,2,0.634,1,0
851ea6e6,Manufacturing,39,50.0,Month-to-Month,1,17,32959,1,0.475,0,1
09acd1ad,Technology,64,1140.02,1 Year,51,19,124299,1,0.414,5,0
f452fa8b,E-commerce,17,1041.92,2 Year,15,5,34728,2,0.604,44,0
b562759e,E-commerce,14,108.76,Month-to-Month,65,5,7899,4,0.394,6,0
97cf7cee,Technology,517,5240.5,2 Year,17,170,39001,2,0.825,10,0
f453f24a,Healthcare,5,789.56,1 Year,29,1,24518,4,0.484,7,0
09223531,E-commerce,11,50.0,2 Year,2,5,52458,4,0.431,22,0
43f2f1bf,E-commerce,503,4479.46,Month-to-Month,33,150,13810,3,1.0,20,0
508f8461,E-commerce,142,1000.31,1 Year,10,82,19452,1,0.86,32,0
52939605,Technology,33,348.54,2 Year,11,13,36342,1,0.361,9,0
cd4ac5e0,Healthcare,354,3557.21,2 Year,4,88,6294,3,0.424,8,0
0c2da842,E-commerce,106,783.35,1 Year,4,49,11818,6,0.561,0,0
8b325e8b,E-commerce,77,619.76,Month-to-Month,5,31,80808,1,0.568,3,1
b9b2d372,Finance,76,490.22,1 Year,10,32,140024,3,0.508,4,0
1f4626c8,Finance,109,844.1,Month-to-Month,54,38,174559,1,0.867,7,0
a9d1edec,E-commerce,116,775.74,Month-to-Month,12,35,138439,3,0.642,1,0
d8b86ba3,Technology,1471,14329.78,Month-to-Month,31,373,142382,3,0.593,7,0
aa6b0fd8,E-commerce,40,50.0,Month-to-Month,3,10,86044,3,0.478,3,0
2f0cd28f,Technology,42,308.16,1 Year,22,11,66517,3,0.39,34,0
a1172de4,E-commerce,8,50.0,1 Year,16,2,13187,0,0.475,2,0
2ecec872,Healthcare,50,875.28,Month-to-Month,92,19,29145,4,0.425,1,0
be45ba78,Healthcare,892,8640.04,1 Year,45,218,25372,1,0.348,7,0
4efd7403,Healthcare,239,2330.3,Month-to-Month,15,117,65530,1,0.816,25,1
9cefb861,Finance,24,53.4,Month-to-Month,36,9,32254,2,0.786,1,0
f378d3c9,Finance,57,447.94,1 Year,6,36,22327,4,0.525,24,0
dbf5c1e4,Technology,7,701.69,Month-to-Month,20,2,84120,5,0.864,1,0
f510a895,Technology,12,50.0,1 Year,2,7,69295,2,0.718,1,0
c33ed0f0,Healthcare,68,50.0,Month-to-Month,11,32,23007,2,0.384,1,0
13e3aa2d,Finance,26,319.69,1 Year,7,5,27177,1,0.308,2,0
a6d70f94,Finance,11,50.0,Month-to-Month,31,3,111834,0,0.661,13,0
e5d53662,E-commerce,113,1309.81,Month-to-Month,17,48,65965,0,0.695,5,0
02c47cdd,Healthcare,48,838.29,Month-to-Month,34,10,58556,1,0.341,16,0
9394bdc2,Healthcare,5,50.0,1 Year,18,1,62188,2,0.495,3,0
8968a6c4,Manufacturing,5,351.69,Month-to-Month,3,1,5396,2,0.771,6,0
3c594a51,Technology,23,50.0,Month-to-Month,32,14,41448,2,0.914,6,0
761bc918,Finance,5,87.29,Month-to-Month,43,2,17195,2,0.617,6,0
5370e647,E-commerce,5,50.0,Month-to-Month,57,1,4432,4,0.611,5,0
8dee331c,Finance,296,3026.07,Month-to-Month,21,163,65664,3,0.51,4,0
60e67b9f,Technology,47,459.56,Month-to-Month,34,24,18144,2,0.897,18,0
2c1aaf53,E-commerce,36,50.0,2 Year,34,19,18557,1,0.711,5,0
2fb91e4f,Healthcare,41,50.0,Month-to-Month,5,14,51062,1,0.432,1,0
30203626,Technology,9,465.32,Month-to-Month,5,3,54870,3,0.756,2,0
0cb939b3,Finance,101,783.5,2 Year,2,29,32128,4,0.46,12,0
48fa749b,Finance,44,946.02,Month-to-Month,10,17,40649,2,0.41,50,0
68275b2f,Finance,17,50.0,1 Year,16,5,94486,1,0.511,11,0
c0929984,E-commerce,21,861.09,Month-to-Month,120,6,5662,1,0.428,0,0
8f4a468e,Finance,8,50.0,2 Year,14,4,3379,4,0.419,7,0
8b398896,Finance,29,1026.37,2 Year,32,13,53391,1,0.32,9,0
efb5219c,Finance,38,467.19,Month-to-Month,29,11,46293,6,0.46,8,0
0e7bb0ce,Healthcare,28,479.9,Month-to-Month,6,13,10285,1,0.493,1,0
6d27074b,Technology,59,87.99,Month-to-Month,2,25,36896,3,0.33,10,0
34cbbbd8,Finance,48,844.61,2 Year,19,17,68455,2,0.708,0,0
0385721c,Healthcare,77,1151.96,Month-to-Month,29,43,65783,1,0.247,14,0
d5a8757a,E-commerce,224,2077.78,2 Year,120,96,45282,1,0.524,3,0
b32f2101,Technology,132,253.0,2 Year,11,76,6988,1,0.732,33,0
abf141c4,Technology,228,1723.34,Month-to-Month,55,104,18120,1,0.826,4,0
f16193cc,E-commerce,15,50.0,1 Year,12,6,26025,1,0.485,0,0
7385e5ff,Finance,25,474.68,Month-to-Month,29,7,77618,1,0.803,46,0
a7065990,Technology,145,1217.48,1 Year,22,49,39242,3,0.527,10,0
45a26364,E-commerce,149,1267.2,Month-to-Month,2,81,66062,1,1.0,8,0
080db90b,Finance,19,50.0,Month-to-Month,2,9,128529,1,0.308,4,0
36e025ca,Manufacturing,136,2094.65,Month-to-Month,1,49,48898,0,0.399,6,0
97f3763d,Healthcare,13,152.68,1 Year,12,3,13534,2,0.632,5,0
b773e35d,Manufacturing,112,1218.87,1 Year,33,63,7516,2,0.348,3,0
09b91655,Technology,52,210.31,1 Year,5,26,27,3,0.458,4,0
42cab052,E-commerce,6,50.0,2 Year,23,1,9656,3,0.691,27,0
cb10de64,Manufacturing,28,50.0,1 Year,9,7,15681,0,0.638,1,0
3e618bfd,Technology,1441,14581.86,1 Year,39,840,15720,2,0.593,6,0
732c42fc,Finance,74,166.72,Month-to-Month,39,25,54992,2,0.595,23,1
c727dbf3,E-commerce,1721,17582.11,Month-to-Month,36,604,8140,3,0.108,14,0
434b4cb3,Healthcare,6,50.0,Month-to-Month,18,1,28586,2,0.63,58,1
89568bae,Finance,168,2154.2,Month-to-Month,9,73,246,2,0.473,15,1
1cfcf310,Technology,5,1003.65,1 Year,40,1,15133,2,0.526,0,0
4d377f88,Finance,54,540.55,1 Year,5,22,2096,3,0.282,2,0
7cbd1c44,Finance,140,2055.81,2 Year,9,36,61817,5,0.735,26,0
a5579129,E-commerce,191,2285.72,Month-to-Month,5,49,21871,1,0.71,29,1
60aa6855,Technology,16,50.0,1 Year,27,4,32705,2,0.367,7,0
a6727c97,Healthcare,259,2645.46,2 Year,28,69,71659,1,0.636,5,0
97960d84,Finance,24,490.6,Month-to-Month,26,11,99360,0,0.929,9,0
423001cb,Finance,42,718.86,Month-to-Month,13,19,36353,2,0.628,23,0
ecd57254,E-commerce,28,369.1,2 Year,3,10,52458,3,0.197,6,0
9fbd821e,Healthcare,9,172.66,1 Year,59,3,66587,2,0.486,10,0
d231ea85,E-commerce,575,5752.54,1 Year,18,309,16795,2,0.625,2,0
ae4d55a8,Finance,58,646.59,2 Year,13,27,61423,0,1.0,8,0
b1592f8e,Finance,278,2168.16,1 Year,22,78,53019,3,0.358,1,0
61383ef8,Manufacturing,261,2491.89,Month-to-Month,6,113,29265,0,0.571,0,0
84107dac,Healthcare,12,50.0,2 Year,4,5,20833,1,0.387,8,0
79da8cc8,E-commerce,338,3131.19,2 Year,13,159,181832,3,0.776,11,0
a5d582ad,Healthcare,116,864.6,Month-to-Month,7,78,214585,2,0.527,2,0
da50bb3f,E-commerce,11,50.0,1 Year,7,3,59389,2,0.054,2,0
ca6869f8,E-commerce,107,544.0,Month-to-Month,54,48,24238,3,0.521,11,0
2ad73c5e,Finance,11,244.64,2 Year,19,6,69622,4,0.578,9,0
fae389fb,Healthcare,607,5910.96,Month-to-Month,16,347,56853,2,0.678,17,1
a76cb908,Finance,185,1639.79,Month-to-Month,29,77,39371,2,0.636,3,0
c9cd9560,E-commerce,49,50.0,1 Year,73,13,7068,2,0.731,12,0
1c5177d2,Technology,364,3491.07,1 Year,3,80,146499,4,0.575,2,0
75fefe88,E-commerce,5,622.77,2 Year,44,2,13248,1,0.617,2,0
7bb42b18,E-commerce,17,750.4,2 Year,22,7,24982,1,0.602,7,0
f69b7808,Finance,37,556.76,Month-to-Month,4,15,20959,0,0.517,17,1
01497185,Finance,1561,15462.42,Month-to-Month,9,668,8347,0,0.714,3,0
460f3be8,Finance,10,379.49,Month-to-Month,16,4,1240,2,0.769,2,0
af08cf55,Finance,5,50.0,Month-to-Month,29,2,132821,5,0.591,9,0
3ae906a5,Finance,6,50.0,1 Year,7,2,67252,5,0.502,4,0
d4d865e6,E-commerce,212,1748.74,Month-to-Month,19,72,1046,1,0.383,5,0
0ffb476b,E-commerce,22,674.18,Month-to-Month,28,11,58200,2,0.671,8,0
abb66795,Manufacturing,43,820.0,Month-to-Month,15,14,6946,2,0.399,0,0
6a85c4cc,Finance,171,1692.66,Month-to-Month,48,84,64366,4,0.632,3,0
9c6ada7a,E-commerce,43,1295.63,1 Year,49,15,35178,2,0.626,8,0
1bb80431,Technology,74,946.26,1 Year,16,33,190508,1,0.813,1,0
ab0a11fe,E-commerce,121,1388.11,Month-to-Month,87,69,28312,6,0.877,7,0
0ed214f1,Finance,28,404.56,Month-to-Month,2,13,69104,1,0.0,12,0
de379829,Finance,42,50.0,1 Year,1,22,2109,3,0.56,6,0
b8a80f10,Healthcare,78,332.86,2 Year,12,28,137097,0,0.18,7,0
4275f87c,Finance,200,1972.68,Month-to-Month,23,81,41329,0,0.832,1,0
3e6e55b8,Technology,16,136.81,Month-to-Month,24,5,18859,3,0.595,0,0
7802d5f8,Healthcare,5,344.88,Month-to-Month,16,1,6784,1,0.83,0,0
07af8146,Finance,151,1176.07,Month-to-Month,4,76,51196,4,0.652,7,0
ad38535f,Technology,219,2225.34,1 Year,5,100,68578,0,0.33,5,0
89940a0a,Technology,73,774.28,Month-to-Month,46,32,4459,4,0.406,16,1
01054395,E-commerce,81,874.1,1 Year,49,42,8995,0,0.573,4,0
db54eb3a,E-commerce,23,238.21,2 Year,27,6,24341,3,0.714,26,0
e8dee96e,Finance,115,448.08,1 Year,27,30,95445,3,0.611,4,0
2c0efc3b,Finance,196,829.39,Month-to-Month,22,102,203524,1,0.636,8,0
062fa3bc,Finance,59,119.12,Month-to-Month,6,23,68329,3,0.529,11,0
3ea7141e,E-commerce,2291,22644.44,Month-to-Month,14,965,279,3,0.826,14,0
c52626b3,Manufacturing,5,50.0,1 Year,29,1,116888,4,0.629,10,0
50f396dc,Healthcare,69,662.16,Month-to-Month,19,37,1345,4,0.61,1,0
c6cb21de,E-commerce,9,635.05,Month-to-Month,1,4,113712,2,0.659,11,0
d6d74406,Finance,204,2403.02,Month-to-Month,74,69,26408,2,0.517,0,0
314fd2e8,E-commerce,5,283.17,Month-to-Month,45,3,67702,1,0.53,4,0
52f86a8f,Healthcare,7,562.66,1 Year,8,1,4554,0,0.696,6,0
9c8a49b0,Finance,21,50.0,2 Year,23,7,9011,0,0.755,5,0
5ee82c56,Technology,81,581.6,2 Year,62,40,29961,2,0.776,3,0
06d3ccea,E-commerce,22,527.42,1 Year,3,11,1963,0,0.561,19,0
125ba2ae,E-commerce,22,50.0,Month-to-Month,17,5,24694,1,0.625,49,0
297c889f,Finance,41,200.09,Month-to-Month,15,15,69709,0,0.479,10,0
8f2d1c90,Finance,37,1301.21,Month-to-Month,13,17,53168,3,0.757,1,0
daa631c1,Finance,508,5127.72,Month-to-Month,44,278,21676,2,0.411,2,0
29adafd4,Technology,152,2401.81,1 Year,12,81,444,3,0.644,0,0
1014864c,Manufacturing,33,50.0,2 Year,2,15,15713,1,0.776,4,0
c7320a75,E-commerce,1268,12364.57,1 Year,2,518,74856,3,0.625,17,0
8a3a9010,Finance,114,1344.41,2 Year,2,43,20815,3,0.66,2,0
018c494b,Technology,12,166.87,1 Year,13,5,23700,0,0.545,5,0
14434b46,E-commerce,80,50.0,Month-to-Month,31,43,3854,2,0.229,29,0
d0f4c79e,E-commerce,121,1095.21,2 Year,6,45,46026,1,0.465,7,0
db995411,Finance,19,1426.51,1 Year,25,7,48629,2,0.609,28,0
fb17b30b,Technology,11,233.46,Month-to-Month,28,5,28180,3,0.462,0,0
7af1d3c0,E-commerce,62,922.22,Month-to-Month,8,31,71474,2,0.697,11,0
29c4d57b,Technology,31,50.0,Month-to-Month,23,10,104724,5,0.307,1,0
c1a93758,Technology,502,5141.64,2 Year,28,134,69422,2,0.213,0,0
89924a7b,Finance,165,1643.84,Month-to-Month,16,37,39296,3,0.739,3,0
7be5ae87,Technology,20,759.41,1 Year,10,8,137202,1,0.538,0,0
791d92a4,Technology,103,1573.5,1 Year,24,29,24079,3,0.669,1,0
4a183a86,Finance,365,3853.76,1 Year,92,178,53170,5,0.496,2,0
f9b5ecf0,Finance,6,95.48,Month-to-Month,14,1,42811,0,0.713,57,0
2e421dfb,Healthcare,11,50.0,Month-to-Month,12,6,92121,2,0.871,0,0
49864822,E-commerce,53,50.0,1 Year,15,19,34616,1,0.886,30,0
a7f4793c,Finance,57,610.96,Month-to-Month,2,18,40314,3,0.47,4,0
0e16d86c,E-commerce,50,937.32,Month-to-Month,20,17,30239,2,0.516,7,0
bfa1c588,Finance,34,1005.87,2 Year,10,10,7571,1,0.634,0,0
cd6ede34,Technology,33,50.0,1 Year,4,18,108765,0,0.974,0,0
a16e9ee5,Finance,97,215.38,1 Year,16,45,98961,0,0.369,2,0
95e3be8d,Finance,299,3456.48,1 Year,1,122,60610,1,0.371,11,0
5e959367,E-commerce,26,50.0,Month-to-Month,13,7,21369,1,0.774,11,0
8ecd9c5a,E-commerce,2116,20371.47,2 Year,3,834,21932,1,0.467,8,0
f42ef428,Finance,1033,10083.16,2 Year,1,333,1833,2,0.732,6,0
c1cd139d,Finance,400,3744.45,1 Year,42,54,4041,0,0.483,2,0
bfa83dae,Finance,138,2040.09,1 Year,60,45,36056,1,0.67,18,0
770989f3,Technology,1109,11522.82,1 Year,6,510,2554,0,0.498,8,0
1c24a90a,Technology,35,50.0,1 Year,19,12,5224,4,0.399,4,0
72c6b262,E-commerce,15,848.98,Month-to-Month,8,5,14464,3,0.629,1,0
25efd3e7,Technology,24,302.51,1 Year,17,12,23395,2,0.357,10,0
8abc350d,Technology,12,650.42,Month-to-Month,14,5,33603,1,0.691,2,0
e941d5ca,Healthcare,65,1313.59,Month-to-Month,8,38,19616,4,0.553,7,0
a9c5071b,Manufacturing,85,718.7,Month-to-Month,29,15,141244,3,0.328,5,0
59b144b5,Technology,73,1015.66,Month-to-Month,4,23,150689,1,0.66,2,0
badf1d0d,Finance,53,326.62,1 Year,2,26,2883,3,0.656,15,0
23b0fce2,Finance,66,1125.05,Month-to-Month,36,29,211388,4,0.13,6,0
8d2dbd67,Healthcare,738,7425.14,1 Year,27,302,9491,2,0.59,0,0
197f713c,Healthcare,138,1860.16,Month-to-Month,17,46,20126,1,0.602,7,0
d85a8644,Technology,217,2932.38,Month-to-Month,16,91,90705,2,0.619,2,0
09215ae6,E-commerce,72,993.62,1 Year,17,30,58192,2,0.236,49,1
d07c8ac8,Technology,5,50.0,Month-to-Month,14,1,3000,0,0.671,10,0
c140e538,Technology,5,50.0,1 Year,12,2,74494,2,0.703,1,0
fce4dcd6,E-commerce,1241,10931.48,1 Year,17,432,54419,3,0.412,7,0
4b019fbc,E-commerce,24,50.0,Month-to-Month,19,11,150285,3,0.32,5,1
b5206848,Healthcare,21,676.29,Month-to-Month,29,9,120402,3,0.404,8,0
ca5a3e70,Finance,78,1264.94,Month-to-Month,30,46,184901,1,0.626,10,0
be5d35c8,E-commerce,124,872.72,1 Year,12,49,30338,1,0.352,6,0
01d3b007,Healthcare,150,1582.29,1 Year,13,43,61295,4,0.329,10,0
f8150cef,Healthcare,781,7715.37,1 Year,12,118,163384,3,1.0,3,0
7ceac6f4,Technology,518,5524.8,Month-to-Month,19,158,106,3,0.599,0,0
cc980ea4,E-commerce,16,1264.31,Month-to-Month,15,7,77778,0,0.538,0,0
d1444c67,Finance,233,2684.23,Month-to-Month,53,107,2773,2,0.466,19,0
c94c86d9,E-commerce,30,50.0,Month-to-Month,29,10,341366,2,0.515,4,0
9d4b9132,Technology,44,400.79,Month-to-Month,55,15,698,4,0.96,28,0
8f9422c6,Finance,10,800.96,Month-to-Month,30,4,40450,2,0.763,6,0
01345e97,Healthcare,5,50.0,1 Year,85,2,36794,1,1.0,18,0
ba3f431d,Manufacturing,52,212.47,2 Year,25,26,18173,3,0.678,1,0
38cbd44f,Finance,13,484.98,Month-to-Month,80,4,65903,1,0.409,19,0
b178ec36,Healthcare,219,2837.17,2 Year,5,71,14852,1,0.654,27,0
607fc3e2,E-commerce,35,654.48,1 Year,2,21,17179,5,0.71,30,1
ae368c56,Technology,86,556.65,2 Year,21,49,9944,0,0.723,3,0
180eeb1d,Finance,424,4508.27,Month-to-Month,99,147,62599,0,0.512,12,0
8411dba9,Finance,5,257.15,2 Year,13,2,9318,2,0.961,0,0
47341a49,Finance,18,355.41,2 Year,6,11,113978,4,0.346,3,0
ef7702de,Manufacturing,71,661.46,2 Year,18,37,16972,2,0.668,4,0
49ef6cce,Finance,87,896.5,1 Year,26,28,36555,4,0.542,12,0
c11114f0,E-commerce,285,2396.25,Month-to-Month,10,116,32223,1,0.445,3,0
a9f0926d,Manufacturing,200,3240.1,Month-to-Month,31,44,60592,4,0.649,0,0
944b61df,Healthcare,63,708.5,2 Year,89,19,13331,1,0.851,6,0
f64e71f6,Manufacturing,86,1134.26,Month-to-Month,55,34,91205,4,0.681,3,0
2a38c7b9,Manufacturing,89,781.04,Month-to-Month,9,37,66950,2,0.655,14,0
30a67ad4,Technology,6,482.66,Month-to-Month,10,1,20974,1,0.196,7,0
e0e094bd,Finance,43,50.0,1 Year,12,5,6408,2,0.784,3,0
72405495,E-commerce,79,50.0,1 Year,13,33,35136,2,0.519,0,0
4c1367ce,Technology,108,1064.76,2 Year,3,51,196932,1,0.707,2,0
123b3ac0,Manufacturing,13,1157.03,2 Year,35,6,1227,1,0.784,1,0
9fa9d4d9,Finance,8,684.16,1 Year,11,3,93171,1,0.639,4,0
924c3bbc,Technology,38,50.0,1 Year,51,14,60159,0,0.2,0,0
b1ecbe30,Finance,1044,10698.04,Month-to-Month,63,443,10116,1,0.883,0,0
79a4a858,Finance,15,50.0,Month-to-Month,1,6,32353,5,0.961,24,1
a3e986d1,E-commerce,317,3383.21,2 Year,108,123,49400,3,0.763,22,0
07f43341,Technology,588,6132.2,1 Year,30,98,59649,3,0.455,12,0
551c14c8,E-commerce,58,1043.24,Month-to-Month,18,31,127146,1,0.846,12,0
f81c3b35,E-commerce,19,50.0,Month-to-Month,12,6,103208,1,0.544,0,0
e2f26c3e,Manufacturing,117,537.21,1 Year,18,32,19906,4,0.587,1,0
8242e4a0,Finance,73,692.21,Month-to-Month,10,26,6393,0,0.84,3,0
c862ee4a,E-commerce,15,50.0,Month-to-Month,24,6,5505,0,0.729,6,0
468f0941,Finance,20,50.0,2 Year,3,6,173276,1,0.129,18,0
a2bd5617,Finance,107,1205.93,Month-to-Month,24,37,155972,0,0.642,41,1
33a25495,E-commerce,221,1751.98,1 Year,8,81,85604,1,0.837,15,0
8583064b,Manufacturing,33,1458.83,1 Year,1,14,196770,3,0.327,1,0
fa93ed20,E-commerce,49,223.42,2 Year,20,15,16021,1,0.795,22,0
9762ac04,Technology,148,1344.88,2 Year,21,64,87309,4,0.266,11,0
deb5139b,Healthcare,42,568.77,2 Year,14,11,34880,1,0.557,0,0
855db6e5,Finance,34,50.0,Month-to-Month,2,20,80277,2,0.708,4,0
6d735311,E-commerce,17,424.25,2 Year,54,8,47186,2,0.549,16,0
4985feb9,Healthcare,17,340.73,Month-to-Month,23,6,93600,3,0.836,20,0
7a72b0b6,Finance,2990,29725.35,Month-to-Month,3,1296,25320,0,0.317,13,1
4a90d95a,E-commerce,40,536.96,Month-to-Month,18,11,226132,1,0.763,6,0
75f7864c,Healthcare,423,4444.14,2 Year,17,192,12373,2,0.611,55,0
b91fef22,Finance,682,7537.6,Month-to-Month,2,330,55830,5,0.429,0,0
0d1837d8,E-commerce,41,1660.13,Month-to-Month,23,17,81120,2,0.688,1,0
3b3a9ccc,E-commerce,94,409.25,Month-to-Month,40,46,44064,2,0.586,6,0
449cb17b,Manufacturing,63,50.0,Month-to-Month,34,25,17145,0,0.896,12,0
eee9009d,E-commerce,5,101.37,1 Year,6,1,41196,2,0.717,0,0
d3129f9b,E-commerce,5,50.0,Month-to-Month,48,1,35130,1,0.683,5,0
28e5c359,Manufacturing,58,904.71,1 Year,11,26,10543,2,0.465,2,0
abc72647,Technology,28,336.54,1 Year,71,8,72027,1,0.629,8,0
11f0aaed,Finance,932,9503.64,1 Year,2,411,15543,4,0.485,3,1
72f6f61a,Healthcare,38,228.21,2 Year,16,16,89222,1,0.588,10,0
10697be0,E-commerce,1018,10307.51,Month-to-Month,22,544,12060,3,0.849,1,0
82f7cc4c,E-commerce,26,496.12,Month-to-Month,7,11,34889,2,0.543,14,0
7b02dd85,Technology,961,9710.01,1 Year,36,215,59408,1,0.311,7,0
3aa1127b,Technology,116,487.45,2 Year,24,38,274000,0,0.699,13,0
9fcf3184,E-commerce,127,1356.0,1 Year,1,42,15803,3,0.757,6,0
322f9bd4,Manufacturing,25,1176.98,2 Year,23,8,50476,1,0.918,4,0
88281225,E-commerce,129,1410.45,Month-to-Month,17,64,8323,2,0.773,2,0
33966e6d,Healthcare,691,6978.53,Month-to-Month,6,124,85640,2,0.546,21,1
e96552c3,Technology,43,1210.02,Month-to-Month,120,23,98824,0,0.652,5,0
5b48b642,Finance,32,50.0,Month-to-Month,55,15,109443,1,0.678,6,0
702cea39,Technology,37,814.84,Month-to-Month,9,15,145509,1,0.687,7,0
a56cc73b,Manufacturing,620,5934.92,Month-to-Month,19,269,21978,4,0.105,7,0
45c674b6,E-commerce,196,2503.29,Month-to-Month,10,79,54897,0,0.485,8,0
6553ea04,E-commerce,478,5179.02,2 Year,36,198,18971,1,0.695,1,0
6e5a171f,E-commerce,87,663.86,Month-to-Month,64,44,81432,0,0.82,17,0
b748d591,Finance,57,437.02,Month-to-Month,11,21,26857,0,0.473,4,0
90d78019,Finance,103,1518.91,2 Year,40,47,40473,0,0.517,1,0
0c02a281,E-commerce,271,1782.27,1 Year,17,84,7135,2,0.552,1,0
82b176b1,Technology,37,149.04,1 Year,13,16,95020,1,0.573,4,0
d64b1ad1,E-commerce,425,4560.21,2 Year,67,158,32980,1,0.771,2,0
61a99fe0,Finance,94,785.95,1 Year,18,41,51148,2,0.452,17,0
102b7cca,E-commerce,5,117.43,Month-to-Month,16,1,55324,2,0.773,21,0
efe91dd0,Technology,205,1029.42,Month-to-Month,27,91,16027,3,0.884,12,0
6a959979,E-commerce,8,50.0,1 Year,8,3,79233,3,0.521,16,0
5af9ca18,E-commerce,198,2319.73,2 Year,10,110,89497,2,0.514,0,0
ace12498,Technology,211,1734.5,Month-to-Month,65,89,36258,1,0.632,0,0
67e96285,E-commerce,89,238.77,Month-to-Month,28,39,116349,0,0.483,16,1
9ce4097a,E-commerce,123,1760.8,Month-to-Month,43,43,8771,2,0.582,6,0
27d20e32,Technology,283,3087.84,1 Year,8,122,26758,3,0.306,28,0
4ed8b5c4,Finance,25,50.0,Month-to-Month,19,11,2266,0,0.771,18,0
faf977b3,Manufacturing,179,1859.25,2 Year,86,65,25421,2,0.933,4,0
ab5df369,Healthcare,312,2592.03,2 Year,10,111,291093,2,0.465,3,0
5058bae4,Healthcare,765,7573.77,1 Year,5,244,31104,1,0.271,21,1
2a7acdcd,Technology,10,187.99,2 Year,18,3,27168,2,0.784,5,0
53678e9f,Finance,100,595.75,Month-to-Month,12,33,58209,1,0.516,5,0
885f9428,Technology,12,491.17,2 Year,5,5,2491,2,0.466,7,0
8fe7da35,Technology,12,568.68,1 Year,53,3,21829,1,0.576,14,0
7e9c4f81,Technology,93,1061.78,Month-to-Month,113,36,38078,0,0.356,4,0
23039bca,Manufacturing,61,816.99,Month-to-Month,21,18,33088,2,0.696,5,0
4c242e22,Finance,304,2313.59,Month-to-Month,36,156,51427,8,0.347,5,0
631e8bb6,Technology,32,1001.09,1 Year,48,12,7479,1,0.363,18,0
f6e50597,Healthcare,44,394.34,2 Year,29,17,25759,2,0.36,5,0
d53d4ff2,E-commerce,74,272.37,1 Year,2,34,50201,1,0.633,17,0
2d6a9e67,Technology,14,212.92,1 Year,5,8,17951,2,0.237,8,0
3e258800,Finance,18,552.73,Month-to-Month,2,7,47451,2,1.0,9,0
a7bfcfff,E-commerce,291,3166.17,1 Year,1,73,158877,0,0.525,10,0
50bbc4dc,E-commerce,23,50.0,1 Year,9,11,133239,1,0.177,4,0
d32008bc,E-commerce,321,3588.82,Month-to-Month,12,84,64642,2,0.388,9,0
8a39c945,Manufacturing,135,1319.67,2 Year,7,47,9778,0,0.72,1,0
3120bc45,Healthcare,5,300.6,1 Year,2,2,76680,2,0.87,3,0
610a3130,E-commerce,120,799.22,1 Year,19,43,29593,0,0.633,19,0
9c3a42c5,Technology,119,1712.96,1 Year,8,40,151550,4,0.617,4,0
ea1beedd,E-commerce,102,1111.36,2 Year,39,43,47262,3,0.294,4,0
1049dc50,Healthcare,44,1034.41,Month-to-Month,1,17,12270,4,0.898,23,1
72225100,E-commerce,13,50.0,1 Year,45,4,18729,4,0.711,4,0
91cfd5ba,Finance,411,3409.29,Month-to-Month,75,200,19213,0,0.664,10,0
316a0abb,Finance,46,339.99,Month-to-Month,31,24,16167,0,0.603,28,0
64969c81,Technology,14,873.81,Month-to-Month,32,7,73881,2,0.706,63,0
4186a6f7,E-commerce,108,2061.41,Month-to-Month,66,49,20529,3,0.44,7,0
c88caab3,Manufacturing,17,50.0,2 Year,6,5,10884,1,0.788,9,0
ccda22b4,Technology,13,156.52,Month-to-Month,120,3,45329,2,0.761,5,0
25e84a0c,E-commerce,31,387.58,1 Year,36,5,31253,3,0.58,13,0
343cc3e0,Healthcare,20,559.08,2 Year,32,10,1120,3,0.546,12,0
6d754682,E-commerce,13,572.48,1 Year,11,5,16363,2,0.168,4,0
86e529bf,Finance,183,1272.8,Month-to-Month,19,65,1947,3,0.254,0,0
eeec9953,Manufacturing,46,492.3,Month-to-Month,26,9,72844,0,0.709,9,0
8bb38158,Finance,357,2565.74,Month-to-Month,24,100,150822,3,0.781,0,0
dfb7a5ec,Finance,15,555.4,Month-to-Month,30,3,34674,1,0.814,10,0
ca58f19f,E-commerce,5,50.0,Month-to-Month,3,2,40841,0,0.331,16,1
45270642,Finance,68,77.31,1 Year,11,31,93243,3,1.0,8,0
c9c8b7d4,Finance,883,8996.27,Month-to-Month,14,237,957,4,0.8,4,0
d20222f7,E-commerce,121,1025.07,Month-to-Month,8,68,8856,4,0.485,7,0
bb286441,Healthcare,6789,68520.73,Month-to-Month,5,2225,53117,1,0.633,4,0
a26e6e30,Healthcare,89,443.71,1 Year,4,38,67689,1,0.261,1,0
40337f16,Finance,77,1881.48,2 Year,11,33,49201,3,0.477,3,0
e6da15e9,Technology,5,477.28,2 Year,17,1,140045,0,0.708,6,0
cc6587b5,E-commerce,103,1673.85,1 Year,2,38,24909,2,0.613,4,0
67e62a0d,E-commerce,70,185.58,1 Year,71,28,40493,1,0.949,0,0
6e676a85,E-commerce,29,1184.23,1 Year,35,10,156639,1,0.304,0,0
c372b7e7,Finance,44,50.0,1 Year,32,18,114949,1,0.577,1,0
68c685b1,Manufacturing,49,385.09,1 Year,5,21,1564,3,0.373,5,0
371b26c4,Healthcare,41,1062.33,1 Year,23,14,21704,1,0.907,0,0
66cb3418,E-commerce,1254,12793.38,Month-to-Month,19,639,67160,1,0.653,6,0
fae8780a,Technology,31,50.0,2 Year,98,9,43,1,0.602,0,0
0cd6c397,Technology,70,1267.71,Month-to-Month,34,30,99384,2,0.573,24,0
44438949,Finance,29,459.98,Month-to-Month,21,10,34868,1,0.425,50,1
7b18bee5,Finance,176,1551.9,Month-to-Month,46,55,4529,1,0.84,4,0
7fb51e70,Technology,71,50.0,1 Year,5,26,29211,3,0.634,15,1
b4b83256,Healthcare,35,567.38,Month-to-Month,1,11,33924,2,0.649,22,1
253c6013,Technology,5,50.0,Month-to-Month,29,2,22858,2,0.716,18,0
b87240f7,Technology,78,858.15,1 Year,3,30,30285,1,0.428,8,0
d5790efe,Technology,34,50.0,1 Year,3,18,111002,3,0.999,6,0
094be19d,Healthcare,49,280.67,1 Year,33,14,19582,1,0.914,3,0
d2bd0be5,Technology,9,330.15,Month-to-Month,8,1,162103,0,0.593,0,0
3edbcd81,E-commerce,468,5618.23,1 Year,24,205,58081,1,0.54,35,0
0bea5854,Technology,197,1867.36,1 Year,60,112,113175,5,0.728,0,0
7349118b,Healthcare,466,5381.65,2 Year,10,209,11721,4,0.824,2,0
9cc33fdf,Healthcare,305,3443.67,1 Year,6,93,33848,1,0.95,7,0
a743eab0,Finance,132,1436.89,Month-to-Month,3,39,41668,3,0.729,0,0
3fc320b8,Healthcare,9,50.0,1 Year,4,5,4457,0,0.627,12,0
ea1d818c,E-commerce,867,8184.76,Month-to-Month,2,313,34025,2,0.627,0,0
17abad67,Manufacturing,13,438.77,Month-to-Month,3,3,98647,2,0.224,18,1
7e201864,Finance,36,96.75,Month-to-Month,14,18,2680,2,0.514,25,1
e319fa83,Technology,157,1262.32,2 Year,10,60,51403,1,0.672,11,0
3e71fdcf,Healthcare,169,1599.69,Month-to-Month,30,33,224394,0,0.148,10,0
966cfbeb,Finance,128,1198.08,1 Year,50,77,37478,1,0.636,8,0
73289a14,Healthcare,29,740.38,Month-to-Month,37,13,18074,1,0.438,0,0
7838fb48,Finance,21,50.0,2 Year,19,5,43967,3,0.915,4,0
1e58d645,Manufacturing,2444,24840.62,1 Year,3,1318,38982,1,0.543,9,0
f6cd6ad7,Healthcare,51,729.85,1 Year,30,15,5555,2,0.547,2,0
1b66febb,E-commerce,42,50.0,1 Year,11,12,12058,1,0.573,0,0
61c02dbe,E-commerce,18,327.25,Month-to-Month,3,5,55342,2,0.599,7,0
76925880,Manufacturing,78,50.0,2 Year,45,46,44893,2,0.759,4,0
814b31c9,Healthcare,73,282.39,1 Year,10,44,21104,2,0.531,2,0
6a37dd01,Finance,53,761.54,1 Year,6,18,192051,0,0.605,16,0
d7cd6dc5,Healthcare,96,954.68,1 Year,50,54,51749,4,0.76,12,0
d89e6f18,E-commerce,769,6806.05,2 Year,56,131,13120,2,0.602,10,0
8b2b1bb0,Finance,22,50.0,Month-to-Month,10,10,31855,1,0.731,34,1
e2d546bb,Technology,58,50.0,Month-to-Month,11,31,62168,2,0.511,10,0
4ba85227,E-commerce,20,50.0,2 Year,21,11,55734,1,0.67,13,0
e5202862,E-commerce,84,1129.53,Month-to-Month,32,34,14139,3,0.862,2,0
d2c3b0b3,E-commerce,23,50.0,1 Year,2,10,52184,1,0.72,14,0
875fb37b,Healthcare,24,324.97,Month-to-Month,22,7,20238,3,0.226,7,0
4dce8c35,E-commerce,6,66.82,Month-to-Month,74,2,30578,1,0.711,8,0
600d8368,Manufacturing,63,646.29,1 Year,8,24,55304,2,0.369,1,0
cd5e4735,Technology,104,1551.57,2 Year,58,39,43493,1,0.415,13,0
05d5c97d,Technology,889,8788.54,Month-to-Month,72,456,62366,2,0.698,10,0
07545ca2,Technology,110,1555.33,Month-to-Month,8,46,24050,2,0.406,1,0
9a7cf82f,Healthcare,27,50.0,Month-to-Month,34,15,69716,1,0.378,1,0
0a68a2b2,Finance,7,625.71,2 Year,7,2,789,2,0.599,19,0
a0f5fde1,Healthcare,8,50.0,Month-to-Month,33,4,10410,2,0.477,9,0
b7c84664,Finance,7,50.0,Month-to-Month,39,3,181012,3,0.274,1,0
10b8594b,Healthcare,913,8777.69,2 Year,7,357,4536,0,0.711,2,0
d48626be,E-commerce,84,1381.93,2 Year,31,35,54221,2,0.797,6,0
7f27dcdd,E-commerce,22,50.0,1 Year,41,6,124299,2,0.781,23,0
f027ac95,Technology,12,50.0,Month-to-Month,11,4,98143,2,0.42,7,0
26bef0f9,Technology,15,50.0,Month-to-Month,5,4,121951,1,0.682,1,0
5afc193f,Manufacturing,21,337.7,Month-to-Month,3,11,206474,0,0.501,18,1
a52b66c5,Healthcare,393,4301.8,1 Year,21,143,22101,3,0.347,5,0
799bd138,Healthcare,52,1372.16,Month-to-Month,92,22,20035,2,0.451,11,0
95063ff5,E-commerce,6,1259.91,Month-to-Month,42,1,6440,3,0.036,1,0
f9b9dd3e,Finance,1747,17795.09,Month-to-Month,14,652,11250,3,0.389,14,0
0d23a594,Finance,9,272.83,2 Year,19,3,52903,1,0.307,25,0
77443252,Finance,22,50.0,1 Year,8,10,20109,2,0.641,17,0
8e5fd988,Finance,389,4844.65,1 Year,5,175,20862,0,0.658,0,0
371f7b40,E-commerce,101,1117.7,Month-to-Month,16,50,51912,3,0.262,8,0
c8db343e,E-commerce,26,115.47,2 Year,15,11,5525,4,0.766,8,0
b5d7b1f9,E-commerce,8,273.77,1 Year,18,4,2878,1,0.478,16,0
4fabde47,E-commerce,12,50.0,Month-to-Month,74,5,81186,2,0.386,51,0
6061b611,Finance,14,50.0,2 Year,23,3,77995,0,0.242,26,0
2f200bcc,Finance,55,835.9,Month-to-Month,23,21,24314,3,0.44,1,0
6b663ca6,Finance,72,1391.24,1 Year,4,28,44955,2,0.572,14,0
ea8a897e,Finance,43,708.46,1 Year,120,3,13595,3,0.799,26,0
a571b36c,Technology,51,506.46,Month-to-Month,36,15,22914,5,0.579,5,0
cbaa9e63,Technology,11,116.64,Month-to-Month,51,6,1854,1,0.537,26,0
519c9806,E-commerce,84,926.14,2 Year,13,31,15983,1,0.716,23,0
a4afbd66,Finance,372,3790.83,Month-to-Month,17,144,825,1,0.628,10,0
83243195,E-commerce,42,389.65,1 Year,18,7,27588,1,0.299,23,0
1f295a5e,E-commerce,41,422.67,1 Year,6,10,36669,1,0.513,13,0
49f2d28a,E-commerce,61,1387.51,Month-to-Month,29,27,34192,2,0.485,9,0
1e40efca,E-commerce,292,3156.14,Month-to-Month,56,103,20829,3,0.57,3,0
2ee085a6,E-commerce,14,192.57,Month-to-Month,5,4,11593,1,0.505,8,0
ff081f3e,E-commerce,481,5139.61,Month-to-Month,3,254,30288,1,0.439,11,1
59da3e23,Technology,102,1349.65,2 Year,33,33,101983,6,0.893,7,0
48b65688,Healthcare,56,1033.0,2 Year,8,15,204408,4,0.591,6,0
fff244bb,Technology,336,2981.54,Month-to-Month,24,135,18751,4,0.695,22,1
70d5ed0c,Healthcare,9,50.0,Month-to-Month,29,2,183315,5,0.577,41,0
38c82a0c,Healthcare,119,783.22,Month-to-Month,10,37,28506,0,0.763,12,0
1a1cf74d,Manufacturing,104,1423.36,Month-to-Month,41,40,47501,3,0.582,4,0
84fc8b1a,Manufacturing,13,488.94,1 Year,20,4,81409,0,0.794,22,0
b699eb1a,Healthcare,108,443.38,Month-to-Month,49,25,22269,2,0.026,17,1
93eb4e3c,E-commerce,83,1025.42,2 Year,35,37,11677,1,0.62,13,0
3e4b15be,Finance,41,1096.12,Month-to-Month,49,19,15946,3,0.652,4,0
89cc9730,E-commerce,199,1872.33,2 Year,1,74,91198,0,0.661,9,0
c514f42e,Technology,23,386.99,Month-to-Month,7,10,136266,5,0.383,4,0
38daa465,Manufacturing,81,1175.24,1 Year,3,29,6876,1,0.455,1,0
427aff4f,E-commerce,44,50.0,2 Year,15,9,59292,4,0.391,15,0
37ebdd5c,Finance,21,285.99,Month-to-Month,53,10,1776,2,0.697,12,0
31fcbe3a,E-commerce,116,1796.06,1 Year,16,45,103953,2,0.781,3,0
604f4619,Finance,39,93.4,1 Year,46,16,97185,4,0.271,7,0
7c8067a5,Manufacturing,5,466.23,Month-to-Month,10,1,74494,1,0.641,9,0
1c21ae7a,Technology,5,63.58,Month-to-Month,10,1,86971,0,0.427,16,1
a06e0fd9,E-commerce,178,1442.75,Month-to-Month,55,73,46361,2,0.95,0,0
6ba8eb74,Finance,8,50.0,Month-to-Month,14,3,7967,3,0.713,20,0
05d9b9aa,Finance,83,566.94,1 Year,38,43,122995,1,0.53,4,0
d5bba031,Healthcare,59,145.84,Month-to-Month,7,26,7600,3,0.573,7,0
0d5f3805,Technology,31,182.83,2 Year,72,16,12757,2,0.859,6,0
eb0881d6,E-commerce,1027,10304.21,1 Year,21,565,28335,4,0.611,15,0
18c28da6,Finance,71,626.97,Month-to-Month,35,16,34454,0,0.242,10,0
21f5965c,E-commerce,169,1557.31,Month-to-Month,3,89,5063,4,0.903,13,0
5d0e65f0,Technology,83,943.0,1 Year,17,38,71706,2,0.763,35,0
01334243,Healthcare,38,645.7,Month-to-Month,56,17,7384,0,0.493,15,1
0218df36,Technology,53,50.0,1 Year,51,26,53175,0,0.72,13,0
c96b9c48,Technology,486,4733.8,Month-to-Month,2,181,30072,2,0.477,1,0
b6bed2ba,Manufacturing,279,1803.23,1 Year,9,128,83283,2,0.472,4,0
300326cc,Finance,1020,10118.91,Month-to-Month,15,300,17520,1,0.576,9,0
76e886e2,Finance,76,835.26,1 Year,5,19,90555,2,0.72,3,0
